image,sha256,parent,scene_group,v5_source_split,v5_2_role,folder_split,boxes_before,boxes_after,removed_boxes,positive_after
DJI_0327_0_0.jpg,59ab45f0a875de49944794d935ff167906e70c6914ae920d963b8aeed0141b46,DJI_0327,scene_05_DJI_0327-0339,test,id_val,val,0,0,0,0
DJI_0327_0_1.jpg,da55d21962d20a567c91723273e61777c611b2c8f34bc675cff34e098938944d,DJI_0327,scene_05_DJI_0327-0339,test,id_val,val,0,0,0,0
DJI_0327_0_2.jpg,4f5066ae9fe386e0589269dbc242f367fabbb55ed85c0cf9ce34778c10c94250,DJI_0327,scene_05_DJI_0327-0339,test,id_val,val,0,0,0,0
DJI_0327_0_3.jpg,c6b3f90c599dbdb9ef2d3ab76fe89fa451d4992ff03cb13bcc299ef238593c27,DJI_0327,scene_05_DJI_0327-0339,test,id_val,val,0,0,0,0
DJI_0327_0_4.jpg,4c6c6efd016eaf8aad910b2545aa62d91a8dbe05a3ee6817c28a77053a6e8d85,DJI_0327,scene_05_DJI_0327-0339,test,id_val,val,0,0,0,0
DJI_0327_1_0.jpg,d2e79e3de06f6faf3ba380e47d8c7724c9ddaf9abf59c62c92ab0cfe055d045d,DJI_0327,scene_05_DJI_0327-0339,test,id_val,val,0,0,0,0
DJI_0327_1_1.jpg,817a92eb459b27ab41b50ca93bb10d68f64de7f8ca1ca4daf86953b4ec424ca1,DJI_0327,scene_05_DJI_0327-0339,test,id_val,val,1,1,0,1
DJI_0327_1_2.jpg,7cdf040e0a4ce5358bcab9322c3edbcd471c755125e9a295aa3b20e3734dc9e9,DJI_0327,scene_05_DJI_0327-0339,test,id_val,val,0,0,0,0
DJI_0327_1_3.jpg,042e042661d73cdc616af286139bca413f96f5918c92239fff668be1d4f45292,DJI_0327,scene_05_DJI_0327-0339,test,id_val,val,0,0,0,0
DJI_0327_1_4.jpg,5ff4cb1acbcb921ae1adf3df5bfb657491806e0dfb24fc35979013cc61f4f5f6,DJI_0327,scene_05_DJI_0327-0339,test,id_val,val,0,0,0,0
DJI_0328_0_0.jpg,a2962fad3d5e7f02e859b30c1f1abeb40a7c92cd5db93bdba91bc4f00e86e7ef,DJI_0328,scene_05_DJI_0327-0339,test,id_val,val,0,0,0,0
DJI_0328_0_1.jpg,8b681b47b8271974a6e96c5e89c66d78028880fcceba781a1bdfcfda36b1fbb0,DJI_0328,scene_05_DJI_0327-0339,test,id_val,val,0,0,0,0
DJI_0328_0_2.jpg,3b5abe881dfbc36fe9204d3ce375d171058e695af3b457b4a088d9ffd09f20ac,DJI_0328,scene_05_DJI_0327-0339,test,id_val,val,0,0,0,0
DJI_0328_0_3.jpg,1bdbefc09ae653a87fceef653827a509e679292117bbe7e0ae4c82d72df61915,DJI_0328,scene_05_DJI_0327-0339,test,id_val,val,0,0,0,0
DJI_0328_0_4.jpg,6ccc04067151ebc71c1c751d51aa9ccd995275c244df86e3f930e6781e81d087,DJI_0328,scene_05_DJI_0327-0339,test,id_val,val,0,0,0,0
DJI_0328_1_0.jpg,d1bcf960a791c117602c04b53de97802970a0e6fc00b17ea4a575181ce1d696c,DJI_0328,scene_05_DJI_0327-0339,test,id_val,val,0,0,0,0
DJI_0328_1_1.jpg,fb349f0b24b5fb40d86d23e4d8184ada2a297070d66a13614184e8a15b57448a,DJI_0328,scene_05_DJI_0327-0339,test,id_val,val,0,0,0,0
DJI_0328_1_2.jpg,7216afd8b429e4cebe877ebb4b9a87f70f60b86c0a98fc75df4649fd396a09f8,DJI_0328,scene_05_DJI_0327-0339,test,id_val,val,1,1,0,1
DJI_0328_1_3.jpg,f184aec750706cb55b2bd0fb51a4db91f97d45093bf04be72da1b3c7546b9a56,DJI_0328,scene_05_DJI_0327-0339,test,id_val,val,0,0,0,0
DJI_0328_1_4.jpg,d8c172d1138c3c7d0a75510f12d649937b4f22545c4b78f530487f67566ddae1,DJI_0328,scene_05_DJI_0327-0339,test,id_val,val,0,0,0,0
DJI_0329_0_0.jpg,ac134c218706b93741ee459b8f101fef69c94caabf19946a8cf0d4dcb21fcab6,DJI_0329,scene_05_DJI_0327-0339,test,id_val,val,0,0,0,0
DJI_0329_0_1.jpg,1c1dc4f3ca078bce8415c918c6d3bc14171737c00b1db5bf54efa35f1904b986,DJI_0329,scene_05_DJI_0327-0339,test,id_val,val,0,0,0,0
DJI_0329_0_2.jpg,71370d9635bbea69c1919ef2b7427a1abeb5c6d3fd88cfc973eb9a88619367ba,DJI_0329,scene_05_DJI_0327-0339,test,id_val,val,0,0,0,0
DJI_0329_0_3.jpg,be5b04406a9544e0eabf929179e1582d8e2cc846f772dd91a161462d6c9abe7b,DJI_0329,scene_05_DJI_0327-0339,test,id_val,val,0,0,0,0
DJI_0329_0_4.jpg,7bea70a9b5b833f7aac657879c2105ae513e73d9eef50cf0bbd72ccb9902186f,DJI_0329,scene_05_DJI_0327-0339,test,id_val,val,0,0,0,0
DJI_0329_1_0.jpg,3a9e42cf2fdfc3818d8909a155b43a5e3083329d44e41da7c8e54ea546ec5c24,DJI_0329,scene_05_DJI_0327-0339,test,id_val,val,0,0,0,0
DJI_0329_1_1.jpg,f2b16d85b0ac2db200da24d74ec6c29d8f1cd2ddb4f40e857f448613b66a3e6d,DJI_0329,scene_05_DJI_0327-0339,test,id_val,val,0,0,0,0
DJI_0329_1_2.jpg,c77599efdc4c51c4aff3e943c10d8f5053d89170978faf2777ba28f051903628,DJI_0329,scene_05_DJI_0327-0339,test,id_val,val,1,1,0,1
DJI_0329_1_3.jpg,fe4e3fde9e2c62cd090a909734dd56175676bb1c70a0badcdec6991b9999ee71,DJI_0329,scene_05_DJI_0327-0339,test,id_val,val,0,0,0,0
DJI_0329_1_4.jpg,4ad8f108b1ec0952d5ecb2d81da0daa89542ac5c038e5b2ae8bc231c871eb9e5,DJI_0329,scene_05_DJI_0327-0339,test,id_val,val,0,0,0,0
DJI_0330_0_0.jpg,be9c40d71a2641d025b72e0b6a151f2253c5c0862566630d09cc35c134b6ea91,DJI_0330,scene_05_DJI_0327-0339,test,id_val,val,0,0,0,0
DJI_0330_0_1.jpg,a387b227b5d36127092d1198ae52c8d52cbab5c9ba0b8a9101ad3297e9c34eac,DJI_0330,scene_05_DJI_0327-0339,test,id_val,val,0,0,0,0
DJI_0330_0_2.jpg,93dc7f3f40a8ba14ee3cd64a344db8ab8567b04b7827d43a72007e0c48a6babf,DJI_0330,scene_05_DJI_0327-0339,test,id_val,val,0,0,0,0
DJI_0330_0_3.jpg,76eabd110fe78f523006fd607c1b1100356ee8a35c03f2cb5b966006ec5f0bbe,DJI_0330,scene_05_DJI_0327-0339,test,id_val,val,0,0,0,0
DJI_0330_0_4.jpg,9df295234fa9895a301fc00f0dcf7e1dfe831180bf38c46db42c938ed34b9379,DJI_0330,scene_05_DJI_0327-0339,test,id_val,val,0,0,0,0
DJI_0330_1_0.jpg,70a3400fc9b7cfa7747441f9945c5f2adc77caef72d3801e0f672689156d22f5,DJI_0330,scene_05_DJI_0327-0339,test,id_val,val,0,0,0,0
DJI_0330_1_1.jpg,af0e0df99c296f99f61831341b053708ec25777e18eb8ed365216c1f8a89d1e7,DJI_0330,scene_05_DJI_0327-0339,test,id_val,val,0,0,0,0
DJI_0330_1_2.jpg,c8749d1752de50d7bef5fe64d7db5957185c85e96cf4fec47fa87c78b00224d7,DJI_0330,scene_05_DJI_0327-0339,test,id_val,val,1,1,0,1
DJI_0330_1_3.jpg,03c50c6dbfb65683ac12efd7b4938b9ac77cd1df80ff1f48b2919b1ef3947df1,DJI_0330,scene_05_DJI_0327-0339,test,id_val,val,0,0,0,0
DJI_0330_1_4.jpg,e2edc708c394f87a9a3bc728f7cad54d974aecb49c64fd14b24b4eee68361c9a,DJI_0330,scene_05_DJI_0327-0339,test,id_val,val,0,0,0,0
DJI_0331_0_0.jpg,7bedc492338845fae613c7130a37f9def69782f6a03005b957457169a5456035,DJI_0331,scene_05_DJI_0327-0339,test,id_val,val,0,0,0,0
DJI_0331_0_1.jpg,d03f2078feb539f5791bbeb920fa149780ef1e250e16e2edf0d3aec912297502,DJI_0331,scene_05_DJI_0327-0339,test,id_val,val,0,0,0,0
DJI_0331_0_2.jpg,576fccd5cb44b8e5d833a7206cd7369cbab15804f364a97a313eb82e06e56560,DJI_0331,scene_05_DJI_0327-0339,test,id_val,val,1,1,0,1
DJI_0331_0_3.jpg,a2edaf6b6eb71a45725499f34a9abcc87dadd10ef2219fbd5a028cdf77d0cd40,DJI_0331,scene_05_DJI_0327-0339,test,id_val,val,0,0,0,0
DJI_0331_0_4.jpg,30c293dbb392930b39edc5ee4a11b9593f735747395d4323c5ad9d3478c79da0,DJI_0331,scene_05_DJI_0327-0339,test,id_val,val,0,0,0,0
DJI_0331_1_0.jpg,c018841a497a1de4e50fa2ea92d47553003b08890898ec6bf92cde40468f4606,DJI_0331,scene_05_DJI_0327-0339,test,id_val,val,0,0,0,0
DJI_0331_1_1.jpg,a220925811a0f21f0741c0c65dcb52b72fc5e0fc60f5a0dbb2491b64f382d3c4,DJI_0331,scene_05_DJI_0327-0339,test,id_val,val,0,0,0,0
DJI_0331_1_2.jpg,18fecd4d552ac857a58468dcf766f0f286e63a457deae6f06c8f426f587c9e3e,DJI_0331,scene_05_DJI_0327-0339,test,id_val,val,1,0,1,0
DJI_0331_1_3.jpg,d78c24937648d060940c46843305c2d17b7415afc535c7fe27739a9837ab45c9,DJI_0331,scene_05_DJI_0327-0339,test,id_val,val,0,0,0,0
DJI_0331_1_4.jpg,cd6711db7787e729ee1b5c1505642975dc75fae9f315c66fe1f7ba581b626e88,DJI_0331,scene_05_DJI_0327-0339,test,id_val,val,0,0,0,0
DJI_0332_0_0.jpg,384810a5d849c36fb41f8b2085dc3ce574aac81554049874e174de5eda03d441,DJI_0332,scene_05_DJI_0327-0339,test,id_val,val,0,0,0,0
DJI_0332_0_1.jpg,315c010187af669b0e8a2e2ab120f078c2057887bbb8bbfa521b6ffe0caef286,DJI_0332,scene_05_DJI_0327-0339,test,id_val,val,0,0,0,0
DJI_0332_0_2.jpg,b27f8d44a4e32814b459f0cd9200c162cbd0aad594b12816c6bd05d5e1b0a380,DJI_0332,scene_05_DJI_0327-0339,test,id_val,val,0,0,0,0
DJI_0332_0_3.jpg,baa7019ee06d64ead12293fdd256a3c9c1a79dbff87fe886f9c9dd3e28b616dc,DJI_0332,scene_05_DJI_0327-0339,test,id_val,val,1,1,0,1
DJI_0332_0_4.jpg,2bf958c44e226f93a1044a23e1d0f844e01fd37a4b230573bb0a2e34ec47c55a,DJI_0332,scene_05_DJI_0327-0339,test,id_val,val,0,0,0,0
DJI_0332_1_0.jpg,bf80bf8fd64370f1b941b27243ed911cb7982900f32f18a02ae380a31475b244,DJI_0332,scene_05_DJI_0327-0339,test,id_val,val,0,0,0,0
DJI_0332_1_1.jpg,796c398ab3d5ef347942a00d88f7145702ee4de9786d66505b1b2291453fa757,DJI_0332,scene_05_DJI_0327-0339,test,id_val,val,0,0,0,0
DJI_0332_1_2.jpg,5238c9cd5f7f9103d3b604494d071e833933cfc458a177e3c0075ebd5052fe54,DJI_0332,scene_05_DJI_0327-0339,test,id_val,val,1,1,0,1
DJI_0332_1_3.jpg,2825b12febf9c8800902f99932bef82eb381cf5e5128365a195ceb30ac85d180,DJI_0332,scene_05_DJI_0327-0339,test,id_val,val,0,0,0,0
DJI_0332_1_4.jpg,f96fd6900bd3058b3cc7fed4e69f8386a28c6bcca007e6367636166f096e28e8,DJI_0332,scene_05_DJI_0327-0339,test,id_val,val,0,0,0,0
DJI_0333_0_0.jpg,6250408dda202de5e8eae24b912870c1531c863ac1d357c40ade2112d521a71f,DJI_0333,scene_05_DJI_0327-0339,test,id_val,val,0,0,0,0
DJI_0333_0_1.jpg,93bd491e8c1cfc34c1e87c1da5c0aaeecbd688e0e57f660e7e263081a79bf920,DJI_0333,scene_05_DJI_0327-0339,test,id_val,val,0,0,0,0
DJI_0333_0_2.jpg,052679015c88d4a2bb4b6a29d509b2db2fd2edc12feb65cafa762c2dfe7b1414,DJI_0333,scene_05_DJI_0327-0339,test,id_val,val,0,0,0,0
DJI_0333_0_3.jpg,af46591b9cc4dfa6469f13f6f810e6d227b175ceb7f6d88820af4a08845dae4d,DJI_0333,scene_05_DJI_0327-0339,test,id_val,val,0,0,0,0
DJI_0333_0_4.jpg,639147ee7488e9a36aa2164f3035dff5d29137b95ce4fe1f2b59603f14f68d28,DJI_0333,scene_05_DJI_0327-0339,test,id_val,val,1,1,0,1
DJI_0333_1_0.jpg,1c8b1c2a5f76014739b88af966aaf950e168008dca2bc34ad9e4a803836836f3,DJI_0333,scene_05_DJI_0327-0339,test,id_val,val,0,0,0,0
DJI_0333_1_1.jpg,47962cb8c9d6ab292a1c382929b88f43b1a503e26bee5d8250d4f804813e6fb6,DJI_0333,scene_05_DJI_0327-0339,test,id_val,val,0,0,0,0
DJI_0333_1_2.jpg,32eb1a6e65fa18707dd73ba667dbdbedea245f791d651712e2394f69162d24e8,DJI_0333,scene_05_DJI_0327-0339,test,id_val,val,0,0,0,0
DJI_0333_1_3.jpg,6301e893acaa8aed9bea246617b1834cf706b07179eca90fef8447696c098e0a,DJI_0333,scene_05_DJI_0327-0339,test,id_val,val,1,1,0,1
DJI_0333_1_4.jpg,a7e165d4f63856995c8b15acc1d22ae55e0558a8e483b20bd0a96f6c8b14d34f,DJI_0333,scene_05_DJI_0327-0339,test,id_val,val,0,0,0,0
DJI_0334_0_0.jpg,54ca451cb3540d4d215a7391d371e309a12fc69e3bbab6a9ba31f48039f6e422,DJI_0334,scene_05_DJI_0327-0339,test,id_val,val,0,0,0,0
DJI_0334_0_1.jpg,b998b9fe681fef8f3fbc223b80e731fe54391b0612ac377639f2f7d469c86e4d,DJI_0334,scene_05_DJI_0327-0339,test,id_val,val,0,0,0,0
DJI_0334_0_2.jpg,3fc58781aa0939d76658ec4facbe5b6dc2e72bfd7c7d32110ca2466eb6e17928,DJI_0334,scene_05_DJI_0327-0339,test,id_val,val,0,0,0,0
DJI_0334_0_3.jpg,8679b56a9337d1d3bc7756758adceefd32d8d99af5cfc32439272fe2db64114a,DJI_0334,scene_05_DJI_0327-0339,test,id_val,val,0,0,0,0
DJI_0334_0_4.jpg,f963f90399c10d09a8e54bd54fa7edb79290b5a37ef2b2854c4435711d3387f1,DJI_0334,scene_05_DJI_0327-0339,test,id_val,val,1,1,0,1
DJI_0334_1_0.jpg,fbee9e40f9293459fe3989ee17fced8560bbb318923c93020b5e130f73442be5,DJI_0334,scene_05_DJI_0327-0339,test,id_val,val,0,0,0,0
DJI_0334_1_1.jpg,81355efab4c1b7ba81babddf65aff0c63d5de4c3fe5348edd85ec0acfbe22847,DJI_0334,scene_05_DJI_0327-0339,test,id_val,val,0,0,0,0
DJI_0334_1_2.jpg,3b0f0387a56c637946425351661128d6218795e046aac5fd1b96854aee947065,DJI_0334,scene_05_DJI_0327-0339,test,id_val,val,0,0,0,0
DJI_0334_1_3.jpg,ac73851aeb3384414021426d0feaff28013c5a7d6bde99954ceea78530a39efd,DJI_0334,scene_05_DJI_0327-0339,test,id_val,val,1,1,0,1
DJI_0334_1_4.jpg,0d88544dcce7f986952df6f434282ea34eb12fe5b7d41511f84538bd9bea8df7,DJI_0334,scene_05_DJI_0327-0339,test,id_val,val,0,0,0,0
DJI_0335_0_0.jpg,cad18d26233ad16d43eafe89c5a7bdba9a6504b21000829cf23f746911873e11,DJI_0335,scene_05_DJI_0327-0339,test,id_val,val,0,0,0,0
DJI_0335_0_1.jpg,dc52b66be80dbdcd6caa6a3c1032f2568e474fc89a79c9554b355a3e03d8e5b2,DJI_0335,scene_05_DJI_0327-0339,test,id_val,val,0,0,0,0
DJI_0335_0_2.jpg,b12bce37a868dba000d6ed0fdd13605443f2f6867c8fd2dd3780047395239ebf,DJI_0335,scene_05_DJI_0327-0339,test,id_val,val,0,0,0,0
DJI_0335_0_3.jpg,7cc245772806d37074a416a84cbac8e2c942ff9f7787e072e08bf9e5e2ef1edb,DJI_0335,scene_05_DJI_0327-0339,test,id_val,val,1,1,0,1
DJI_0335_0_4.jpg,9bda00a46a40061ed12de47b71e2b733a9734af8aea3d6bb8822ef305ef0763e,DJI_0335,scene_05_DJI_0327-0339,test,id_val,val,0,0,0,0
DJI_0335_1_0.jpg,97875e1bbde8254bb2372839edd511e1986f31dc3bbe840df6041cd65d9004c7,DJI_0335,scene_05_DJI_0327-0339,test,id_val,val,0,0,0,0
DJI_0335_1_1.jpg,95efc0af9d9c5b764638260aff94e3021283386064b746e16d3e87923d2cb2c3,DJI_0335,scene_05_DJI_0327-0339,test,id_val,val,0,0,0,0
DJI_0335_1_2.jpg,ad735cfa08ac50e43439fa12e1eb6905f751b7129fc02f2435871d395362c0ae,DJI_0335,scene_05_DJI_0327-0339,test,id_val,val,1,1,0,1
DJI_0335_1_3.jpg,85d87576ce88d696d32344cc1a6141521a061b65080ff45c007fbe299f5a93bc,DJI_0335,scene_05_DJI_0327-0339,test,id_val,val,1,1,0,1
DJI_0335_1_4.jpg,50a7207baec3cf247b15755bf0299b19a9d73b1abb84df02ac18bdb7cfeb2caa,DJI_0335,scene_05_DJI_0327-0339,test,id_val,val,0,0,0,0
DJI_0336_0_0.jpg,49077d29f120dc7acd892de8103bed68e76328df1532ec7f9b388c5bd98063a6,DJI_0336,scene_05_DJI_0327-0339,test,id_val,val,0,0,0,0
DJI_0336_0_1.jpg,28975c5b9b80eef7acebd6fcd00f6db917dbc12649accdeeabc741f92b8028cf,DJI_0336,scene_05_DJI_0327-0339,test,id_val,val,0,0,0,0
DJI_0336_0_2.jpg,cfe8c81276958167c31a4f30161b37c83db2448e9c9cf2794b7b565fa3efd372,DJI_0336,scene_05_DJI_0327-0339,test,id_val,val,0,0,0,0
DJI_0336_0_3.jpg,f919e52f3f2e453cdece3795a27374884991c162c6e29e9c2a64d95fcd297fd4,DJI_0336,scene_05_DJI_0327-0339,test,id_val,val,0,0,0,0
DJI_0336_0_4.jpg,13bf5f12280aad685fd8de811d2c7f3c07b3dc8af09dc00ea6ca7f1eb1e6ae5d,DJI_0336,scene_05_DJI_0327-0339,test,id_val,val,1,1,0,1
DJI_0336_1_0.jpg,b6d1830ecd14125905f1c85bf0e4c728d3a15a4d6fab0a0fd974702e55f4e4bc,DJI_0336,scene_05_DJI_0327-0339,test,id_val,val,0,0,0,0
DJI_0336_1_1.jpg,44bf48fcbafdad0fe6182e04512ce933cf4dae64097e8ca0c1a2b74f03982408,DJI_0336,scene_05_DJI_0327-0339,test,id_val,val,0,0,0,0
DJI_0336_1_2.jpg,2e0e45dc5949b1980a4b0a6b6a4013742fc60e1191de5bcd7cc9fa7582c81a24,DJI_0336,scene_05_DJI_0327-0339,test,id_val,val,0,0,0,0
DJI_0336_1_3.jpg,5ce70ca2c31ce39ea0b4a09368a02c3541ed2e1cf4803cda36dbfa0fd33f070c,DJI_0336,scene_05_DJI_0327-0339,test,id_val,val,1,1,0,1
DJI_0336_1_4.jpg,96850d2455aea599908c823d490a0e0866ee1eebf79c6371c68250d1cb4770bd,DJI_0336,scene_05_DJI_0327-0339,test,id_val,val,0,0,0,0
DJI_0337_0_0.jpg,3c4fa1a4426f63c7032bd57bf281fc7d6c7e23ea64c9665addc931a5310974b3,DJI_0337,scene_05_DJI_0327-0339,test,id_val,val,0,0,0,0
DJI_0337_0_1.jpg,356e315ea2ea553182ec1f5f0c519b59bd05007499aded3c54912f981665005d,DJI_0337,scene_05_DJI_0327-0339,test,id_val,val,0,0,0,0
DJI_0337_0_2.jpg,3332c767d5158a4a878333c9130ff671e6bd32daffe36bc129179dd01e0cb311,DJI_0337,scene_05_DJI_0327-0339,test,id_val,val,0,0,0,0
DJI_0337_0_3.jpg,d9b21c2cbea4478886130d5fca041324f971a3a6d83a2feb01b194dc6c1d7443,DJI_0337,scene_05_DJI_0327-0339,test,id_val,val,0,0,0,0
DJI_0337_0_4.jpg,abb3c0cb3d071464544732bc9cfbb865d0bb991fb353d328edcb942d90f5c5e0,DJI_0337,scene_05_DJI_0327-0339,test,id_val,val,1,1,0,1
DJI_0337_1_0.jpg,a44f72710da27b0db10147c6b2a72320456660b2ea031e52450a4e920c7d2195,DJI_0337,scene_05_DJI_0327-0339,test,id_val,val,0,0,0,0
DJI_0337_1_1.jpg,bfe2ca5bade2f67cab400661ea99e2d825384a75d1318a717fc9140c598565fe,DJI_0337,scene_05_DJI_0327-0339,test,id_val,val,0,0,0,0
DJI_0337_1_2.jpg,b64af07db97f90d373aa64d47845019921110bbcbdf3f89dfa5be79b8b628274,DJI_0337,scene_05_DJI_0327-0339,test,id_val,val,0,0,0,0
DJI_0337_1_3.jpg,9c64c70878856f59ad7ce3a288f8cdbda7062a3916bff435ebd8d84b50ffd419,DJI_0337,scene_05_DJI_0327-0339,test,id_val,val,1,1,0,1
DJI_0337_1_4.jpg,53555074c9b20e53b53de4fa192128afeb9de52176b338f9bf6d50c9f699d9f1,DJI_0337,scene_05_DJI_0327-0339,test,id_val,val,1,1,0,1
DJI_0338_0_0.jpg,10d5caeab1df25953a8c4e96d4bf3d1ccad1c8eccb252e2155a84d51733054b3,DJI_0338,scene_05_DJI_0327-0339,test,id_val,val,0,0,0,0
DJI_0338_0_1.jpg,830e5182daf7d9ca4a2b9cf1aa9ad3f96d425fb5d0ce215a39dc73ee1b10f589,DJI_0338,scene_05_DJI_0327-0339,test,id_val,val,0,0,0,0
DJI_0338_0_2.jpg,76a5e44c1a38819a46edaf76c5d0407b6f6feec0fcdde2f64f188879c4fd502c,DJI_0338,scene_05_DJI_0327-0339,test,id_val,val,0,0,0,0
DJI_0338_0_3.jpg,1759154e675ba61098fcc645ca7e7c5ed1ea5e0725015de31d9654fcff2c6b03,DJI_0338,scene_05_DJI_0327-0339,test,id_val,val,1,1,0,1
DJI_0338_0_4.jpg,de52e4bb4fe1f39043aa07f88ed15195ee71c0c112e945d457788fabd6f74d1c,DJI_0338,scene_05_DJI_0327-0339,test,id_val,val,1,1,0,1
DJI_0338_1_0.jpg,d9ab4c002d859a1cc38600d3583d61ef97e463ce578d093852284cab21bab43d,DJI_0338,scene_05_DJI_0327-0339,test,id_val,val,0,0,0,0
DJI_0338_1_1.jpg,f646dd25d45d8764aa5d2035676635254344aa64b745ab0eab58b5e789158f71,DJI_0338,scene_05_DJI_0327-0339,test,id_val,val,0,0,0,0
DJI_0338_1_2.jpg,2ccc0113d6346ae04634bc51aec44e65e4a2ac2104305ce822e9e83251966bec,DJI_0338,scene_05_DJI_0327-0339,test,id_val,val,0,0,0,0
DJI_0338_1_3.jpg,ab3a86818f3ca3c93316af0fb8d85c9e9fc8585e25500a38ceb0690ffb76c6e3,DJI_0338,scene_05_DJI_0327-0339,test,id_val,val,0,0,0,0
DJI_0338_1_4.jpg,e4352d760fbd552cb86d93b58c7c86fe91863c0ed920407c5a461b4c3b9e8570,DJI_0338,scene_05_DJI_0327-0339,test,id_val,val,0,0,0,0
DJI_0339_0_0.jpg,d6f57ff155c69dc52f441c8880d39f225d19b1eac50fa84a542db3c7403400a7,DJI_0339,scene_05_DJI_0327-0339,test,id_val,val,0,0,0,0
DJI_0339_0_1.jpg,ac96417645031b120fff4781c1fceebde03da9d7ed971bc930384facbe277ec8,DJI_0339,scene_05_DJI_0327-0339,test,id_val,val,0,0,0,0
DJI_0339_0_2.jpg,53988b1a490ce3e35c3b580b1e1a2dab5b965975bfa997d1b85a2285699cb05a,DJI_0339,scene_05_DJI_0327-0339,test,id_val,val,0,0,0,0
DJI_0339_0_3.jpg,3ac7fef0c910709a98f1ca32ae043ab800633de070052506a55f3da09be7943c,DJI_0339,scene_05_DJI_0327-0339,test,id_val,val,0,0,0,0
DJI_0339_0_4.jpg,0b304ca4429422c4ee76c2f045935010fe3430808ff222f52dead54cc17f13d0,DJI_0339,scene_05_DJI_0327-0339,test,id_val,val,1,1,0,1
DJI_0339_1_0.jpg,b99545f80a1a44f980c12e2c2e145de4bbc8af7e0878f84d66e370817a9c9d61,DJI_0339,scene_05_DJI_0327-0339,test,id_val,val,0,0,0,0
DJI_0339_1_1.jpg,6ef3a800bcaf00a011bdc98d4f68e13cef36a40730c9906791a07a258280dec7,DJI_0339,scene_05_DJI_0327-0339,test,id_val,val,0,0,0,0
DJI_0339_1_2.jpg,efeb20a0a4b2d6ce766dc9a37e76ab180589111eef4a3f9341f1704a804da7cd,DJI_0339,scene_05_DJI_0327-0339,test,id_val,val,0,0,0,0
DJI_0339_1_3.jpg,aa2306e3332aefa266e5d60da16a2009927d2dcc0db882e03c2ff0fca257eeed,DJI_0339,scene_05_DJI_0327-0339,test,id_val,val,0,0,0,0
DJI_0339_1_4.jpg,47f4bfb7c6715a9288b2dd60df7e92ddda4bd970b246cc0d20087b4a3dd6277e,DJI_0339,scene_05_DJI_0327-0339,test,id_val,val,0,0,0,0
DJI_0615_0_0.jpg,9897b63f13d7cbec433ee571bcbbc65d0455bcf00e7c1aaf8b3c87039dcbf2df,DJI_0615,scene_09_DJI_0615-0628,test,ood_test,test,0,0,0,0
DJI_0615_0_1.jpg,3881e241201d3360d543e9feece820954e4bd0453b3858cd519e9f1d6c97fe77,DJI_0615,scene_09_DJI_0615-0628,test,ood_test,test,0,0,0,0
DJI_0615_0_2.jpg,b116bea1b82adbc304bab4cd59da5c78c74983d9c8e0214762a05850bf561873,DJI_0615,scene_09_DJI_0615-0628,test,ood_test,test,3,3,0,1
DJI_0615_0_3.jpg,fb26c4021186745b73c3febe804975f4565723a05dabab5caf8c1b44a87262fa,DJI_0615,scene_09_DJI_0615-0628,test,ood_test,test,0,0,0,0
DJI_0615_0_4.jpg,4df0cf895b8501754fd1757fdd7aea2878d55f14d81884f35e2fe3dd30c09a4e,DJI_0615,scene_09_DJI_0615-0628,test,ood_test,test,0,0,0,0
DJI_0615_1_0.jpg,d8934a33b92918cf05c351ef8255965e1df095b45070a3b69b492805563f3427,DJI_0615,scene_09_DJI_0615-0628,test,ood_test,test,0,0,0,0
DJI_0615_1_1.jpg,307c34575978928e71e7db597b80032e1f4b01c86a91a6c51a3e405fe4fbd7b4,DJI_0615,scene_09_DJI_0615-0628,test,ood_test,test,2,2,0,1
DJI_0615_1_2.jpg,e8a2d241046067a85510c20595caa7d62b3395018f5b7cc6cd48158e216bf9e6,DJI_0615,scene_09_DJI_0615-0628,test,ood_test,test,0,0,0,0
DJI_0615_1_3.jpg,68fb1aaa50ab0a3ba36597e452324c933a82f91a421a72e3c7e3dc1a6064cf1a,DJI_0615,scene_09_DJI_0615-0628,test,ood_test,test,0,0,0,0
DJI_0615_1_4.jpg,fa20f89adb57c5043965ef768294a622f784ef72f0d29cfeb729d26849e70bf1,DJI_0615,scene_09_DJI_0615-0628,test,ood_test,test,0,0,0,0
DJI_0616_0_0.jpg,e7335b0a6940cc553b3aba1867ab0efb3ffc164e60cacbb9f432cccb365f89d6,DJI_0616,scene_09_DJI_0615-0628,test,ood_test,test,0,0,0,0
DJI_0616_0_1.jpg,e810b8e630840a60d5afefe48741a0fd2d56123433cbd8b4e8b562b8f6bde273,DJI_0616,scene_09_DJI_0615-0628,test,ood_test,test,0,0,0,0
DJI_0616_0_2.jpg,5003f2339ff79dcb8bf1235635489a41c36dbee8da2ae5da49d40894094ebbdf,DJI_0616,scene_09_DJI_0615-0628,test,ood_test,test,2,2,0,1
DJI_0616_0_3.jpg,eda3b64e4899a8a45667d6b5db0428d5157da527d14ffc5de70b5a3159b46bdf,DJI_0616,scene_09_DJI_0615-0628,test,ood_test,test,0,0,0,0
DJI_0616_0_4.jpg,664ae32c00e89c478fb37511f484a3d0f8a482e26f7204d3771fb28bd161cb12,DJI_0616,scene_09_DJI_0615-0628,test,ood_test,test,0,0,0,0
DJI_0616_1_0.jpg,5610b534090059d7c09b653452066ce8d679c96eecd35d904ce37fc3b8b28caf,DJI_0616,scene_09_DJI_0615-0628,test,ood_test,test,0,0,0,0
DJI_0616_1_1.jpg,e4686e356420ef36101050cf47c877f58dadb5004f4960a808018fed2c1510df,DJI_0616,scene_09_DJI_0615-0628,test,ood_test,test,2,2,0,1
DJI_0616_1_2.jpg,3c42b030f5c2cf52d8a64145e910286080f54df8ad5b4b3f339cac092204d567,DJI_0616,scene_09_DJI_0615-0628,test,ood_test,test,0,0,0,0
DJI_0616_1_3.jpg,d032fdb30a1a8c18c55ff268f5de5da37f0dd6bd143786171c49755f45e9e004,DJI_0616,scene_09_DJI_0615-0628,test,ood_test,test,0,0,0,0
DJI_0616_1_4.jpg,ee510484b926781b36cc4eaa3a531e5662b06c75213e3fa6abf9c9766214ddc9,DJI_0616,scene_09_DJI_0615-0628,test,ood_test,test,0,0,0,0
DJI_0617_0_0.jpg,3cd3c82ef5a79a4f37e2df13fcbf14395f657419332422c9b807d74665666e52,DJI_0617,scene_09_DJI_0615-0628,test,ood_test,test,0,0,0,0
DJI_0617_0_1.jpg,5605755965540130975d8a28000af31354a8dd03bdcd71d7f7f43545a33e0657,DJI_0617,scene_09_DJI_0615-0628,test,ood_test,test,1,0,1,0
DJI_0617_0_2.jpg,0f0263db6fddb95101dcbdfa8a3ea27fd22444c1bc4494e6dddd3b452c827fbd,DJI_0617,scene_09_DJI_0615-0628,test,ood_test,test,2,2,0,1
DJI_0617_0_3.jpg,7f381a97f574dc97baea7669882b89b3baf2af8f0db8a4f54873c8456ea7b6ab,DJI_0617,scene_09_DJI_0615-0628,test,ood_test,test,0,0,0,0
DJI_0617_0_4.jpg,edbdff469ad2c7696fee95bb1f1a78e92e38e6edb18a28506756c2a2e62fbb30,DJI_0617,scene_09_DJI_0615-0628,test,ood_test,test,0,0,0,0
DJI_0617_1_0.jpg,1dd236ed53d37aeb53914aeda067b6f9376233061ba0aa2fb12ede43dd1f1ca3,DJI_0617,scene_09_DJI_0615-0628,test,ood_test,test,0,0,0,0
DJI_0617_1_1.jpg,0dd86dbe0ce17496ef6d62f4200b2a2604b51f0c46a95c0b9129f2627697caa6,DJI_0617,scene_09_DJI_0615-0628,test,ood_test,test,2,2,0,1
DJI_0617_1_2.jpg,95a9acc987ed995d3be742a89ab9096ab89a50bfb9108ad07be118ff162d1b6a,DJI_0617,scene_09_DJI_0615-0628,test,ood_test,test,0,0,0,0
DJI_0617_1_3.jpg,c5bda8ee1df9dc93d7505efd3ebeb46fce90c06d8fa7d61a1e45a8231f99e180,DJI_0617,scene_09_DJI_0615-0628,test,ood_test,test,0,0,0,0
DJI_0617_1_4.jpg,b56edddf45f84ce69e469586dbaa5e11029aae6ec0bdbf80043dd39c0a2794ef,DJI_0617,scene_09_DJI_0615-0628,test,ood_test,test,0,0,0,0
DJI_0618_0_0.jpg,ae94c0fdfaeb677872234541ac6e69da4dd46a32ddf81d448ed0f5d9cc7b8878,DJI_0618,scene_09_DJI_0615-0628,test,ood_test,test,0,0,0,0
DJI_0618_0_1.jpg,2f831159486e41151725d796953e69e437ae8a4dbcfe9b1b5a8cc91f2c657bf0,DJI_0618,scene_09_DJI_0615-0628,test,ood_test,test,0,0,0,0
DJI_0618_0_2.jpg,39c0fdcab48af3e90ce863d64b959b9e1ae368a6ff86f4774c9a313b480ce77f,DJI_0618,scene_09_DJI_0615-0628,test,ood_test,test,2,2,0,1
DJI_0618_0_3.jpg,8a69ce6417b47d393aae370bf99e8a61ee6a228d5f5cbb2794acf6fdb8270c74,DJI_0618,scene_09_DJI_0615-0628,test,ood_test,test,0,0,0,0
DJI_0618_0_4.jpg,49615095b78f471a846eeb3dc61dd1124ef62a66d38df0b7acbbf3615c910e25,DJI_0618,scene_09_DJI_0615-0628,test,ood_test,test,0,0,0,0
DJI_0618_1_0.jpg,8984a8c837c25c300a690d010f1d47347d2af6316a939f64160645a45974190c,DJI_0618,scene_09_DJI_0615-0628,test,ood_test,test,0,0,0,0
DJI_0618_1_1.jpg,41b0932bba229e37a68f22b54ea54a4f20b5a70089dad9fab969387d5863f204,DJI_0618,scene_09_DJI_0615-0628,test,ood_test,test,2,2,0,1
DJI_0618_1_2.jpg,add5351b8834c5d4cca71770274ece799c2d0f103e3ef0e5e21e24428a1feae2,DJI_0618,scene_09_DJI_0615-0628,test,ood_test,test,0,0,0,0
DJI_0618_1_3.jpg,3a4573aa1792db1399bcf2f878983909a3ecb150507160e8e2511bf2a60b3e8b,DJI_0618,scene_09_DJI_0615-0628,test,ood_test,test,0,0,0,0
DJI_0618_1_4.jpg,c82f37f3860c004d54c4b0a9108e74567eae2527a7ddc0437f3e02d96cfb5d62,DJI_0618,scene_09_DJI_0615-0628,test,ood_test,test,0,0,0,0
DJI_0619_0_0.jpg,8ce201ee37311b9bbfd731d351cc49515bc501bc2d496efa848785a5f1986169,DJI_0619,scene_09_DJI_0615-0628,test,ood_test,test,0,0,0,0
DJI_0619_0_1.jpg,a785f774056694d930bb3893702372db40a03141cdfe367d239ff6751c9ea3d6,DJI_0619,scene_09_DJI_0615-0628,test,ood_test,test,0,0,0,0
DJI_0619_0_2.jpg,2087235733d5e137c30216606dca495570d28cc03cd5f15a8ff5fa2eac127c57,DJI_0619,scene_09_DJI_0615-0628,test,ood_test,test,0,0,0,0
DJI_0619_0_3.jpg,e61d95e3c64cb9e7d325c52d9b3fbd25badc4b744aad1cb3ee7eca7a1f6e1562,DJI_0619,scene_09_DJI_0615-0628,test,ood_test,test,1,1,0,1
DJI_0619_0_4.jpg,6270780d2be1f67a485daaf45a159c7b67db38b0d5f875968b008d8508f32329,DJI_0619,scene_09_DJI_0615-0628,test,ood_test,test,0,0,0,0
DJI_0619_1_0.jpg,a71585bbd8b0da7ba506da446336aadac9c7ab45dfa22a2365dd7e057e5140da,DJI_0619,scene_09_DJI_0615-0628,test,ood_test,test,0,0,0,0
DJI_0619_1_1.jpg,6d2c99fd94793cecc1c811307291754f0d2ba2c197cbca22ae700e0efbd8cfa1,DJI_0619,scene_09_DJI_0615-0628,test,ood_test,test,0,0,0,0
DJI_0619_1_2.jpg,a42220033716acf488e2d852a98b84cd05497626292fe8487d33994982d38992,DJI_0619,scene_09_DJI_0615-0628,test,ood_test,test,2,2,0,1
DJI_0619_1_3.jpg,4dac394d691596fb4e59d938ed7edda0f6e5d68eafb8ac19faf4db258f00dacc,DJI_0619,scene_09_DJI_0615-0628,test,ood_test,test,0,0,0,0
DJI_0619_1_4.jpg,cfd242660ca70390a32beb4e4fcd06f0279fbb8d28ede9c79fc09538aa26d4b4,DJI_0619,scene_09_DJI_0615-0628,test,ood_test,test,0,0,0,0
DJI_0620_0_0.jpg,ed79319a71bd8dc5f84ffed2930d7c55223019ce19738f9bd925865b1dcc7633,DJI_0620,scene_09_DJI_0615-0628,test,ood_test,test,0,0,0,0
DJI_0620_0_1.jpg,2befcc1e57e2e5e74ba0723c00a33cd07a99c6355e92b432e1f0bdcfe3c1c1a7,DJI_0620,scene_09_DJI_0615-0628,test,ood_test,test,0,0,0,0
DJI_0620_0_2.jpg,53909479266083a71f7fcaf4cb1a44fd78a5e8a31ca642b63e51d8414aa55a6e,DJI_0620,scene_09_DJI_0615-0628,test,ood_test,test,1,1,0,1
DJI_0620_0_3.jpg,2726f209b56438596306f12d2560c5f1ea51ddd072529eab306af6cd4834250b,DJI_0620,scene_09_DJI_0615-0628,test,ood_test,test,2,2,0,1
DJI_0620_0_4.jpg,b28fb7068cfef1b3174f3434950572aeb57ebf1a29ddad57f71e9c97fe15981c,DJI_0620,scene_09_DJI_0615-0628,test,ood_test,test,0,0,0,0
DJI_0620_1_0.jpg,cd2d0a82fdb4b48de359e6b05d51812f5234799292f2cd2f6c5a23ea59f36be0,DJI_0620,scene_09_DJI_0615-0628,test,ood_test,test,0,0,0,0
DJI_0620_1_1.jpg,2662355349b5376af88610f40ef49e9e0af0c5073a1104396b2819ea93040edb,DJI_0620,scene_09_DJI_0615-0628,test,ood_test,test,0,0,0,0
DJI_0620_1_2.jpg,582015667f27d0df5f2b54c929877e8406daa65976db223a5d2907877a935476,DJI_0620,scene_09_DJI_0615-0628,test,ood_test,test,1,1,0,1
DJI_0620_1_3.jpg,65313d08d9d96f28220a0f24bcdc4c56a88ab130cab36017d9a5b5cb7cf4b4d3,DJI_0620,scene_09_DJI_0615-0628,test,ood_test,test,0,0,0,0
DJI_0620_1_4.jpg,dd73ae96686c4dda828fca86e6e8cf05753ced944041e84ed5a1aedb6663d226,DJI_0620,scene_09_DJI_0615-0628,test,ood_test,test,0,0,0,0
DJI_0621_0_0.jpg,f0c87242c8b1523ce898090c8eae0ec3eb35d791994c3751f210a83839e6908b,DJI_0621,scene_09_DJI_0615-0628,test,ood_test,test,0,0,0,0
DJI_0621_0_1.jpg,ed329345ba730d0630c6ece414c863c0dc0e6de0a12913a5b08a463b97191acb,DJI_0621,scene_09_DJI_0615-0628,test,ood_test,test,0,0,0,0
DJI_0621_0_2.jpg,a12981d5c8239e667eb208724c2bfce6d423383e2c208bb42aa1e7e2b48875ea,DJI_0621,scene_09_DJI_0615-0628,test,ood_test,test,0,0,0,0
DJI_0621_0_3.jpg,4fe9ea1590cd2868de28b5e0223cf986b3f261359376792db3374e1ca6ab2d8d,DJI_0621,scene_09_DJI_0615-0628,test,ood_test,test,0,0,0,0
DJI_0621_0_4.jpg,0f3a7c948e0dd24a59f922ced522ec0e5dd5a7b6f6477ceef6ac361c4a2340e1,DJI_0621,scene_09_DJI_0615-0628,test,ood_test,test,0,0,0,0
DJI_0621_1_0.jpg,9f16884a63488345ce8b6a34dd168278cfd565ca11d83bf39223a59c34455b7f,DJI_0621,scene_09_DJI_0615-0628,test,ood_test,test,0,0,0,0
DJI_0621_1_1.jpg,49de3d9cb9d03e664df79f0d7150b913e8649bb2462df6246ec2a7d0c20f961c,DJI_0621,scene_09_DJI_0615-0628,test,ood_test,test,0,0,0,0
DJI_0621_1_2.jpg,6580b8cf55f2780c94bb6846d2d3a21aa5ab2c1113819392e120398fdce8ad5f,DJI_0621,scene_09_DJI_0615-0628,test,ood_test,test,2,2,0,1
DJI_0621_1_3.jpg,ddc4c9624db10894391a01ac74ff0f1f3217eb51109e15c393f2720188fc4cbf,DJI_0621,scene_09_DJI_0615-0628,test,ood_test,test,1,1,0,1
DJI_0621_1_4.jpg,7f898fd3c3ef146e1adff83a33853c880be9c3db6fa6af869ed5a1d78bf3a622,DJI_0621,scene_09_DJI_0615-0628,test,ood_test,test,0,0,0,0
DJI_0622_0_0.jpg,4eda54292c8609b24cf6b2a7bd30eedd59f695b947df7246af391faa7352756d,DJI_0622,scene_09_DJI_0615-0628,test,ood_test,test,0,0,0,0
DJI_0622_0_1.jpg,04988c712c727c9f28b986302219ab50a8264a25bb47a538a839f33251cc6100,DJI_0622,scene_09_DJI_0615-0628,test,ood_test,test,0,0,0,0
DJI_0622_0_2.jpg,da16a151474a8cd6b00ea0863dfc335ef2a4ec4a4d1884857015b015a99e4e57,DJI_0622,scene_09_DJI_0615-0628,test,ood_test,test,0,0,0,0
DJI_0622_0_3.jpg,fd909ec34ed9fe86aa6997d5fec9e746f9ca68788ceeef11ff47a90c00d56618,DJI_0622,scene_09_DJI_0615-0628,test,ood_test,test,0,0,0,0
DJI_0622_0_4.jpg,4a7706752c0f2a2dac551b5f8f302efbb5b3091c01f2fa60322ac7225a46833b,DJI_0622,scene_09_DJI_0615-0628,test,ood_test,test,0,0,0,0
DJI_0622_1_0.jpg,4bfc1593b19368747ab50cd4a56076d30fd603fcb8ccd319f8eb7dadb22628c6,DJI_0622,scene_09_DJI_0615-0628,test,ood_test,test,0,0,0,0
DJI_0622_1_1.jpg,b74ceb890906580f81d38f439f6a443bce07e7c951a2741f7ed32f119d2b1fc0,DJI_0622,scene_09_DJI_0615-0628,test,ood_test,test,0,0,0,0
DJI_0622_1_2.jpg,397568b846c50e238d57883bd0c58baeda5bf71d754c11db4aabd29088baf76c,DJI_0622,scene_09_DJI_0615-0628,test,ood_test,test,2,2,0,1
DJI_0622_1_3.jpg,c475dff150582f2d1d10fab65eaf71e8e133220fb80749b3c089b8e0c9d2ffb9,DJI_0622,scene_09_DJI_0615-0628,test,ood_test,test,1,1,0,1
DJI_0622_1_4.jpg,a20d92e52e16e63ebc6508145202a2e851b35e43105d98821d87e778b7959ef2,DJI_0622,scene_09_DJI_0615-0628,test,ood_test,test,0,0,0,0
DJI_0623_0_0.jpg,2272916d67dd234f5d5c1c16175fdde610f2521278103e80053de1188275415c,DJI_0623,scene_09_DJI_0615-0628,test,ood_test,test,0,0,0,0
DJI_0623_0_1.jpg,229c089cdc1d40567422619ad7836da0d32d8fc244bdb208a0b2b7e18d7cdd3f,DJI_0623,scene_09_DJI_0615-0628,test,ood_test,test,0,0,0,0
DJI_0623_0_2.jpg,f4876b6655122f31b1ca59ece9484455e9ca4bd2410f1ac77011b9bb8dfec6a6,DJI_0623,scene_09_DJI_0615-0628,test,ood_test,test,0,0,0,0
DJI_0623_0_3.jpg,3b8473deeb5ceb370239f69e37153bb9ae958f459023d7b17a1838bb9a0d0a1d,DJI_0623,scene_09_DJI_0615-0628,test,ood_test,test,2,2,0,1
DJI_0623_0_4.jpg,b06ea0599f30c888c7e0e4114460a86c3bcb21c283c4adb495dc446bbd6b4546,DJI_0623,scene_09_DJI_0615-0628,test,ood_test,test,0,0,0,0
DJI_0623_1_0.jpg,a32f776da21f663874dae37bbabd6800f86f54f8c8099855d87853b1f3f9a91c,DJI_0623,scene_09_DJI_0615-0628,test,ood_test,test,0,0,0,0
DJI_0623_1_1.jpg,ffeed5760f79398c7133c721f92556846633900de28692221f749214705196dc,DJI_0623,scene_09_DJI_0615-0628,test,ood_test,test,0,0,0,0
DJI_0623_1_2.jpg,46ee9736d43617dd329b517375f4167b7dd201c4bf15f88b3c394e4ba7f016c2,DJI_0623,scene_09_DJI_0615-0628,test,ood_test,test,0,0,0,0
DJI_0623_1_3.jpg,bb6f253f8e99b1a8a6178309bc9dfc6b88cd662971794199aeb75af74de1fad8,DJI_0623,scene_09_DJI_0615-0628,test,ood_test,test,0,0,0,0
DJI_0623_1_4.jpg,1a994f8ed581833a19bdd9e715bf50c4693b45d1eb9311369edc33850ecaeb84,DJI_0623,scene_09_DJI_0615-0628,test,ood_test,test,0,0,0,0
DJI_0624_0_0.jpg,c82353b28ec60839e7b2f87cf8f4b987af7b0bf4273c072a4e83140e8dd566d3,DJI_0624,scene_09_DJI_0615-0628,test,ood_test,test,0,0,0,0
DJI_0624_0_1.jpg,af0f370c1068f13049713b69da59e7f5b565a1b22626e6d5858f2c53aa9c9b64,DJI_0624,scene_09_DJI_0615-0628,test,ood_test,test,0,0,0,0
DJI_0624_0_2.jpg,3ed30afcef4175c02f03d7f3ed387c97fbc30353a477ef637a596d398e9036ef,DJI_0624,scene_09_DJI_0615-0628,test,ood_test,test,0,0,0,0
DJI_0624_0_3.jpg,2a0047b3b2b54e8f5014446529ae6f977d28b8d6262d425b1cd3677d4c52b209,DJI_0624,scene_09_DJI_0615-0628,test,ood_test,test,2,2,0,1
DJI_0624_0_4.jpg,f70bdaeabdc613ee3832831d7d5540eae26de26ef5f563848c88f016657362c3,DJI_0624,scene_09_DJI_0615-0628,test,ood_test,test,0,0,0,0
DJI_0624_1_0.jpg,5eedb338ae779c465d6dc6deb83ca50d581ee6580eaee89a692ff78fdd91886f,DJI_0624,scene_09_DJI_0615-0628,test,ood_test,test,0,0,0,0
DJI_0624_1_1.jpg,d62f78f445fb7600d9cb4403aa142a1a95a740ef83f788cee5927d42dd3a9c6c,DJI_0624,scene_09_DJI_0615-0628,test,ood_test,test,0,0,0,0
DJI_0624_1_2.jpg,b4c8b73c7dc4395a413c7359f0b359b21d9558e8ab4e5ab8a685d6c8f55ec4f1,DJI_0624,scene_09_DJI_0615-0628,test,ood_test,test,0,0,0,0
DJI_0624_1_3.jpg,176d2efaefc186ec0273d6d7356a603d6a19483ab7549ea662cd2ae66fb2974b,DJI_0624,scene_09_DJI_0615-0628,test,ood_test,test,0,0,0,0
DJI_0624_1_4.jpg,85dbe3467535dc6e338d0f80d9020e0416c510d32dcbe115506e2f7189502a44,DJI_0624,scene_09_DJI_0615-0628,test,ood_test,test,0,0,0,0
DJI_0625_0_0.jpg,bdddb80ef1f8098e086dd4a8b1f88c61f0e4817d3fce720938f9384bfe361c3c,DJI_0625,scene_09_DJI_0615-0628,test,ood_test,test,0,0,0,0
DJI_0625_0_1.jpg,7fd542c7fcf012221837b791274e676e2da404ca1b2e71e2c3d3f19c458607b6,DJI_0625,scene_09_DJI_0615-0628,test,ood_test,test,0,0,0,0
DJI_0625_0_2.jpg,abda2f478c105b7ad1932ae3917d99525c1db97c5e020f5c0db37e82490b5705,DJI_0625,scene_09_DJI_0615-0628,test,ood_test,test,1,1,0,1
DJI_0625_0_3.jpg,201e5a676aec906a889c46d052ab6d02655de87e5d1fffc04f0631c4ec09d332,DJI_0625,scene_09_DJI_0615-0628,test,ood_test,test,1,1,0,1
DJI_0625_0_4.jpg,e4b7039186624dc24169d571f76c08bafa7b7940cf5e6a0c28da825140fdf490,DJI_0625,scene_09_DJI_0615-0628,test,ood_test,test,0,0,0,0
DJI_0625_1_0.jpg,f91d3bd76925c7ceb862358a8ac7c53457d7c40e2673d81cff6252cdfd9cb23a,DJI_0625,scene_09_DJI_0615-0628,test,ood_test,test,0,0,0,0
DJI_0625_1_1.jpg,c2d39c91103657b21805a4188eb6e3bc9876a51958d12bca5ba1792ec9ebf51a,DJI_0625,scene_09_DJI_0615-0628,test,ood_test,test,0,0,0,0
DJI_0625_1_2.jpg,a09cd1431386156001ef5b761f32471e8acbfba747517eeca59173611f48cb77,DJI_0625,scene_09_DJI_0615-0628,test,ood_test,test,0,0,0,0
DJI_0625_1_3.jpg,fd352f4a162ad67acf2f8621917a5c33deb0e71c5cb1a768893512caac4e85e9,DJI_0625,scene_09_DJI_0615-0628,test,ood_test,test,0,0,0,0
DJI_0625_1_4.jpg,b91295d02c80a10ba4ab6c07126a967ac31bf5e9ea56ad9c4e4626b3bd55ae6c,DJI_0625,scene_09_DJI_0615-0628,test,ood_test,test,0,0,0,0
DJI_0626_0_0.jpg,e407e5fbb5e3122215526e07d6a39a94bf9b7a74dba1323b4e96a6e87bd09f9e,DJI_0626,scene_09_DJI_0615-0628,test,ood_test,test,0,0,0,0
DJI_0626_0_1.jpg,5258b74c4cf01be45ac6a6b7fc92a06cdb1601bd6edee26ea5cf1556c1e9e857,DJI_0626,scene_09_DJI_0615-0628,test,ood_test,test,0,0,0,0
DJI_0626_0_2.jpg,58f51654302583f3e26a98114ff324fb017b1643d18a88a8a814250846a2492c,DJI_0626,scene_09_DJI_0615-0628,test,ood_test,test,2,2,0,1
DJI_0626_0_3.jpg,71bee6c234f55d722e6548ddab39dee90711cdf3c43a5a7572a2c3e6ced6b4fd,DJI_0626,scene_09_DJI_0615-0628,test,ood_test,test,0,0,0,0
DJI_0626_0_4.jpg,f8ce7741d432fe63871bca08793448f92fc9fc9341b865ec685897207221350c,DJI_0626,scene_09_DJI_0615-0628,test,ood_test,test,0,0,0,0
DJI_0626_1_0.jpg,1d8a217ed0a3d818d0afa9c5592ea964c08613e6a80b041da7c1e373d01574d8,DJI_0626,scene_09_DJI_0615-0628,test,ood_test,test,0,0,0,0
DJI_0626_1_1.jpg,6f6cdd386c3bb574b64600478678ec968dc57331bea0978cd9980b7a218365fd,DJI_0626,scene_09_DJI_0615-0628,test,ood_test,test,0,0,0,0
DJI_0626_1_2.jpg,2e05537bb734105a8da46ddf5950591e15f452cb40acb6cae8528ff56263fb8f,DJI_0626,scene_09_DJI_0615-0628,test,ood_test,test,0,0,0,0
DJI_0626_1_3.jpg,cf3dbded69336dcc91fbd22d5cdfc2a378d03786569001bdc2184e3c3a75eda9,DJI_0626,scene_09_DJI_0615-0628,test,ood_test,test,0,0,0,0
DJI_0626_1_4.jpg,241dd999dcfe2f2ec7822a16a6141506050b45636e6749031de79ac7abef50f1,DJI_0626,scene_09_DJI_0615-0628,test,ood_test,test,0,0,0,0
DJI_0627_0_0.jpg,ff3d775a8e29f0bb41fbcc6ba32ad3aaec70489a26047b35b1b7dbc19077c258,DJI_0627,scene_09_DJI_0615-0628,test,ood_test,test,0,0,0,0
DJI_0627_0_1.jpg,1ed7370263465c2fb4c5fc1c84d6c6b5a6134bf3bff047d20b50329e77a4738d,DJI_0627,scene_09_DJI_0615-0628,test,ood_test,test,0,0,0,0
DJI_0627_0_2.jpg,b45504dcbab97578427a2264f5665b4c397ebc9642dacc2dc2ec79267361adfb,DJI_0627,scene_09_DJI_0615-0628,test,ood_test,test,0,0,0,0
DJI_0627_0_3.jpg,28ec734245cca9997e24577ba8aee4e7fd326354e8da6b29f703417b5bb5fff1,DJI_0627,scene_09_DJI_0615-0628,test,ood_test,test,0,0,0,0
DJI_0627_0_4.jpg,7a9ab62b8506c883f83d7b20a6da2d10dd570b5d7a4752e57aebb7f34e2c2e01,DJI_0627,scene_09_DJI_0615-0628,test,ood_test,test,0,0,0,0
DJI_0627_1_0.jpg,3e6ab933320dca46bcb8805e4586b39cff25b0bc9ed2aa7b6a2f6dde8c7f5b43,DJI_0627,scene_09_DJI_0615-0628,test,ood_test,test,0,0,0,0
DJI_0627_1_1.jpg,b7b8d041159ec0719a8cd2d9403a1e0b829518690c7cd7cc9576790664b75eb5,DJI_0627,scene_09_DJI_0615-0628,test,ood_test,test,0,0,0,0
DJI_0627_1_2.jpg,d072eb37ee99f1f3f706e9b0c720686ca49f7321b4d0ee4495f36b5775b2b465,DJI_0627,scene_09_DJI_0615-0628,test,ood_test,test,2,2,0,1
DJI_0627_1_3.jpg,6479925462e07fdf6ebb131a5db986d75f4cf596cfa6d7486762f2e9e52fbf4a,DJI_0627,scene_09_DJI_0615-0628,test,ood_test,test,0,0,0,0
DJI_0627_1_4.jpg,6a7c64d712ff9fa8d458285478746b9354a392cc0951c2f6608cac855efdfce2,DJI_0627,scene_09_DJI_0615-0628,test,ood_test,test,0,0,0,0
DJI_0628_0_0.jpg,ada226a94a9326d639cfc26e1b7ce1a8bb727e410b8e048181fa452c061a55cf,DJI_0628,scene_09_DJI_0615-0628,test,ood_test,test,0,0,0,0
DJI_0628_0_1.jpg,3586c334b216c1325480a9ca9788e55dd392daa3b47f9774189a99cf23b1c527,DJI_0628,scene_09_DJI_0615-0628,test,ood_test,test,0,0,0,0
DJI_0628_0_2.jpg,7537d1b643282f23c916d9bb588c8f7962f65370180890252a354c76017a5ad8,DJI_0628,scene_09_DJI_0615-0628,test,ood_test,test,0,0,0,0
DJI_0628_0_3.jpg,b068333761f0bd13c2eb63379124f25fcd5e7e7a6075e213e0696d21be028cc4,DJI_0628,scene_09_DJI_0615-0628,test,ood_test,test,0,0,0,0
DJI_0628_0_4.jpg,f7b7142ede4868daacb7cc4680bba11776b2b70741cb4b2f7cd00df12d78e835,DJI_0628,scene_09_DJI_0615-0628,test,ood_test,test,0,0,0,0
DJI_0628_1_0.jpg,726f2b626a6213407334cf7243cb2cf6b1026887430845debc5540ee22fec1da,DJI_0628,scene_09_DJI_0615-0628,test,ood_test,test,0,0,0,0
DJI_0628_1_1.jpg,1c4e3b8c959c9ddff7b7ef8b41ec2b1b8ae84f0986fbf913f74d37f8c303e1fa,DJI_0628,scene_09_DJI_0615-0628,test,ood_test,test,2,2,0,1
DJI_0628_1_2.jpg,7151a03c30f04559a5e516ccbb16a9846955bfe305a1b2debbb4d90da4fc41ab,DJI_0628,scene_09_DJI_0615-0628,test,ood_test,test,0,0,0,0
DJI_0628_1_3.jpg,29cbd31ddb99cad87d926837dcf7fbd3c19860af6981ede87e419511020f7d0b,DJI_0628,scene_09_DJI_0615-0628,test,ood_test,test,0,0,0,0
DJI_0628_1_4.jpg,59595d9c7400bb33f191684d314c1a8e25800974945ac0be21896018a0f9f388,DJI_0628,scene_09_DJI_0615-0628,test,ood_test,test,0,0,0,0
DJI_0745_0_0.jpg,617923d27abbe896b00f132fc6eb1274d7a3b641c88fc729cea69c43e41518aa,DJI_0745,scene_11_DJI_0745-0758,test,ood_test,test,1,1,0,1
DJI_0745_0_1.jpg,d3c86ef4c1bfd8041e3764786f212593dec39371aa5f4e7ec55852e9bfde4166,DJI_0745,scene_11_DJI_0745-0758,test,ood_test,test,0,0,0,0
DJI_0745_0_2.jpg,de4dd34a0653f5c6d3aac7ae9d74c55c3dcee96062ed9bfbdfc9cd65d4911f49,DJI_0745,scene_11_DJI_0745-0758,test,ood_test,test,0,0,0,0
DJI_0745_0_3.jpg,01fc95cc647fcc40473bdc5241a15798061aa37f35ee2f56ab73e9b8f20b4275,DJI_0745,scene_11_DJI_0745-0758,test,ood_test,test,0,0,0,0
DJI_0745_0_4.jpg,0fb2c10ae37f730bb97a7e1c69e9a34f5d6874a4d247d5ec903a3ded7c4c9fe9,DJI_0745,scene_11_DJI_0745-0758,test,ood_test,test,0,0,0,0
DJI_0745_1_0.jpg,88bcd200cb35540363a263819dd6488e823892d0b82d107eb01e32f40ecec905,DJI_0745,scene_11_DJI_0745-0758,test,ood_test,test,1,1,0,1
DJI_0745_1_1.jpg,49531e8f9a52a37c962ff8e3fedc79f945d9214c96ced08878d77d57770a578a,DJI_0745,scene_11_DJI_0745-0758,test,ood_test,test,0,0,0,0
DJI_0745_1_2.jpg,41b944a252dcb24c0e0892af37d44ed4e7061c663674806384823668e6f8e691,DJI_0745,scene_11_DJI_0745-0758,test,ood_test,test,0,0,0,0
DJI_0745_1_3.jpg,9ff10e2a0ffb0acd32b268686223c9297ea1a5431036451b9792a6924462afcc,DJI_0745,scene_11_DJI_0745-0758,test,ood_test,test,0,0,0,0
DJI_0745_1_4.jpg,e057e7ef79af64fea845b8a678a78c7c9edb37476358e2e3590bb50a9418ecfe,DJI_0745,scene_11_DJI_0745-0758,test,ood_test,test,0,0,0,0
DJI_0746_0_0.jpg,f26c93a53ffc6c6af0d8a6327f615ca80373f3d26bfbeea33a34451c1b97770b,DJI_0746,scene_11_DJI_0745-0758,test,ood_test,test,1,1,0,1
DJI_0746_0_1.jpg,2125bfd098c09ff0efd01515f17ca050057306d1ffc170abcde8a28a9c444412,DJI_0746,scene_11_DJI_0745-0758,test,ood_test,test,0,0,0,0
DJI_0746_0_2.jpg,8ff03e8b4c46012e97d4e63355ffe5b954cc405fde86c5acb8041179a2878c21,DJI_0746,scene_11_DJI_0745-0758,test,ood_test,test,0,0,0,0
DJI_0746_0_3.jpg,3b5a265cd3b7a60fed19c689064ae683b713ae8711aba825093c66d05225ca12,DJI_0746,scene_11_DJI_0745-0758,test,ood_test,test,0,0,0,0
DJI_0746_0_4.jpg,4f3c39970477fc4b0b68b774d1b2a4de42cd108d57c17fd92362d6c7ac2c9050,DJI_0746,scene_11_DJI_0745-0758,test,ood_test,test,0,0,0,0
DJI_0746_1_0.jpg,755a53a8d5ffb66d24515bcecd544ca10ae88e0ac9a537fa8431443177f2de46,DJI_0746,scene_11_DJI_0745-0758,test,ood_test,test,1,1,0,1
DJI_0746_1_1.jpg,2351736e24b9b8c5f733c61eb5d1bd1f825444887b2cf242663cb297365b5bed,DJI_0746,scene_11_DJI_0745-0758,test,ood_test,test,0,0,0,0
DJI_0746_1_2.jpg,359f8dcdecfe24cbd269331621e2927d798e445dd39495a8af426c935db6ddfb,DJI_0746,scene_11_DJI_0745-0758,test,ood_test,test,0,0,0,0
DJI_0746_1_3.jpg,cbb82943aba734b728328f0b1d56d9b6cc08fed4f88038c5392589977c2d63f0,DJI_0746,scene_11_DJI_0745-0758,test,ood_test,test,0,0,0,0
DJI_0746_1_4.jpg,d51d3b9b2b3206810a7110b89420b6065ae3618107869074e277771b6525f18e,DJI_0746,scene_11_DJI_0745-0758,test,ood_test,test,0,0,0,0
DJI_0747_0_0.jpg,aa76732a478e51663f7579cf3db92fb762bfa898fe61d694805fb0a88b187629,DJI_0747,scene_11_DJI_0745-0758,test,ood_test,test,0,0,0,0
DJI_0747_0_1.jpg,82163313e7c05ea729546166439f90704414d812485e3fb2c6b847363e648e4d,DJI_0747,scene_11_DJI_0745-0758,test,ood_test,test,0,0,0,0
DJI_0747_0_2.jpg,3fc8b2a0958d6213d03a29f5807678748269403af664b92f777d17144437c873,DJI_0747,scene_11_DJI_0745-0758,test,ood_test,test,0,0,0,0
DJI_0747_0_3.jpg,e065e99612c544e655530f03b6cc8b6ce894020fe9549d31daeb26856320b218,DJI_0747,scene_11_DJI_0745-0758,test,ood_test,test,0,0,0,0
DJI_0747_0_4.jpg,a4729e0faa0a3433d7889d99011c66a16d1d5f2c620934ed3ca5a1254d7388af,DJI_0747,scene_11_DJI_0745-0758,test,ood_test,test,0,0,0,0
DJI_0747_1_0.jpg,2bc283f72468aef4b50bb42e4aea3d546ecae9f19084d0cb044da8bc1e1aae83,DJI_0747,scene_11_DJI_0745-0758,test,ood_test,test,0,0,0,0
DJI_0747_1_1.jpg,b2c8309682c77e896564606c6be031e2606df38b2b234756f9ae56b8af2568b5,DJI_0747,scene_11_DJI_0745-0758,test,ood_test,test,0,0,0,0
DJI_0747_1_2.jpg,228698565b300e8c6261320a1bd1f5588397ec4a84670a0b5c1d0d482aa1fce2,DJI_0747,scene_11_DJI_0745-0758,test,ood_test,test,1,1,0,1
DJI_0747_1_3.jpg,4614ce90a7d9350ff9e07c4b969a5e41e97add3bee8161cb5fdfabdce57ecb80,DJI_0747,scene_11_DJI_0745-0758,test,ood_test,test,0,0,0,0
DJI_0747_1_4.jpg,80ec635735c84c5eb99b5956d07080566ba5547d5d8aba1d805ef36fbf3dc7ec,DJI_0747,scene_11_DJI_0745-0758,test,ood_test,test,0,0,0,0
DJI_0748_0_0.jpg,e689a84bb6c6ff15fdcf3b69e745793400697c069eda0f1b96dd223177b6efaf,DJI_0748,scene_11_DJI_0745-0758,test,ood_test,test,0,0,0,0
DJI_0748_0_1.jpg,99b5325319e96cd04e10fe8ca0baf501c176c32aefbc42b16db7b9a4eef6404b,DJI_0748,scene_11_DJI_0745-0758,test,ood_test,test,1,1,0,1
DJI_0748_0_2.jpg,7999a6654beb8307417c569f2e6169a3c0d66ca57337804273b051354784c9ee,DJI_0748,scene_11_DJI_0745-0758,test,ood_test,test,0,0,0,0
DJI_0748_0_3.jpg,c5343f33d63214d628d043735c6f3a790de08226b79e034e06cd1c72a931e59a,DJI_0748,scene_11_DJI_0745-0758,test,ood_test,test,0,0,0,0
DJI_0748_0_4.jpg,eb12497ef986a2ad103e77dd42732397d08e6d760a7d5955c96a7859960346d2,DJI_0748,scene_11_DJI_0745-0758,test,ood_test,test,0,0,0,0
DJI_0748_1_0.jpg,bf8dc62aa1baa32ce22b2e4c83becfb51a3f964999ae69a5bb3ff09bd5314ef8,DJI_0748,scene_11_DJI_0745-0758,test,ood_test,test,0,0,0,0
DJI_0748_1_1.jpg,778c6c55e5a025c713bb3fb4e4c2208d3eba36043eb3e9e1469b364ab93883fc,DJI_0748,scene_11_DJI_0745-0758,test,ood_test,test,1,1,0,1
DJI_0748_1_2.jpg,3c1679030d1d8ee64fb44619b0bbc5013a986d674853e320739b2cc1465bff76,DJI_0748,scene_11_DJI_0745-0758,test,ood_test,test,0,0,0,0
DJI_0748_1_3.jpg,ec29fb0d57233636cf3883218896469091fc0e7f4abc54a2c7d860b02dee8d2c,DJI_0748,scene_11_DJI_0745-0758,test,ood_test,test,1,1,0,1
DJI_0748_1_4.jpg,5e9618781429c145c78c93c782046d6214b28a70dd9161596b7ffbbe4ae5bbb1,DJI_0748,scene_11_DJI_0745-0758,test,ood_test,test,0,0,0,0
DJI_0749_0_0.jpg,30d3593353c5f4007211921a4f26235772ab3a2e8cc36e3b7059a0f8fcf992b5,DJI_0749,scene_11_DJI_0745-0758,test,ood_test,test,0,0,0,0
DJI_0749_0_1.jpg,dc8c6d084e440f9d1255dc2a4351f7f4864c838901d6e00d93b295cb7fe4b0b6,DJI_0749,scene_11_DJI_0745-0758,test,ood_test,test,0,0,0,0
DJI_0749_0_2.jpg,928d9629edd4955c731208a5c4e8e64f417685921e3bc3b41c507ce3274359a5,DJI_0749,scene_11_DJI_0745-0758,test,ood_test,test,0,0,0,0
DJI_0749_0_3.jpg,5d2e8f12aff7f2b6b534004a6c479c4a90d8d09e8a1b93a0eb5e53150fca80c9,DJI_0749,scene_11_DJI_0745-0758,test,ood_test,test,0,0,0,0
DJI_0749_0_4.jpg,fbb72b27ba27260e7ef078f6e00f893c625874523b61d3c18840d46ec5e6138d,DJI_0749,scene_11_DJI_0745-0758,test,ood_test,test,0,0,0,0
DJI_0749_1_0.jpg,24f3467991dadc9afb6e2ac8876ab501fb6410fe041c1d1600cc62536bf834bd,DJI_0749,scene_11_DJI_0745-0758,test,ood_test,test,0,0,0,0
DJI_0749_1_1.jpg,9047550278ae2e22ed7ca04ca7174b55fe1e07820b5e4bfd4c0dff3a74f85410,DJI_0749,scene_11_DJI_0745-0758,test,ood_test,test,1,1,0,1
DJI_0749_1_2.jpg,cc78f6196dcf43a3ceb0131d54ba1e0f06272f8a917deb7c4336f91a21ffffc2,DJI_0749,scene_11_DJI_0745-0758,test,ood_test,test,0,0,0,0
DJI_0749_1_3.jpg,8019de4b6c80e4a076ac0e5c74f885462a26a5969183d23b70b6a91eb085a67d,DJI_0749,scene_11_DJI_0745-0758,test,ood_test,test,1,1,0,1
DJI_0749_1_4.jpg,0651080bbcdbd37f2f9abff7b3c88b1f198503dd6fad1a244fb729b84885e08a,DJI_0749,scene_11_DJI_0745-0758,test,ood_test,test,0,0,0,0
DJI_0750_0_0.jpg,5d29ba8395f4bde7eccd8dd28318e6dcf3f2d8bdc9e5cc760cacf19afec5c5b4,DJI_0750,scene_11_DJI_0745-0758,test,ood_test,test,0,0,0,0
DJI_0750_0_1.jpg,2ee208fe140ff166bc38b049db5385ee055e40a0bb2cc6ddcc0b0b905e425722,DJI_0750,scene_11_DJI_0745-0758,test,ood_test,test,1,1,0,1
DJI_0750_0_2.jpg,fe7592df0b1230c6dd2d67242aa13496149751e8639a134198545b4949eb5756,DJI_0750,scene_11_DJI_0745-0758,test,ood_test,test,0,0,0,0
DJI_0750_0_3.jpg,9356c348918858d693638455540e3f3b5ac44a892b120cd263093ead59b1082f,DJI_0750,scene_11_DJI_0745-0758,test,ood_test,test,0,0,0,0
DJI_0750_0_4.jpg,173e03807da52bc75b2aad4b6cba36494ea55a6199e175757c4bbede762bbaad,DJI_0750,scene_11_DJI_0745-0758,test,ood_test,test,0,0,0,0
DJI_0750_1_0.jpg,5caa1f64cac439763ebc35ca9b4c72c8098d39d814d376d6ed39aee28cf11dc3,DJI_0750,scene_11_DJI_0745-0758,test,ood_test,test,0,0,0,0
DJI_0750_1_1.jpg,b9509d4850966ded4016ea45f5e95b6a1d4f36ab3c8ba49451653e37dd943de7,DJI_0750,scene_11_DJI_0745-0758,test,ood_test,test,1,1,0,1
DJI_0750_1_2.jpg,9ff92883b5adc374ebb7cb8ed225546326e9918e945d5ece3195d756a82e2197,DJI_0750,scene_11_DJI_0745-0758,test,ood_test,test,0,0,0,0
DJI_0750_1_3.jpg,011ecd7e4bd1fab4a65b5687d7beeead50d58d8e54db4e836f531671d3806e47,DJI_0750,scene_11_DJI_0745-0758,test,ood_test,test,0,0,0,0
DJI_0750_1_4.jpg,072ec3e54e74cbed9f469a24038f5d1db41465b8b6017c35fad6085a53cda523,DJI_0750,scene_11_DJI_0745-0758,test,ood_test,test,1,1,0,1
DJI_0751_0_0.jpg,9cee6083a35856af2cb31190d8d15a8c6d1214bd96fa71eb0010f61732152a61,DJI_0751,scene_11_DJI_0745-0758,test,ood_test,test,0,0,0,0
DJI_0751_0_1.jpg,6b1286c84d37ad319d29098ca675beba0e3c53566881835dcf6216a8547310de,DJI_0751,scene_11_DJI_0745-0758,test,ood_test,test,1,1,0,1
DJI_0751_0_2.jpg,6ff4e24b44d26381f23b8f74cf4182e024a5b4ce75b7401212484814397225cf,DJI_0751,scene_11_DJI_0745-0758,test,ood_test,test,1,1,0,1
DJI_0751_0_3.jpg,0f578c4d40f8f3a6de9faeef538b145c1818bc10af3636884c254848409d8c9d,DJI_0751,scene_11_DJI_0745-0758,test,ood_test,test,0,0,0,0
DJI_0751_0_4.jpg,ad510887c653c462c0829090bb96b9d394cdf116ee8c247424433c9c1384d63e,DJI_0751,scene_11_DJI_0745-0758,test,ood_test,test,0,0,0,0
DJI_0751_1_0.jpg,7cd5f44a7dd0aa60d701dc2842b78b433e4df4a88321c6cd0267d31760ae263d,DJI_0751,scene_11_DJI_0745-0758,test,ood_test,test,0,0,0,0
DJI_0751_1_1.jpg,f1246aab1281d286269338743d969fcaf05305357fb82de9b7cc751d2d4b2663,DJI_0751,scene_11_DJI_0745-0758,test,ood_test,test,0,0,0,0
DJI_0751_1_2.jpg,718d8c5f482cff81b296232f3712ba629ecaa5321557b4e3bcff6255706d48ba,DJI_0751,scene_11_DJI_0745-0758,test,ood_test,test,0,0,0,0
DJI_0751_1_3.jpg,0dc681aede8a1afe3de6e20fcc3892b2469c968c229ffa4d19a6fc8354420929,DJI_0751,scene_11_DJI_0745-0758,test,ood_test,test,0,0,0,0
DJI_0751_1_4.jpg,f347909dfa75486db3b0fb7c746ca1eb86afbc6459c5d4c05c52dc6ea7870e4d,DJI_0751,scene_11_DJI_0745-0758,test,ood_test,test,1,1,0,1
DJI_0752_0_0.jpg,49b88140e03cb88327b0e42cc3f5bc5c677811df715851180b24f9b11a6cad50,DJI_0752,scene_11_DJI_0745-0758,test,ood_test,test,0,0,0,0
DJI_0752_0_1.jpg,5a09b4f1617bdb1f674a8fe16a75e1977312d4dc4f9afeb4889c2b6b99d0db3f,DJI_0752,scene_11_DJI_0745-0758,test,ood_test,test,0,0,0,0
DJI_0752_0_2.jpg,150ad09bd5a873ecb2577d835af37bdfbf1bb13b176a9f52c402f9b20061ebca,DJI_0752,scene_11_DJI_0745-0758,test,ood_test,test,0,0,0,0
DJI_0752_0_3.jpg,4e0721e211b5a65690ae4acb59bcfe435e64d47935f4fcb16c48c0f44bace02c,DJI_0752,scene_11_DJI_0745-0758,test,ood_test,test,0,0,0,0
DJI_0752_0_4.jpg,e9965fe955d459980fc7168a03448e1087a63df676cdae2687999d8f6cddbeb8,DJI_0752,scene_11_DJI_0745-0758,test,ood_test,test,0,0,0,0
DJI_0752_1_0.jpg,b25029769934754cfe4eef67bc0a7e248d45d1b382c6c22d33804cd2f8bd992c,DJI_0752,scene_11_DJI_0745-0758,test,ood_test,test,0,0,0,0
DJI_0752_1_1.jpg,a27b039eaf12ea2b1f08cd4748da5b4f96c262739528d2ccdd32c672f6dfdb1b,DJI_0752,scene_11_DJI_0745-0758,test,ood_test,test,0,0,0,0
DJI_0752_1_2.jpg,1f080feb0d6a95f044943562075d80cdf407e2614c76762b1fc53c1f4132a85b,DJI_0752,scene_11_DJI_0745-0758,test,ood_test,test,1,1,0,1
DJI_0752_1_3.jpg,d8e4c0b2cbfe713b520a48ea29fd2116a8425cc69c6065ec9e8a12a1166bb776,DJI_0752,scene_11_DJI_0745-0758,test,ood_test,test,0,0,0,0
DJI_0752_1_4.jpg,29ce7825e317d04e7912b8ced15f199454709c61899cde5b8db150446775eaca,DJI_0752,scene_11_DJI_0745-0758,test,ood_test,test,0,0,0,0
DJI_0753_0_0.jpg,c01d05508d69fe6becd18b39fc7c9b1150ccf20c38f48765be985dedd4cbe8fc,DJI_0753,scene_11_DJI_0745-0758,test,ood_test,test,0,0,0,0
DJI_0753_0_1.jpg,d0457d579688142c0908384ec4be27e19ef9d904998e8af49188ed76cef9dee3,DJI_0753,scene_11_DJI_0745-0758,test,ood_test,test,0,0,0,0
DJI_0753_0_2.jpg,000c5bf3ae734a4a8dba84c472931e2dcfdd429288d98f6bad67340c966c7411,DJI_0753,scene_11_DJI_0745-0758,test,ood_test,test,0,0,0,0
DJI_0753_0_3.jpg,9c72b7ecfbc852bc6df8c69b0faa06bdbac189438831ef46294cf31149ef6e53,DJI_0753,scene_11_DJI_0745-0758,test,ood_test,test,0,0,0,0
DJI_0753_0_4.jpg,bc9b7e59d9b99c033db518301c48d7f5b7c72998f52f84e333bc1cff650a620d,DJI_0753,scene_11_DJI_0745-0758,test,ood_test,test,0,0,0,0
DJI_0753_1_0.jpg,6890e35db7982ac5b249ee9649f13c7e645733cee99a999a6fe5c78dee811b28,DJI_0753,scene_11_DJI_0745-0758,test,ood_test,test,0,0,0,0
DJI_0753_1_1.jpg,49a9ac36a4c9bfb4a667d4e60db18cc470d45fd3de43a22667add92e265f2191,DJI_0753,scene_11_DJI_0745-0758,test,ood_test,test,0,0,0,0
DJI_0753_1_2.jpg,5a631d5a2f480dfd14dddc0c448a217fed0f13a0fba35567fd2826c208ba01ab,DJI_0753,scene_11_DJI_0745-0758,test,ood_test,test,0,0,0,0
DJI_0753_1_3.jpg,e93cead817ad0df35c14ecb93d84af5884626b225700f4141042889fe92adf7d,DJI_0753,scene_11_DJI_0745-0758,test,ood_test,test,0,0,0,0
DJI_0753_1_4.jpg,18d1f64b51be25d319485cad6ca594f1046f24db62f71f9aa850bb99b0e25c8e,DJI_0753,scene_11_DJI_0745-0758,test,ood_test,test,1,1,0,1
DJI_0754_0_0.jpg,68dab6f74adc1a4d91104df4d13e7df8536bac0627ceb70c934d93e4fb7256c4,DJI_0754,scene_11_DJI_0745-0758,test,ood_test,test,0,0,0,0
DJI_0754_0_1.jpg,7148989c730284602744128c1ba6fba433fd2519135e72e80b56a5ad1f65685c,DJI_0754,scene_11_DJI_0745-0758,test,ood_test,test,0,0,0,0
DJI_0754_0_2.jpg,90d2ebf5551184322be02687b1ae57910d5cb1cc0901872a9084dc6066ec451c,DJI_0754,scene_11_DJI_0745-0758,test,ood_test,test,0,0,0,0
DJI_0754_0_3.jpg,32f511183a8f27cdc49c17c07e6921174629f7d01fa39522487947ca6c7155a0,DJI_0754,scene_11_DJI_0745-0758,test,ood_test,test,0,0,0,0
DJI_0754_0_4.jpg,7fba49cc00064cf3d892d578e29e68751dfadbb79c55f6deb18585c45e86229c,DJI_0754,scene_11_DJI_0745-0758,test,ood_test,test,0,0,0,0
DJI_0754_1_0.jpg,de114d08e4b8963c647e1e3c134bc0f0fe15456f71ba084bd4ca0b19191b62c8,DJI_0754,scene_11_DJI_0745-0758,test,ood_test,test,0,0,0,0
DJI_0754_1_1.jpg,8c90429a9596e4cf34382db6f0e0c69e91054f112619f45ce37c5df71ef8e133,DJI_0754,scene_11_DJI_0745-0758,test,ood_test,test,0,0,0,0
DJI_0754_1_2.jpg,00ccd97e0142b3f5d187cf35ad88344f8a4b032470c5016f6a0a7489ca2ec055,DJI_0754,scene_11_DJI_0745-0758,test,ood_test,test,0,0,0,0
DJI_0754_1_3.jpg,c3fb289296803e77cdd4d8a7d142ba6d96ef8fb5394c947c0c423c336ff9b16a,DJI_0754,scene_11_DJI_0745-0758,test,ood_test,test,0,0,0,0
DJI_0754_1_4.jpg,955f71748ce2c224743f9ae0f6edd0d4f850d093c954ce3eee6884ce699e7ac6,DJI_0754,scene_11_DJI_0745-0758,test,ood_test,test,1,1,0,1
DJI_0755_0_0.jpg,b72bfc5196eed9716dcadc5ee2777ab578599ca02177676380e357c461e66aa8,DJI_0755,scene_11_DJI_0745-0758,test,ood_test,test,0,0,0,0
DJI_0755_0_1.jpg,19801b00f242b5aa93b36fac293ffa36e44d319fe9821b9f47840c40094c7ced,DJI_0755,scene_11_DJI_0745-0758,test,ood_test,test,0,0,0,0
DJI_0755_0_2.jpg,e748e854b547a0eba7e2602140295ba2ae50cc6863e1f6a930427d66899905fd,DJI_0755,scene_11_DJI_0745-0758,test,ood_test,test,0,0,0,0
DJI_0755_0_3.jpg,cbb3e4f1ebefc9b2474e8237918f3f518cbbc8c69762e6dcd7de4f828a61bc20,DJI_0755,scene_11_DJI_0745-0758,test,ood_test,test,0,0,0,0
DJI_0755_0_4.jpg,7edf778956c6ddf5062a0988109330e93130d2d8fcfe460f76f3fc5d633047b4,DJI_0755,scene_11_DJI_0745-0758,test,ood_test,test,0,0,0,0
DJI_0755_1_0.jpg,27fb9ca879f45c93ca3d845f62e2afffa640d891cd84502ce3cddcca7b921f74,DJI_0755,scene_11_DJI_0745-0758,test,ood_test,test,0,0,0,0
DJI_0755_1_1.jpg,32fb8290b00efbb4b3ffb169c3634b50b7e190e9f05c13f86ef2997a81defdb7,DJI_0755,scene_11_DJI_0745-0758,test,ood_test,test,1,1,0,1
DJI_0755_1_2.jpg,5caa8aa51c7badf3572bb941985cf288abef42dceb34f4b1c93e1b790b13f3d8,DJI_0755,scene_11_DJI_0745-0758,test,ood_test,test,0,0,0,0
DJI_0755_1_3.jpg,0322d7e004ebfe71fd436809a5c585fba3b6fa19308b5e014a00cc454211bfee,DJI_0755,scene_11_DJI_0745-0758,test,ood_test,test,0,0,0,0
DJI_0755_1_4.jpg,9dd8efc8d72ea80cfbeedf54eb42436aea75705f755052d7b0b2c54ba5b993bb,DJI_0755,scene_11_DJI_0745-0758,test,ood_test,test,0,0,0,0
DJI_0756_0_0.jpg,f5c3bacc5d21d75023c6b8a7b085c5288f119111e81e21673a8384e4a2f3fa86,DJI_0756,scene_11_DJI_0745-0758,test,ood_test,test,0,0,0,0
DJI_0756_0_1.jpg,e9f692e6cdcbca87cd602278112f3b667910b3111645f818d0d2c88cf7c97ccb,DJI_0756,scene_11_DJI_0745-0758,test,ood_test,test,0,0,0,0
DJI_0756_0_2.jpg,b72651a5c344c74e3530568c8376090a421dae18946c6d88f86f1817f4285cd2,DJI_0756,scene_11_DJI_0745-0758,test,ood_test,test,0,0,0,0
DJI_0756_0_3.jpg,fe165b2aaebf6a12fb77e1fd77d25396119f841d075a3f71cd815c6bdf5631d7,DJI_0756,scene_11_DJI_0745-0758,test,ood_test,test,0,0,0,0
DJI_0756_0_4.jpg,06d59b431b4fed2edd0e49c4a43ff095aa66e1ee9729b045b44740fcdb8e405e,DJI_0756,scene_11_DJI_0745-0758,test,ood_test,test,0,0,0,0
DJI_0756_1_0.jpg,39438abee181dc2aa2613dc2e251887f7d7c9437635c0e1ae49aca457c1790cc,DJI_0756,scene_11_DJI_0745-0758,test,ood_test,test,0,0,0,0
DJI_0756_1_1.jpg,960c4c20e802f150b06f84e4c941be54f36fcfc0e079237d91afb8eb6435c397,DJI_0756,scene_11_DJI_0745-0758,test,ood_test,test,1,1,0,1
DJI_0756_1_2.jpg,364dcbf40ff44eda9301f2656e9b391f2cda87e9c7f1d3580f195d6ee13c9874,DJI_0756,scene_11_DJI_0745-0758,test,ood_test,test,1,1,0,1
DJI_0756_1_3.jpg,1018e7b7872f528be1b2411a08b37491c24a1ae3c3f6e8a37199deb3f6448546,DJI_0756,scene_11_DJI_0745-0758,test,ood_test,test,0,0,0,0
DJI_0756_1_4.jpg,7d4a81f6c4893c10dc48ee5daa8a7bcac804a18b6cbea2b2d82a66e93d1f2bee,DJI_0756,scene_11_DJI_0745-0758,test,ood_test,test,0,0,0,0
DJI_0757_0_0.jpg,658c506017344450d5eb6bd6e4231427d89723178ec21c436753fcf5f9f618d9,DJI_0757,scene_11_DJI_0745-0758,test,ood_test,test,0,0,0,0
DJI_0757_0_1.jpg,57328deaaeb04b58f6f0c0e8d136efe4a5021066cf4bed3b9dca8622288ee5d7,DJI_0757,scene_11_DJI_0745-0758,test,ood_test,test,0,0,0,0
DJI_0757_0_2.jpg,c2bbe0f9867fae240244273c234af84a66824dc5fcc6fd4d0712ef24c43a858c,DJI_0757,scene_11_DJI_0745-0758,test,ood_test,test,0,0,0,0
DJI_0757_0_3.jpg,26d45dcb2507caac0ab3eb654072f7e494ea4d85e872f873538b595c7b0b02d6,DJI_0757,scene_11_DJI_0745-0758,test,ood_test,test,0,0,0,0
DJI_0757_0_4.jpg,46112ef45d43dbe4430bd9db40d0715233752713699d5e61a0d3e35c3a162a28,DJI_0757,scene_11_DJI_0745-0758,test,ood_test,test,0,0,0,0
DJI_0757_1_0.jpg,de140aaca9cb7ac302295f8276ca4f12a1eb366a61ad2b489cd4eb8d37f1fac1,DJI_0757,scene_11_DJI_0745-0758,test,ood_test,test,0,0,0,0
DJI_0757_1_1.jpg,f5610976de1a833fbce177a031bc889249744e4ef626b24be79ae0e44ee96b11,DJI_0757,scene_11_DJI_0745-0758,test,ood_test,test,1,1,0,1
DJI_0757_1_2.jpg,dc202b36ae73121029d87869006867300bd3d95e6905b59b3938e37af120b651,DJI_0757,scene_11_DJI_0745-0758,test,ood_test,test,1,1,0,1
DJI_0757_1_3.jpg,273b27d1ac2bd5ec36309587284ff5e426f6c274d2cac84f5978b1c13aed4fbb,DJI_0757,scene_11_DJI_0745-0758,test,ood_test,test,0,0,0,0
DJI_0757_1_4.jpg,1a32f91f7fe0e9607769ec6463e8afa885febc9608f849db2a22f9e34ef936c7,DJI_0757,scene_11_DJI_0745-0758,test,ood_test,test,0,0,0,0
DJI_0758_0_0.jpg,deabc553555f7536b58c48bf69bdc1e831a537475c4eb06c2fb1986739f6df09,DJI_0758,scene_11_DJI_0745-0758,test,ood_test,test,0,0,0,0
DJI_0758_0_1.jpg,3fd3499ec0cb79304f24ea3b287cc9da6c035444371f4a588ee80f7bf428b56a,DJI_0758,scene_11_DJI_0745-0758,test,ood_test,test,0,0,0,0
DJI_0758_0_2.jpg,2646728a2473b43e5d7d5b11541e97c8ada42c6f801b617a23c4ebec053f43f5,DJI_0758,scene_11_DJI_0745-0758,test,ood_test,test,0,0,0,0
DJI_0758_0_3.jpg,c0c71b3d75458bd382f34b0ced907fbdc71305e18e5c99ddbda2e793dabe5e89,DJI_0758,scene_11_DJI_0745-0758,test,ood_test,test,0,0,0,0
DJI_0758_0_4.jpg,98aec7c17e6489f072a5e733ad09aed7735d05a75af7f204fa0b902e74500332,DJI_0758,scene_11_DJI_0745-0758,test,ood_test,test,0,0,0,0
DJI_0758_1_0.jpg,032d851b96842699d16349b6a7137707debd2e3cf49ba14add55f837f4d1c9ee,DJI_0758,scene_11_DJI_0745-0758,test,ood_test,test,0,0,0,0
DJI_0758_1_1.jpg,84e493f95cf57c69dd09d159e947dd382a4572cd854638f7daf384fa240dc2d5,DJI_0758,scene_11_DJI_0745-0758,test,ood_test,test,1,1,0,1
DJI_0758_1_2.jpg,95a50ae76bf1b242dbab552ac213c8e7e436e8e039da064960551623a41fe86d,DJI_0758,scene_11_DJI_0745-0758,test,ood_test,test,1,1,0,1
DJI_0758_1_3.jpg,5f1376053df9b2934adc53be6b1ae627672d7b2e88840e64121d0e74b020fbba,DJI_0758,scene_11_DJI_0745-0758,test,ood_test,test,0,0,0,0
DJI_0758_1_4.jpg,0149a40234f0b5b471b6dad7be7860dd79ed521be8e09bc9661b5a9bdaeaa8dd,DJI_0758,scene_11_DJI_0745-0758,test,ood_test,test,0,0,0,0
DJI_0975_0_0.jpg,b4efaa5e7d4a2b9416fe9c267be5638246143f6f92c83ef448ef703147aeef72,DJI_0975,scene_12_DJI_0975-0979,test,id_val,val,0,0,0,0
DJI_0975_0_1.jpg,fb7eb2195562fc388a95789f8c792169b54d4521887d97fad8e63db19441b0a4,DJI_0975,scene_12_DJI_0975-0979,test,id_val,val,0,0,0,0
DJI_0975_0_2.jpg,6cef40f1c9f11f57fe7b0e8cb508b190e3928d97d2ea3a88645baf629021682b,DJI_0975,scene_12_DJI_0975-0979,test,id_val,val,0,0,0,0
DJI_0975_0_3.jpg,f6f32a50072ebcc576e6a1416c8aa6d8d7cec5898b2e1090da793975a3e8eea6,DJI_0975,scene_12_DJI_0975-0979,test,id_val,val,0,0,0,0
DJI_0975_0_4.jpg,9ffb75918ec628e373a6c0ab9436a6539bf8163836da3a007fd280d3a1cf3a40,DJI_0975,scene_12_DJI_0975-0979,test,id_val,val,0,0,0,0
DJI_0975_1_0.jpg,82e85099f5ed88a3cacfc99134d78d7f98def34d136f16e9f7bb05bb5e1dc8d6,DJI_0975,scene_12_DJI_0975-0979,test,id_val,val,1,1,0,1
DJI_0975_1_1.jpg,f1a4513d74eaf8f25e29fdf2f2133cfd6834448b6bfbc4fa223a8b7eb264c56e,DJI_0975,scene_12_DJI_0975-0979,test,id_val,val,0,0,0,0
DJI_0975_1_2.jpg,432a65d338a155f0455ab7887bbebd52ff7de29d6b8550613dfaa9d651ac2267,DJI_0975,scene_12_DJI_0975-0979,test,id_val,val,0,0,0,0
DJI_0975_1_3.jpg,6e01791d0619da57f7e012d788999378efecde11296c3b6647cfcff7616e10eb,DJI_0975,scene_12_DJI_0975-0979,test,id_val,val,0,0,0,0
DJI_0975_1_4.jpg,677456e0d909d23d86a820df2af8679cf064f932b8962417e410823ada383110,DJI_0975,scene_12_DJI_0975-0979,test,id_val,val,0,0,0,0
DJI_0976_0_0.jpg,ce881e6e9839178f24f15df857d7068ed6e4e24460a3907e50e87b5e1b9c5941,DJI_0976,scene_12_DJI_0975-0979,test,id_val,val,0,0,0,0
DJI_0976_0_1.jpg,0deccd04e92ff66c41bd8d3b800f72113c8203d5bcc208517817f8e19076610d,DJI_0976,scene_12_DJI_0975-0979,test,id_val,val,0,0,0,0
DJI_0976_0_2.jpg,123cdf933a633fc3e28e9ab8c8f02bedb06654a44f00f75b154d159e3e99e11c,DJI_0976,scene_12_DJI_0975-0979,test,id_val,val,0,0,0,0
DJI_0976_0_3.jpg,9be4d4762c71067b6d47e676fc29e13de3e0c7839077cefbf2dc7fd194ae4d3c,DJI_0976,scene_12_DJI_0975-0979,test,id_val,val,0,0,0,0
DJI_0976_0_4.jpg,331cbbc06c89f657fe053ff526ea873a0de930ddc4085a49fbb8f6aa284b9a98,DJI_0976,scene_12_DJI_0975-0979,test,id_val,val,0,0,0,0
DJI_0976_1_0.jpg,6464eda5071623264af591fa897218bab04af2c07459c0ddd9f498f5554cffd9,DJI_0976,scene_12_DJI_0975-0979,test,id_val,val,0,0,0,0
DJI_0976_1_1.jpg,74d0563e6d9e9d7b58616d16b0596af2518fbee7a298d870ca206dab208cd47a,DJI_0976,scene_12_DJI_0975-0979,test,id_val,val,1,1,0,1
DJI_0976_1_2.jpg,6f4e4660ea3d77537e65f25c0c1b8a063b9d5f1da8e88e0862e7fc4c185cddd3,DJI_0976,scene_12_DJI_0975-0979,test,id_val,val,0,0,0,0
DJI_0976_1_3.jpg,5a4b2290659fd12ddd2b2b5fb6e1f972e1b9164b1cc20f53ceab78b78e6d9331,DJI_0976,scene_12_DJI_0975-0979,test,id_val,val,0,0,0,0
DJI_0976_1_4.jpg,7190fb7c97664bb260d3f8aa318a1f7eee8ea7f3324f02eab6c363c2ce407188,DJI_0976,scene_12_DJI_0975-0979,test,id_val,val,0,0,0,0
DJI_0977_0_0.jpg,b0b35e6d84418d26d36236c83bfbe5298508da6735a25012b6293a2cd1ac85c2,DJI_0977,scene_12_DJI_0975-0979,test,id_val,val,0,0,0,0
DJI_0977_0_1.jpg,99aa0aee034159e7f5d968a5bb66599bd6a1d02884d54ce8b603d4b324673cf2,DJI_0977,scene_12_DJI_0975-0979,test,id_val,val,0,0,0,0
DJI_0977_0_2.jpg,2b37f2681d8d266ca24c0cdfba840e831dd6c66ddebe3ec27e81c6166ae51f07,DJI_0977,scene_12_DJI_0975-0979,test,id_val,val,0,0,0,0
DJI_0977_0_3.jpg,f7ce7b5a5373513101dde3e077957c6adddcd25e21552748e3a5cd7d05301eb0,DJI_0977,scene_12_DJI_0975-0979,test,id_val,val,0,0,0,0
DJI_0977_0_4.jpg,b8242c3b5abcaa6a0fb3558b14ead352725a3f5441f23366c0c8886a691d3a4a,DJI_0977,scene_12_DJI_0975-0979,test,id_val,val,0,0,0,0
DJI_0977_1_0.jpg,65e9d9448db940963ae5ccd8a21cec80afd557363759f52fde4e20138b56ab3c,DJI_0977,scene_12_DJI_0975-0979,test,id_val,val,0,0,0,0
DJI_0977_1_1.jpg,37ac87a688e443ed156819dc55e07120bd092b2ef7788d31066d085c10fbe0dc,DJI_0977,scene_12_DJI_0975-0979,test,id_val,val,1,1,0,1
DJI_0977_1_2.jpg,8001b77194bf82b594a68f050b1846f3caac7baf82db2925411a712500a208e9,DJI_0977,scene_12_DJI_0975-0979,test,id_val,val,0,0,0,0
DJI_0977_1_3.jpg,8c31f2916e95d7d07c6fa50d5b5f231e4b4c14376b3fbb620ab885ad47538793,DJI_0977,scene_12_DJI_0975-0979,test,id_val,val,0,0,0,0
DJI_0977_1_4.jpg,b87366b155c2bd1eb07392536a4ceabfe1b6473c1eec8dd6a7315ac751b8f750,DJI_0977,scene_12_DJI_0975-0979,test,id_val,val,0,0,0,0
DJI_0978_0_0.jpg,9f6f36c0cb28d1edd562e739572b59444fe849c5c61c2f13d7ebdbdaa4548283,DJI_0978,scene_12_DJI_0975-0979,test,id_val,val,0,0,0,0
DJI_0978_0_1.jpg,be82e4a8650f12086a2d48284c4ea606829df37d0d1ce8b9300ccb363f22b32b,DJI_0978,scene_12_DJI_0975-0979,test,id_val,val,0,0,0,0
DJI_0978_0_2.jpg,961b26ffbbbdb15f5d610a33e8f2685aaee148fb3f2b8b8c3ca4f89a3a51b900,DJI_0978,scene_12_DJI_0975-0979,test,id_val,val,0,0,0,0
DJI_0978_0_3.jpg,5acdd4dec23fdce2eb4d51233f82d86e4a7dba66032a512283b866e6776b2de6,DJI_0978,scene_12_DJI_0975-0979,test,id_val,val,0,0,0,0
DJI_0978_0_4.jpg,09a32c3d3e70313845124d35e8a03b6d596668c79c70dadba0f950539f18dbad,DJI_0978,scene_12_DJI_0975-0979,test,id_val,val,0,0,0,0
DJI_0978_1_0.jpg,4d95ed9591207713e59d89b1ad5ebccf07a6042399fff20a335aca276fc6e8ec,DJI_0978,scene_12_DJI_0975-0979,test,id_val,val,1,1,0,1
DJI_0978_1_1.jpg,5b14ba8d0fcca63b92975d9a9d1efc08b0425eeb501de84548a4fed31d8ee203,DJI_0978,scene_12_DJI_0975-0979,test,id_val,val,0,0,0,0
DJI_0978_1_2.jpg,3f7cc1e779db4ebc098a1a8e72c6b5aa7a94e5b5195a56f53b67a82891e26139,DJI_0978,scene_12_DJI_0975-0979,test,id_val,val,0,0,0,0
DJI_0978_1_3.jpg,4fb1712bdc9c6b274bd440e259afe3b8cb13fd71f91c205c0fae4b61ba542dc1,DJI_0978,scene_12_DJI_0975-0979,test,id_val,val,0,0,0,0
DJI_0978_1_4.jpg,763062c5e463c73dd7a25bd2a65da839e28edb843dae649bace4606207c928e3,DJI_0978,scene_12_DJI_0975-0979,test,id_val,val,0,0,0,0
DJI_0979_0_0.jpg,5a80ee5bbf7022fae0c8aa1960852a37fdafea7a78d9fb48190cdd5ba41f0bf1,DJI_0979,scene_12_DJI_0975-0979,test,id_val,val,0,0,0,0
DJI_0979_0_1.jpg,c73f42d8ca4cfaa468fa8b7fc74df181f6aaa6abcdf7f9c8fbe3da2bacbd6b2c,DJI_0979,scene_12_DJI_0975-0979,test,id_val,val,0,0,0,0
DJI_0979_0_2.jpg,88773d159ee12d74469aa05f88c86e8620569fbed8c133aaf2a6bcd25cfae74d,DJI_0979,scene_12_DJI_0975-0979,test,id_val,val,0,0,0,0
DJI_0979_0_3.jpg,bb0a5809df66d2b35db1e96cb50d9d6a450dfccb4d9d29c7fe5fb191e2048ba0,DJI_0979,scene_12_DJI_0975-0979,test,id_val,val,0,0,0,0
DJI_0979_0_4.jpg,2dfe64926644d77b15b9d2ff972924ba4740cb81cf0e9031ede0b7ea23bce361,DJI_0979,scene_12_DJI_0975-0979,test,id_val,val,0,0,0,0
DJI_0979_1_0.jpg,9c606b6b3e4067d0404c15f432350c3f3b332f5f61a6081480be41a222771802,DJI_0979,scene_12_DJI_0975-0979,test,id_val,val,1,1,0,1
DJI_0979_1_1.jpg,8904f11e35f842669470d9e41deb6e543d055fef3bedc1e4603752f89fbbe61d,DJI_0979,scene_12_DJI_0975-0979,test,id_val,val,0,0,0,0
DJI_0979_1_2.jpg,29d76c85b69d3ec91643e9ab982fc4cd5e34824401ca0d0a37493087bd075bc4,DJI_0979,scene_12_DJI_0975-0979,test,id_val,val,0,0,0,0
DJI_0979_1_3.jpg,34d295bb9d6ec04472dc272fc098682a0134de86227ff57ad785f18cfab0f354,DJI_0979,scene_12_DJI_0975-0979,test,id_val,val,0,0,0,0
DJI_0979_1_4.jpg,783bf3b2da6b3d62c67dee018b2f300f1c59708ca8a29b9e304423e795140f91,DJI_0979,scene_12_DJI_0975-0979,test,id_val,val,0,0,0,0
DJI_0995_0_0.jpg,bc5e14b29ce4df64e6f31ca98630368c19670246d1d4429ecf3d80ff03f65462,DJI_0995,scene_13_DJI_0995-0995,test,id_val,val,0,0,0,0
DJI_0995_0_1.jpg,93f258ff019b598c5453d57842324b69060c6b77484d7db42501db3420d0d949,DJI_0995,scene_13_DJI_0995-0995,test,id_val,val,3,3,0,1
DJI_0995_0_2.jpg,92e505a6a08f4b9d85274e4e42662f9c976215dc98e7330cfee2366a3036ec2a,DJI_0995,scene_13_DJI_0995-0995,test,id_val,val,0,0,0,0
DJI_0995_0_3.jpg,5d2fc303a163fb070c801262b6c44bc78379d9b1b3560b2b5adc1c327d7b3d30,DJI_0995,scene_13_DJI_0995-0995,test,id_val,val,0,0,0,0
DJI_0995_0_4.jpg,f0292cd69c9d464660e609c4f17a78ac8c86ec6db1e8f81f3d4e9b66c8a48c4d,DJI_0995,scene_13_DJI_0995-0995,test,id_val,val,0,0,0,0
DJI_0995_1_0.jpg,15878e6d2a3cab16f0e62df97a9560c0120d7bcc0151555df33a6dff189f0a92,DJI_0995,scene_13_DJI_0995-0995,test,id_val,val,0,0,0,0
DJI_0995_1_1.jpg,ea20218d71a013288def2be3546db0d17d92319513647762b21ff0552bffa5e7,DJI_0995,scene_13_DJI_0995-0995,test,id_val,val,0,0,0,0
DJI_0995_1_2.jpg,f74a0a728d529712630090f7d234b486a14c2f3414e201c0ea8e68462c8de558,DJI_0995,scene_13_DJI_0995-0995,test,id_val,val,0,0,0,0
DJI_0995_1_3.jpg,eebd0c610822bf35c4578771d4cc82d277e6c115c240ebf45d665a566a8f7dc4,DJI_0995,scene_13_DJI_0995-0995,test,id_val,val,0,0,0,0
DJI_0995_1_4.jpg,03b05173c2faa7108ea6789e154068a09ea4474362b77c82b587181408021e75,DJI_0995,scene_13_DJI_0995-0995,test,id_val,val,0,0,0,0
DJI_0004_0_0.jpg,ef16a3a020a549155899605beb154ff8653cd05b538ed4b15acecee9c42e58dd,DJI_0004,scene_01_DJI_0004-0061,train,train,train,0,0,0,0
DJI_0004_0_1.jpg,617622057441cf49965225686bb27bd48048ac519622cf86668ba0448bc1d1bb,DJI_0004,scene_01_DJI_0004-0061,train,train,train,0,0,0,0
DJI_0004_0_2.jpg,b29c135a4c4db00aa2c6e003272937001dcd7910271316e9404beaab8fd4ecee,DJI_0004,scene_01_DJI_0004-0061,train,train,train,0,0,0,0
DJI_0004_0_3.jpg,60cbc7ea59f178ba0bfdd53db0aabd3065115fe0324c0b41cc7d4a32361bd4b4,DJI_0004,scene_01_DJI_0004-0061,train,train,train,2,2,0,1
DJI_0004_0_4.jpg,dc117ede1696f3b508c4f3eecb518a2a75258f3b1cb82e320ae0a9943bb1587e,DJI_0004,scene_01_DJI_0004-0061,train,train,train,0,0,0,0
DJI_0004_1_0.jpg,f926328291574aae90df3e10f5c0549141402a798f1346a8cdc69f708a685741,DJI_0004,scene_01_DJI_0004-0061,train,train,train,0,0,0,0
DJI_0004_1_1.jpg,c4b4f9c87e23a4cb4680f565e18529cd0c779c56ea967a1c5c9a749a17b42d87,DJI_0004,scene_01_DJI_0004-0061,train,train,train,0,0,0,0
DJI_0004_1_2.jpg,5f457f4b1ec7ae1deef8dc279b8a3f692fba877df789718757221f020ab3c214,DJI_0004,scene_01_DJI_0004-0061,train,train,train,0,0,0,0
DJI_0004_1_3.jpg,89b6caf8a4aabfbcd0cef2f296ee74a918d21b91f13de108dcc3cf01da0f80ba,DJI_0004,scene_01_DJI_0004-0061,train,train,train,0,0,0,0
DJI_0004_1_4.jpg,9fbd505c5a7490d0b2be386cd377c5e7f6af69ea4bc1d7c7182e84f9695a584f,DJI_0004,scene_01_DJI_0004-0061,train,train,train,0,0,0,0
DJI_0005_0_0.jpg,05d4e58712ab1b710d3dd49a1323918f527b27715654ed887663528cca9facdb,DJI_0005,scene_01_DJI_0004-0061,train,train,train,0,0,0,0
DJI_0005_0_1.jpg,7d43b986280af102756c2c9562b2da3f5fb9972b06a6ab32c081dac8d348aeb3,DJI_0005,scene_01_DJI_0004-0061,train,train,train,0,0,0,0
DJI_0005_0_2.jpg,d0d1ab25465042d9c0acb82a3197d58e61d213ea7b78b8d23eeb0c035b40a245,DJI_0005,scene_01_DJI_0004-0061,train,train,train,0,0,0,0
DJI_0005_0_3.jpg,c832964d74fb20927cd08b4496c5dc22d20a5e849dceb7729be22f12455bdb00,DJI_0005,scene_01_DJI_0004-0061,train,train,train,2,2,0,1
DJI_0005_0_4.jpg,5c13a314b0506a3cf4bea34db07941202bcd02e706cb1badcbdb1538eec66c63,DJI_0005,scene_01_DJI_0004-0061,train,train,train,0,0,0,0
DJI_0005_1_0.jpg,f77dd01a33a665bddae914f4128e07c4789067ffdae081ee1cda0dc4fcbf586f,DJI_0005,scene_01_DJI_0004-0061,train,train,train,0,0,0,0
DJI_0005_1_1.jpg,8975aa0a585be47b5182f133cc503e5e000fbe39e7ff48836d4d57d76c89879e,DJI_0005,scene_01_DJI_0004-0061,train,train,train,0,0,0,0
DJI_0005_1_2.jpg,87cd46f3207173e9527401c4424d8bb2c2f1497ecaec9a475e920bd12f202399,DJI_0005,scene_01_DJI_0004-0061,train,train,train,0,0,0,0
DJI_0005_1_3.jpg,f130777fb02bb79b6eb019b90b2157ec2065848dd2f611b49ec5e066cd07ba67,DJI_0005,scene_01_DJI_0004-0061,train,train,train,0,0,0,0
DJI_0005_1_4.jpg,04c4f20ca87a1702a1edde82be4c07ca94379ac26010755e0ddd0b778be4a709,DJI_0005,scene_01_DJI_0004-0061,train,train,train,0,0,0,0
DJI_0006_0_0.jpg,0f0bdd54938687bdbb7e8fdee0d5356441023b5952f27055f46e396856184b4e,DJI_0006,scene_01_DJI_0004-0061,train,train,train,0,0,0,0
DJI_0006_0_1.jpg,2e1e3d1a4c79cb7f38fd0c60aa3cc9eacc9db5c0e4080c16749b3fae8302145a,DJI_0006,scene_01_DJI_0004-0061,train,train,train,0,0,0,0
DJI_0006_0_2.jpg,c0a0a8c688ea1015dd476a3234f3e9f02d3a41d1f545639537761c75133b8a67,DJI_0006,scene_01_DJI_0004-0061,train,train,train,1,1,0,1
DJI_0006_0_3.jpg,7f937980168c18278e87d07f26bfd7c5815e61c342a2cc3adbbaa808ee30b33e,DJI_0006,scene_01_DJI_0004-0061,train,train,train,1,1,0,1
DJI_0006_0_4.jpg,3bea17c8431024dad6407976f4d2168a9434809ff25c0dabf623788736a7ba67,DJI_0006,scene_01_DJI_0004-0061,train,train,train,0,0,0,0
DJI_0006_1_0.jpg,7e046795168620dbc065e4b812fa9e35b14aef8e2a54d97291dbd95ce18ccac0,DJI_0006,scene_01_DJI_0004-0061,train,train,train,0,0,0,0
DJI_0006_1_1.jpg,334cceb9a7f98cadb80bbcc21a6505089b89d62b39f423a7c407ada84d552e76,DJI_0006,scene_01_DJI_0004-0061,train,train,train,0,0,0,0
DJI_0006_1_2.jpg,b9a5a47a7cf5c344259a1d2601b026d12eea30a7445a6283e6bf618dd63aaa15,DJI_0006,scene_01_DJI_0004-0061,train,train,train,0,0,0,0
DJI_0006_1_3.jpg,fcd264d1e607cf781bdcc303e80729a851eac554179f84206ef25847d7f7a705,DJI_0006,scene_01_DJI_0004-0061,train,train,train,0,0,0,0
DJI_0006_1_4.jpg,42305ca8255f216c90f7fd61731040d3eb530a268bcba314d9fc023ee50620cc,DJI_0006,scene_01_DJI_0004-0061,train,train,train,0,0,0,0
DJI_0007_0_0.jpg,3c10fd73c6b874649d53691cca8e0a413f9968014f3faeb6fdba1a737605ddc5,DJI_0007,scene_01_DJI_0004-0061,train,train,train,0,0,0,0
DJI_0007_0_1.jpg,a262e5921bb02fbcb74d3c1617bc8491f4513e419713fd8ffd4f1b80b7feeb44,DJI_0007,scene_01_DJI_0004-0061,train,train,train,0,0,0,0
DJI_0007_0_2.jpg,cf6514710e08bffdf4405f435ae8ee10dcbcba41b1e0de126f06a6ad5c6655ae,DJI_0007,scene_01_DJI_0004-0061,train,train,train,1,1,0,1
DJI_0007_0_3.jpg,6391b5bd2eae3e7f544be1db2805065ec14fc6de7a823ce835e2b42e36a6802a,DJI_0007,scene_01_DJI_0004-0061,train,train,train,1,1,0,1
DJI_0007_0_4.jpg,a6e9ab6b0a7dbc7b276328779dc1a13f7dd759359114e6c9feb646b2bd04e9e8,DJI_0007,scene_01_DJI_0004-0061,train,train,train,0,0,0,0
DJI_0007_1_0.jpg,e079e1e16256d736048c61381531d4c81ed52552d11c0902f26256961be563de,DJI_0007,scene_01_DJI_0004-0061,train,train,train,0,0,0,0
DJI_0007_1_1.jpg,0b560553f09acaf7a8841193745edf73b43d4bf340e5ace47fd26007018517db,DJI_0007,scene_01_DJI_0004-0061,train,train,train,1,1,0,1
DJI_0007_1_2.jpg,583782585d03e9d8abcdb313fde2a0b7a2f1b4e0cc6ea221716b608a28033295,DJI_0007,scene_01_DJI_0004-0061,train,train,train,0,0,0,0
DJI_0007_1_3.jpg,3b14b6691eec4c61ab2de963c1fd8525ee630a5e07f763f728f4dc1058eb5dfe,DJI_0007,scene_01_DJI_0004-0061,train,train,train,0,0,0,0
DJI_0007_1_4.jpg,f5a49712c5fdfc2baccf1b6878fe3710724c0f126dd8bc1ff6e787bb20c8e560,DJI_0007,scene_01_DJI_0004-0061,train,train,train,0,0,0,0
DJI_0008_0_0.jpg,f94543b63c3e3297a753a5344ff69f13b534ece5245a56bd340ee55b9b424fd6,DJI_0008,scene_01_DJI_0004-0061,train,train,train,0,0,0,0
DJI_0008_0_1.jpg,9a454bcf561db6f32d233e8f5621adfdf7941bf7d1e4218893862709156c506c,DJI_0008,scene_01_DJI_0004-0061,train,train,train,0,0,0,0
DJI_0008_0_2.jpg,5cc8369496c009ade224b585c38e547fad31297429689465d16e865443805cc1,DJI_0008,scene_01_DJI_0004-0061,train,train,train,0,0,0,0
DJI_0008_0_3.jpg,c8faa2825cf18546d1fbc96bcf89c5cafff1f3c88013b49bae5937a942ec74c1,DJI_0008,scene_01_DJI_0004-0061,train,train,train,2,2,0,1
DJI_0008_0_4.jpg,dea5b8b45bbc7e8d5937e6cb1a221e63ed8cf48562d2403a8ae65056c81007e3,DJI_0008,scene_01_DJI_0004-0061,train,train,train,1,1,0,1
DJI_0008_1_0.jpg,319bd386ffaee7014ab35de684ddb5d4dc526942eb836d345ebdd0647446e460,DJI_0008,scene_01_DJI_0004-0061,train,train,train,0,0,0,0
DJI_0008_1_1.jpg,a4bac49c20fed120a198db432f9df8f9514a5ce6727e1f3973c8eee41dcfb496,DJI_0008,scene_01_DJI_0004-0061,train,train,train,1,0,1,0
DJI_0008_1_2.jpg,07a51632d2647c0efcb95f329897308e2375e3555e1c6b5bdf08b30800ee9820,DJI_0008,scene_01_DJI_0004-0061,train,train,train,0,0,0,0
DJI_0008_1_3.jpg,df797f793fedae7bd42a71c989199831a45706b6176c91728c8817ac013250dc,DJI_0008,scene_01_DJI_0004-0061,train,train,train,0,0,0,0
DJI_0008_1_4.jpg,3a206cb016e9c2977ba5d5ab92f8533bd3141d21a06fe3660e1145e296e103c3,DJI_0008,scene_01_DJI_0004-0061,train,train,train,0,0,0,0
DJI_0009_0_0.jpg,5fd2354ceed8c0be0c204e3fe4e822223a9e3c5538aa968ef3a593ac69330a7c,DJI_0009,scene_01_DJI_0004-0061,train,train,train,0,0,0,0
DJI_0009_0_1.jpg,d6bf96f9f171c6854ba729741b6b68db899a3d455373dcc6c431568229f8a3df,DJI_0009,scene_01_DJI_0004-0061,train,train,train,0,0,0,0
DJI_0009_0_2.jpg,483ec5ac06fc68805d5486e710ed301fad6956324aa5b9ee98d22b4238f00504,DJI_0009,scene_01_DJI_0004-0061,train,train,train,0,0,0,0
DJI_0009_0_3.jpg,d3b11eea050a60392182b55cbfa34dffe29def0480a2dc6ce5742d2426cf5b73,DJI_0009,scene_01_DJI_0004-0061,train,train,train,2,2,0,1
DJI_0009_0_4.jpg,ad31035c5389ae53f5a14e81a459118f0eeb5d9a5dbd3dc0b03d10ab07d482e3,DJI_0009,scene_01_DJI_0004-0061,train,train,train,1,1,0,1
DJI_0009_1_0.jpg,1af73d2838c64a5ee7e89a3d6f5e64d8ad36457a564c798f2c46433ae8587bd6,DJI_0009,scene_01_DJI_0004-0061,train,train,train,0,0,0,0
DJI_0009_1_1.jpg,f5021b79538d115e3deb4bb080befcc0da7783e5cf0ecdd320bd63820ab53245,DJI_0009,scene_01_DJI_0004-0061,train,train,train,1,1,0,1
DJI_0009_1_2.jpg,bb71a09394566564729aee3794938c6a1522ef871864b9f270920c25cf577274,DJI_0009,scene_01_DJI_0004-0061,train,train,train,0,0,0,0
DJI_0009_1_3.jpg,11c0971aa89264dff08eca29625b28f41167043b1f52e5174408a6b99b54b03b,DJI_0009,scene_01_DJI_0004-0061,train,train,train,0,0,0,0
DJI_0009_1_4.jpg,f4b74a8376ef5d30b6f0639d3bc34d211eb59d2924de6133eeca1f749bab4c7b,DJI_0009,scene_01_DJI_0004-0061,train,train,train,0,0,0,0
DJI_0010_0_0.jpg,437698cf7043ecf0b9a91ee784409ac33e795bb2096d5338121586b87910f82b,DJI_0010,scene_01_DJI_0004-0061,train,train,train,0,0,0,0
DJI_0010_0_1.jpg,448ab805db1a169bb83ac61597fe11f25a076023e1b8bc74256b11f02bea625b,DJI_0010,scene_01_DJI_0004-0061,train,train,train,0,0,0,0
DJI_0010_0_2.jpg,dc0aa21953a572d7c6a29f943a598fc6cc59fbe5a6ae5971f7dbccf5b51b1d44,DJI_0010,scene_01_DJI_0004-0061,train,train,train,0,0,0,0
DJI_0010_0_3.jpg,112c6f797e7d4f58aafc9f283830a5ff28d09670ff3d23451b88e87238a9c07c,DJI_0010,scene_01_DJI_0004-0061,train,train,train,2,2,0,1
DJI_0010_0_4.jpg,252385cf3f07182513fddb9b78edd1975b4af5fef97342b3669ec4342ae7ff35,DJI_0010,scene_01_DJI_0004-0061,train,train,train,1,0,1,0
DJI_0010_1_0.jpg,e9d16914988e11a9881ec1b216a0f2a1ce6be0531d808795977599a5697e3d65,DJI_0010,scene_01_DJI_0004-0061,train,train,train,0,0,0,0
DJI_0010_1_1.jpg,29725851499ea043f6e282da0051830150d031638dfe9b57f5f341cbf26a4912,DJI_0010,scene_01_DJI_0004-0061,train,train,train,0,0,0,0
DJI_0010_1_2.jpg,c5b630e39fcf7bf5f69b5653f1b6e72b5e8c428f9b290894c615df7fcfdf9583,DJI_0010,scene_01_DJI_0004-0061,train,train,train,1,1,0,1
DJI_0010_1_3.jpg,3288d68c85e68a86280080ff4bf5eb5310a9fae5aa96aef20ae98f3eb6427829,DJI_0010,scene_01_DJI_0004-0061,train,train,train,0,0,0,0
DJI_0010_1_4.jpg,35293594bda42baf52eec0dbedbbbf1041484d69a7652e002ecc178467620d4b,DJI_0010,scene_01_DJI_0004-0061,train,train,train,0,0,0,0
DJI_0011_0_0.jpg,9072b3eaf21bd02927ff827e9ff18034d9238d38f325867e02151c98a3dc9e05,DJI_0011,scene_01_DJI_0004-0061,train,train,train,0,0,0,0
DJI_0011_0_1.jpg,45668d8c7747a39d51f90dadc3056dc27eb4f3bd8b8a62e853d81dd258518656,DJI_0011,scene_01_DJI_0004-0061,train,train,train,0,0,0,0
DJI_0011_0_2.jpg,fbe5b16b62c89c787403830d6f55f12f701bcec4ac8fce7da7b92238db74646f,DJI_0011,scene_01_DJI_0004-0061,train,train,train,0,0,0,0
DJI_0011_0_3.jpg,40b928454cef6000f3c82559e27cf5e41790696208d626177708819850b06657,DJI_0011,scene_01_DJI_0004-0061,train,train,train,2,2,0,1
DJI_0011_0_4.jpg,75f465f919f85f572e744b9f06344d01485286af8cffa34876bfe4c6e756679a,DJI_0011,scene_01_DJI_0004-0061,train,train,train,0,0,0,0
DJI_0011_1_0.jpg,7716792f46281b69d375136804b112519c7254205df199a31789971f7bdb8375,DJI_0011,scene_01_DJI_0004-0061,train,train,train,0,0,0,0
DJI_0011_1_1.jpg,d5c00ff540d3c2040a631b761726c50792a542eb9dc5994bb629d2b488803b47,DJI_0011,scene_01_DJI_0004-0061,train,train,train,0,0,0,0
DJI_0011_1_2.jpg,5d170f2d6de15889a77c6cc0a1691e3a8a322e3f3e910fb2bda4bf4b3d06a55f,DJI_0011,scene_01_DJI_0004-0061,train,train,train,1,1,0,1
DJI_0011_1_3.jpg,2df8910bc05f85857972a9a0b309e4ba5b1f9847c1ae9f9a9dd9ed761954d88d,DJI_0011,scene_01_DJI_0004-0061,train,train,train,0,0,0,0
DJI_0011_1_4.jpg,72c3ff9056c0ad940e58291669c2fcc7825ad168e6a4dc98d9952133e0a3e4b8,DJI_0011,scene_01_DJI_0004-0061,train,train,train,0,0,0,0
DJI_0012_0_0.jpg,cedadfe1db75e6898ff59b92a89373e10d1414d90b31e691140c00692a900569,DJI_0012,scene_01_DJI_0004-0061,train,train,train,0,0,0,0
DJI_0012_0_1.jpg,e54584956b464129043ea2ffdcf3574f13f2652862ccabf3b294219c9bbd735c,DJI_0012,scene_01_DJI_0004-0061,train,train,train,0,0,0,0
DJI_0012_0_2.jpg,1efe61c12c61d15ae1323f55ebd30bb7da8ae3f049a8640a3edd6dea4cbfb135,DJI_0012,scene_01_DJI_0004-0061,train,train,train,0,0,0,0
DJI_0012_0_3.jpg,656aef4ad10d178a446667b5678ae5b6a65a33079d6e26574893ae26ad2f9131,DJI_0012,scene_01_DJI_0004-0061,train,train,train,2,2,0,1
DJI_0012_0_4.jpg,5ef1153b7a5d7c885f423b5637ad46e54b9919222e090f57c9fa426e387c9309,DJI_0012,scene_01_DJI_0004-0061,train,train,train,0,0,0,0
DJI_0012_1_0.jpg,dd0f70c62b8a07ccad3cf661f06081a9146fe20a611da9e1bfeda79f92c19c33,DJI_0012,scene_01_DJI_0004-0061,train,train,train,0,0,0,0
DJI_0012_1_1.jpg,520ac4bf57faeafc734d40baf3ff7fa94d96cb627a65386950412f380c0fc96a,DJI_0012,scene_01_DJI_0004-0061,train,train,train,0,0,0,0
DJI_0012_1_2.jpg,4702ed935135c2a8ed287bb49785a59468ab7e9ee82e6dd2f26ed4c52f8f4210,DJI_0012,scene_01_DJI_0004-0061,train,train,train,1,1,0,1
DJI_0012_1_3.jpg,05cfb474a71086e2b09f76a7fe6148c41cad46e4154341887c4f85a6af31eb76,DJI_0012,scene_01_DJI_0004-0061,train,train,train,0,0,0,0
DJI_0012_1_4.jpg,b5e8b6243a6426e32401dbb319877c7dea472c214903259d9cfc4a9215ec46dd,DJI_0012,scene_01_DJI_0004-0061,train,train,train,0,0,0,0
DJI_0013_0_0.jpg,ebdfdb441bc59e7c4ea6ee8595bb33ecfb2fe5848ff5b4bae75a7f8e94369ef4,DJI_0013,scene_01_DJI_0004-0061,train,train,train,0,0,0,0
DJI_0013_0_1.jpg,8266a37857b4d450ec5d300051818fefad78c14dc7afcdd4fe9b9e8f0b624bef,DJI_0013,scene_01_DJI_0004-0061,train,train,train,0,0,0,0
DJI_0013_0_2.jpg,85cf1f68e4669eb1285059e4ca583accc99b1b0edb180a3d6ed9341db9831cc4,DJI_0013,scene_01_DJI_0004-0061,train,train,train,0,0,0,0
DJI_0013_0_3.jpg,8364197640ab209afe48e8dcef88b8d7eb6de222375a05a0a038c10b634ba95b,DJI_0013,scene_01_DJI_0004-0061,train,train,train,2,2,0,1
DJI_0013_0_4.jpg,f53ef90e25fc93db5b631eead90b54e7d94498acd1689901ca2118dbbceb66ff,DJI_0013,scene_01_DJI_0004-0061,train,train,train,0,0,0,0
DJI_0013_1_0.jpg,24d3ce601ee7ba01e2afd24c0e129e2f1102430edd87678f029f04f4ec13d617,DJI_0013,scene_01_DJI_0004-0061,train,train,train,0,0,0,0
DJI_0013_1_1.jpg,776d88231b9a8d1828958025ffcc50274bb87dc27f78e367890aa072d125a79c,DJI_0013,scene_01_DJI_0004-0061,train,train,train,1,1,0,1
DJI_0013_1_2.jpg,23ce88b700441e994cc949acc6d2b6f3d3a5511923c2f9556ee1c1627fcb36fb,DJI_0013,scene_01_DJI_0004-0061,train,train,train,0,0,0,0
DJI_0013_1_3.jpg,2d703382948fe2212d679b0d8c24099c52517698acba8556f1df70847aff0e93,DJI_0013,scene_01_DJI_0004-0061,train,train,train,0,0,0,0
DJI_0013_1_4.jpg,bb491b7d60c285f47be445d2b93d9e359a8128ae94ed5f20fa2b88ab3b0f5a0e,DJI_0013,scene_01_DJI_0004-0061,train,train,train,0,0,0,0
DJI_0014_0_0.jpg,bf40fb2e62933373392640a629db6be9f81f9d6b3631936c56e93d8fe88a33b0,DJI_0014,scene_01_DJI_0004-0061,train,train,train,0,0,0,0
DJI_0014_0_1.jpg,440daecab7099dc6666d47bad6eab9e8ba9053ed40c559cf5ccab6fe0e64a375,DJI_0014,scene_01_DJI_0004-0061,train,train,train,0,0,0,0
DJI_0014_0_2.jpg,e3ff12846eb860e712c2caa2b36bbeda07a26c6bbb05b7ee5fc00c450813cfe0,DJI_0014,scene_01_DJI_0004-0061,train,train,train,1,1,0,1
DJI_0014_0_3.jpg,37e602c500c4cd84e4fdb740fe3e69e58c3ba0601f168940789ca2ce3d5e078b,DJI_0014,scene_01_DJI_0004-0061,train,train,train,1,1,0,1
DJI_0014_0_4.jpg,f304731a31517816ee7068de015fc3f502210b2064b5942e43e1fb848702bb5b,DJI_0014,scene_01_DJI_0004-0061,train,train,train,1,1,0,1
DJI_0014_1_0.jpg,542e8c8cc48ae9d64ebc50e7ad690189daa3c3c1b610ac2456cdd6cedca4c3db,DJI_0014,scene_01_DJI_0004-0061,train,train,train,0,0,0,0
DJI_0014_1_1.jpg,5de86aee5e37208dee49a2767190a0778d2365e8c893ecf29bb7deb5e90f3e44,DJI_0014,scene_01_DJI_0004-0061,train,train,train,1,1,0,1
DJI_0014_1_2.jpg,0207a9f535d0db4cd099860c3335215dc079c97f538620913eac77606f8281d4,DJI_0014,scene_01_DJI_0004-0061,train,train,train,0,0,0,0
DJI_0014_1_3.jpg,1e2875375b65a236d5a5c3801d0b46fdedee40f12bbdb943a9441e4df2f108c4,DJI_0014,scene_01_DJI_0004-0061,train,train,train,0,0,0,0
DJI_0014_1_4.jpg,97770458baa5eb57e7a9d5c0bf496e1b8f5690208f0c71868649398dad02d5c1,DJI_0014,scene_01_DJI_0004-0061,train,train,train,0,0,0,0
DJI_0015_0_0.jpg,26b4a1132b0520f0676b1d3df03008ad8296c290db73ee53439aea47a6f70083,DJI_0015,scene_01_DJI_0004-0061,train,train,train,0,0,0,0
DJI_0015_0_1.jpg,9bb13e80d4719162437ec4ab32f27910826eb6daec4e550da1e345b97656f4ae,DJI_0015,scene_01_DJI_0004-0061,train,train,train,0,0,0,0
DJI_0015_0_2.jpg,1228da866d6e890d414f4069862407f6715bf2f8c79f8e98a5378c1f82ccfa08,DJI_0015,scene_01_DJI_0004-0061,train,train,train,1,1,0,1
DJI_0015_0_3.jpg,1c272258183db50f6762e104e893a41a9bd5d9184678dc09e2294f2fb4ffe4d9,DJI_0015,scene_01_DJI_0004-0061,train,train,train,1,1,0,1
DJI_0015_0_4.jpg,e2a8b3c92d6afb1e5c79ebd86d0e0ccd0cb17ca110c1f047038546d382542c94,DJI_0015,scene_01_DJI_0004-0061,train,train,train,1,1,0,1
DJI_0015_1_0.jpg,af054e537a64968ac028cb6142d7a9917b2c13c936b66f7317fa17e87991dfb3,DJI_0015,scene_01_DJI_0004-0061,train,train,train,0,0,0,0
DJI_0015_1_1.jpg,725b07c80f940bae60f5808861c8cd28b560a561df678e802496f2effee4f23f,DJI_0015,scene_01_DJI_0004-0061,train,train,train,1,1,0,1
DJI_0015_1_2.jpg,e21883addc2280b05a72e1be484d62dc014fc4d5d0bd95e1d9bb517153bfa926,DJI_0015,scene_01_DJI_0004-0061,train,train,train,0,0,0,0
DJI_0015_1_3.jpg,eda9fd2fb8a061709238853522c6604ce02fd64c314dd63fc9b056406b8e950e,DJI_0015,scene_01_DJI_0004-0061,train,train,train,0,0,0,0
DJI_0015_1_4.jpg,d26f51865c1c40a08caed1bc2a6be6b099bf658ae781dd32421d71c6e2cee091,DJI_0015,scene_01_DJI_0004-0061,train,train,train,0,0,0,0
DJI_0016_0_0.jpg,7be5bfbd7affbb285da15fb5e31c0469a61f2ec7d2dd50672aa0a689ea49fe4a,DJI_0016,scene_01_DJI_0004-0061,train,train,train,0,0,0,0
DJI_0016_0_1.jpg,55b923ab4d9c7f583104159a64b30cafc97f54c5fe2bdc79f9181f6eddd6f48e,DJI_0016,scene_01_DJI_0004-0061,train,train,train,0,0,0,0
DJI_0016_0_2.jpg,c6143d68dfa948015928ece1090e050857b26d61a652048227f58f926d428e9a,DJI_0016,scene_01_DJI_0004-0061,train,train,train,1,1,0,1
DJI_0016_0_3.jpg,044a33707b4ca6c0d587f9de2b944d511835dfe83e5fb46e3a130c87b42f49db,DJI_0016,scene_01_DJI_0004-0061,train,train,train,1,1,0,1
DJI_0016_0_4.jpg,d4c9a711a1b9b859803c6e541dc0686cfe9c2e10b9796f369690b1f3a1fc0d16,DJI_0016,scene_01_DJI_0004-0061,train,train,train,1,1,0,1
DJI_0016_1_0.jpg,58aa78b7d83dbaa42d35e6484c49c43c4936b9b96e141b9b82ce1a0f643ccf4b,DJI_0016,scene_01_DJI_0004-0061,train,train,train,0,0,0,0
DJI_0016_1_1.jpg,06bf592476d0256f083fa3d6b2ecfe2e7e17b45f89e2933ae8c99c1090811351,DJI_0016,scene_01_DJI_0004-0061,train,train,train,1,1,0,1
DJI_0016_1_2.jpg,895add1bbe693cabd03098a3f5e0d98c74081a63220a890b60c610f8b4252852,DJI_0016,scene_01_DJI_0004-0061,train,train,train,0,0,0,0
DJI_0016_1_3.jpg,284c201199412ddf15e43bcd678ecae251f61190f35f1cea002c780f1b141f7f,DJI_0016,scene_01_DJI_0004-0061,train,train,train,0,0,0,0
DJI_0016_1_4.jpg,cc114e9786f122e65573121f93b8febb04c78c882e150f5fe80b7ff9791e36fe,DJI_0016,scene_01_DJI_0004-0061,train,train,train,0,0,0,0
DJI_0017_0_0.jpg,4ddbcdf2de18a3095f0c00b6ecbb0edda8d5660f071417867cde69ef1a3aecf6,DJI_0017,scene_01_DJI_0004-0061,train,train,train,0,0,0,0
DJI_0017_0_1.jpg,8e6f99a1b55b393898de8cd02bb627a4b9353cf0a48294f5c54effbfc430383a,DJI_0017,scene_01_DJI_0004-0061,train,train,train,0,0,0,0
DJI_0017_0_2.jpg,7ca14162b8557252acb79db0f064abb769ee118fea21322b22b85fd8fb658a6a,DJI_0017,scene_01_DJI_0004-0061,train,train,train,1,1,0,1
DJI_0017_0_3.jpg,e5868f3a0674b0d31f3e3438fe62152d83ab5ef60c811cf6926195ebd67760b9,DJI_0017,scene_01_DJI_0004-0061,train,train,train,1,1,0,1
DJI_0017_0_4.jpg,4db48f773a02abbb64c56b5b3f7f11b468ae7ed371bf7f12af07c16cea12f325,DJI_0017,scene_01_DJI_0004-0061,train,train,train,1,1,0,1
DJI_0017_1_0.jpg,bd4bb62b2d5f73f952ab3f2abe0021431025a0e90356b0753fdae9e59b5a77ff,DJI_0017,scene_01_DJI_0004-0061,train,train,train,0,0,0,0
DJI_0017_1_1.jpg,e29d92f50541ff990439ee71ac285d6d17b0fcb71bcfe6b975f8010041bedc07,DJI_0017,scene_01_DJI_0004-0061,train,train,train,1,1,0,1
DJI_0017_1_2.jpg,8575f283e033d01f6a997569804abdb170f3b1f83fb35da5ff3942d133263cad,DJI_0017,scene_01_DJI_0004-0061,train,train,train,0,0,0,0
DJI_0017_1_3.jpg,96c9c7799997b03d6d8895a5d502557eabc7d3d48e6722a290f606c6406c07ef,DJI_0017,scene_01_DJI_0004-0061,train,train,train,0,0,0,0
DJI_0017_1_4.jpg,99dce768eba9f0719215387b652f05e3884aad0342c86f386465e53c1044bad5,DJI_0017,scene_01_DJI_0004-0061,train,train,train,0,0,0,0
DJI_0018_0_0.jpg,2884e0ec02e38bfd5a64f442e8207c494b74a2ba59161418901cff0ce1753c9a,DJI_0018,scene_01_DJI_0004-0061,train,train,train,0,0,0,0
DJI_0018_0_1.jpg,6a549d2478c137e202fa175c242fd470a96f0a1d14477d1ef5d6da110db13d83,DJI_0018,scene_01_DJI_0004-0061,train,train,train,0,0,0,0
DJI_0018_0_2.jpg,77a00bf28587503507876a04a751e7645cf79634ad8be90f0893a823d1580f03,DJI_0018,scene_01_DJI_0004-0061,train,train,train,1,1,0,1
DJI_0018_0_3.jpg,d04431c59bfd3c126520e551e7b44408aae7f2eda6293ba91a38e8f66dabcf2d,DJI_0018,scene_01_DJI_0004-0061,train,train,train,1,1,0,1
DJI_0018_0_4.jpg,f88f63ae1fe8db27ade833afceebef57a01f429da5f48417c0f80afca0a24267,DJI_0018,scene_01_DJI_0004-0061,train,train,train,1,1,0,1
DJI_0018_1_0.jpg,7b0d4d0bdf10f377e19cfe244a96cd65f126b5127df443b1211519d87b811b7b,DJI_0018,scene_01_DJI_0004-0061,train,train,train,0,0,0,0
DJI_0018_1_1.jpg,930b6caf41d111817e2ff1c6b405abcc7a374fb69ca4301be6c928ff4fbd57be,DJI_0018,scene_01_DJI_0004-0061,train,train,train,1,1,0,1
DJI_0018_1_2.jpg,a48770371ae41c37e2a1937256b82be783f446dfcecb47dc2bb9b330556684c6,DJI_0018,scene_01_DJI_0004-0061,train,train,train,0,0,0,0
DJI_0018_1_3.jpg,97db79132244e695d0c0a90b3eeb32fd7dfcb9c2a3f16ad99d62280c270436c0,DJI_0018,scene_01_DJI_0004-0061,train,train,train,0,0,0,0
DJI_0018_1_4.jpg,e1baf872e9287a52f971a85bff7047e0ba57dfd06d6e835d70ffa0bd6f8956fd,DJI_0018,scene_01_DJI_0004-0061,train,train,train,0,0,0,0
DJI_0019_0_0.jpg,619027c01ffcf832380c8cea98e953d8fd756c8f64c7fecc26e634e14eec255a,DJI_0019,scene_01_DJI_0004-0061,train,train,train,0,0,0,0
DJI_0019_0_1.jpg,88e2a543316c6f3f72dd39457434a92de213f6956751730184fa414bc47b5acb,DJI_0019,scene_01_DJI_0004-0061,train,train,train,0,0,0,0
DJI_0019_0_2.jpg,54b5bb0ca797c5bede34a1bf1b2d04bcec928541f9012dc8c0b7f43afdafea5a,DJI_0019,scene_01_DJI_0004-0061,train,train,train,1,1,0,1
DJI_0019_0_3.jpg,8f2c60cd223d2988aed9bcaa493cdc6cf4c148fcd27d03d6bac63784a52eb868,DJI_0019,scene_01_DJI_0004-0061,train,train,train,1,1,0,1
DJI_0019_0_4.jpg,a9a114d3d5a14e15b8074dbcde51fbbc6a2c3462146203670829a8de4ec75b0c,DJI_0019,scene_01_DJI_0004-0061,train,train,train,1,1,0,1
DJI_0019_1_0.jpg,b8335d887b50a549b9d0177ba4820f6fbce66d88aaf86946294987767f2bf7d8,DJI_0019,scene_01_DJI_0004-0061,train,train,train,0,0,0,0
DJI_0019_1_1.jpg,aa54fe7f0fab7abcf8013082702e61b153f012d5f956785e1bf42fb0fd9ee215,DJI_0019,scene_01_DJI_0004-0061,train,train,train,1,1,0,1
DJI_0019_1_2.jpg,318d68d8f7b982e3784720fdff2e88dc57b908e837ab28c3ec77c5af48d51dfb,DJI_0019,scene_01_DJI_0004-0061,train,train,train,0,0,0,0
DJI_0019_1_3.jpg,b402b05dcdd9b75ad6f79676a7285298c8c17707efd2ccbc96a09e5a4341e874,DJI_0019,scene_01_DJI_0004-0061,train,train,train,0,0,0,0
DJI_0019_1_4.jpg,dc892c57c35730a75349f70611948545688c930a2f919ef1c6e7af8abf72713b,DJI_0019,scene_01_DJI_0004-0061,train,train,train,0,0,0,0
DJI_0020_0_0.jpg,d7d20456b5fee307a988236db59925a08dc5481e2ba3e875d7deee8f6f498528,DJI_0020,scene_01_DJI_0004-0061,train,train,train,0,0,0,0
DJI_0020_0_1.jpg,9f200a6fca7c45d2fd9fb0785c1b457937784af2c82f3a190d6a3ca12d6a59d9,DJI_0020,scene_01_DJI_0004-0061,train,train,train,0,0,0,0
DJI_0020_0_2.jpg,f0b751067279608cf373c9baad8c3071c4b63d44dc98d16bed9bd2d0748c18c9,DJI_0020,scene_01_DJI_0004-0061,train,train,train,1,1,0,1
DJI_0020_0_3.jpg,322cbca03aace1f108f0fd2c8f1d4e569e42056e34a577d8eb12f01c1f107a6f,DJI_0020,scene_01_DJI_0004-0061,train,train,train,1,1,0,1
DJI_0020_0_4.jpg,6a9d6940e836eeae299d8539e314e04cc8d54d7d5d901e725e20011ebe715159,DJI_0020,scene_01_DJI_0004-0061,train,train,train,1,1,0,1
DJI_0020_1_0.jpg,3f249bb01a2298530da8e43c5bfc31ee0142fb75aef202bb4953f38a44b615f4,DJI_0020,scene_01_DJI_0004-0061,train,train,train,0,0,0,0
DJI_0020_1_1.jpg,14b50ec29f25beb841cb4404ca660108a928feb8abad75a33a0461d7a0871d57,DJI_0020,scene_01_DJI_0004-0061,train,train,train,1,1,0,1
DJI_0020_1_2.jpg,21bc51d6ba1d3002808e2302631ccb1aa2a1f0b5a0746a1ec5c88bc70ad573af,DJI_0020,scene_01_DJI_0004-0061,train,train,train,0,0,0,0
DJI_0020_1_3.jpg,de37d71b94e3c057617c1633385ac42d2081044b0a7ee38160ee4880234bf1d5,DJI_0020,scene_01_DJI_0004-0061,train,train,train,0,0,0,0
DJI_0020_1_4.jpg,28b866256106a04bf0be2c923dc74dbfb60c43878b38c6f65e13a0829edb5d56,DJI_0020,scene_01_DJI_0004-0061,train,train,train,0,0,0,0
DJI_0021_0_0.jpg,9a90503a18bc7f1f12a958c4326931789b13cf144ce0ab991dab6260f48b36e6,DJI_0021,scene_01_DJI_0004-0061,train,train,train,0,0,0,0
DJI_0021_0_1.jpg,a72d648601a998502da3d44b8b0939d7879b7d3c1f2a6878ca2e8f08af324e06,DJI_0021,scene_01_DJI_0004-0061,train,train,train,0,0,0,0
DJI_0021_0_2.jpg,10e57a065c99b2db78ba2ef19e8f597805b38ef149f4829ba088477ace6d10f3,DJI_0021,scene_01_DJI_0004-0061,train,train,train,1,1,0,1
DJI_0021_0_3.jpg,e44c31201c18165cf6f743b94afb6a9d1e5e17a11a700590b210300d4ff59fbe,DJI_0021,scene_01_DJI_0004-0061,train,train,train,1,1,0,1
DJI_0021_0_4.jpg,cc4ddce3a2dbe5aa23e199ebbac1b1fb7aa6690ef8c3c9e37013f300ff905365,DJI_0021,scene_01_DJI_0004-0061,train,train,train,1,1,0,1
DJI_0021_1_0.jpg,47a6ed69bbe2ba8261b76796c9497f965b4f1d81cf1a1af2010191eb0378b328,DJI_0021,scene_01_DJI_0004-0061,train,train,train,0,0,0,0
DJI_0021_1_1.jpg,1d4b41bb11ff53c41d139c6900b4fa86d28a53c4bd06e963f264918724a590ca,DJI_0021,scene_01_DJI_0004-0061,train,train,train,1,1,0,1
DJI_0021_1_2.jpg,26f2559e33882503f0238a54f00a9771168c905e7fbddd0ed637c3ac6feb013b,DJI_0021,scene_01_DJI_0004-0061,train,train,train,0,0,0,0
DJI_0021_1_3.jpg,1f203d2bbc955ee5c1de87bbad4db6d0f575a5b1f0be0ff1547087182e678103,DJI_0021,scene_01_DJI_0004-0061,train,train,train,0,0,0,0
DJI_0021_1_4.jpg,095e05561a22b2193ec2418c1d9bb3b4661b0b73b9dee9684e4bcd077282ccf5,DJI_0021,scene_01_DJI_0004-0061,train,train,train,0,0,0,0
DJI_0022_0_0.jpg,2d1ee4e3b56195452b9ccfd237a7774fa0c751f32306b598949db31d267b582e,DJI_0022,scene_01_DJI_0004-0061,train,train,train,0,0,0,0
DJI_0022_0_1.jpg,394021aa7f2918daa27240c06483c073a58aa0fd9914f1f9244e4ef396091ca3,DJI_0022,scene_01_DJI_0004-0061,train,train,train,0,0,0,0
DJI_0022_0_2.jpg,66c0e450cd81200ffc90022723bc36e51f3738ca50bc5e1a3f6c8b122e0a38e4,DJI_0022,scene_01_DJI_0004-0061,train,train,train,2,2,0,1
DJI_0022_0_3.jpg,1e4316348ec3c3fc4176d55e92c956b1a2926610b5fd2fd2f8e3c10fe37e20e8,DJI_0022,scene_01_DJI_0004-0061,train,train,train,0,0,0,0
DJI_0022_0_4.jpg,a0e6da868872be42e27f63f4d103c21afff2afaac48ccf2fda6832d2d7a9e3ba,DJI_0022,scene_01_DJI_0004-0061,train,train,train,0,0,0,0
DJI_0022_1_0.jpg,6d19b120d5063bdb0d85423e9894e595a77c012028e73b975fbd2e08bc4435c0,DJI_0022,scene_01_DJI_0004-0061,train,train,train,0,0,0,0
DJI_0022_1_1.jpg,5b70d91cd16f9af62e8b05733c8d3bc047bf4d14cedc3028d8cdd9ca7b617cd2,DJI_0022,scene_01_DJI_0004-0061,train,train,train,0,0,0,0
DJI_0022_1_2.jpg,3f2d1cb56a5b8ebe01ecc3583ebaa7551f0a9ee6079e129cde9dc70370269402,DJI_0022,scene_01_DJI_0004-0061,train,train,train,0,0,0,0
DJI_0022_1_3.jpg,38282423dd85ac1df234f50d218854ef30164d53c4fa8aa3cf84230eda8a1ba0,DJI_0022,scene_01_DJI_0004-0061,train,train,train,0,0,0,0
DJI_0022_1_4.jpg,3e2649bfb60a4d9fc8b11148972287b403141c9a9312408e3b0068fa22fafd75,DJI_0022,scene_01_DJI_0004-0061,train,train,train,1,1,0,1
DJI_0023_0_0.jpg,3305fb9384d851902d719409b0539856104faf028a8b088210c9f4360bde3519,DJI_0023,scene_01_DJI_0004-0061,train,train,train,0,0,0,0
DJI_0023_0_1.jpg,e2c74bf91c75db47f76d544f4c6559152e9fad1d24ac3f077197a89a529fd764,DJI_0023,scene_01_DJI_0004-0061,train,train,train,0,0,0,0
DJI_0023_0_2.jpg,3bcbd31c923af36a7500ecd6422385088df0a4ed2a0b8d8b0f133a87f80afe4e,DJI_0023,scene_01_DJI_0004-0061,train,train,train,2,2,0,1
DJI_0023_0_3.jpg,38f1f882fb8c19e4ab20ef7aad65ad5953b557c4d5e598f8c6cd60866ac5aa71,DJI_0023,scene_01_DJI_0004-0061,train,train,train,0,0,0,0
DJI_0023_0_4.jpg,dbef76c4de3c84f73aa1a9a2b560c51da04b89593e1972f08dd5b80e0953338b,DJI_0023,scene_01_DJI_0004-0061,train,train,train,0,0,0,0
DJI_0023_1_0.jpg,25c2174aca98ddae9d16f235dd78c4c1e28fb2f338da694bef21368c61f54a11,DJI_0023,scene_01_DJI_0004-0061,train,train,train,0,0,0,0
DJI_0023_1_1.jpg,cfe90dd3c13c541af799bdcc06c4f2925b1548a638868b807c136dbb1ccf5c95,DJI_0023,scene_01_DJI_0004-0061,train,train,train,0,0,0,0
DJI_0023_1_2.jpg,65d756953e5136982c724c09812faaa9dc6b26b9a2e774f6c03384752c90475c,DJI_0023,scene_01_DJI_0004-0061,train,train,train,0,0,0,0
DJI_0023_1_3.jpg,d29f5c1a619950a27426727674373727dded27d62db85f844c81f4e2489bf78e,DJI_0023,scene_01_DJI_0004-0061,train,train,train,0,0,0,0
DJI_0023_1_4.jpg,c9bd2f986e13680584fa7d53cae273d7a3abb4add877478c7dd2c09450273cbe,DJI_0023,scene_01_DJI_0004-0061,train,train,train,1,1,0,1
DJI_0024_0_0.jpg,e0550edf4786392936e83917be60b3e5945a8d99b0041b222dfdc71b1ff055ee,DJI_0024,scene_01_DJI_0004-0061,train,train,train,0,0,0,0
DJI_0024_0_1.jpg,923390642a80bb75f4f32952165a4ed218773637875d6675058499f2444bd732,DJI_0024,scene_01_DJI_0004-0061,train,train,train,1,1,0,1
DJI_0024_0_2.jpg,503c40e41eb31d714a6e12176672353e4254c569eb1e3df05e455b00b10c5bc3,DJI_0024,scene_01_DJI_0004-0061,train,train,train,2,1,1,1
DJI_0024_0_3.jpg,f07f13aea1793bce717524c3c8015a61589b4f8f96e8d1def64e9b126100a15a,DJI_0024,scene_01_DJI_0004-0061,train,train,train,0,0,0,0
DJI_0024_0_4.jpg,3a016bae07205e2c46333d79137b33e46e72c9d777f41d7fe8bf03204b5bbcaa,DJI_0024,scene_01_DJI_0004-0061,train,train,train,0,0,0,0
DJI_0024_1_0.jpg,205b3d6dd2e8f225faefad8e8d78070d9898d478f98f7d80b253012d28c2971c,DJI_0024,scene_01_DJI_0004-0061,train,train,train,0,0,0,0
DJI_0024_1_1.jpg,8a0488b6db1eb37ba8f4bdaa9e24bfc552344d27fea45f99f6474dc8e7ac46db,DJI_0024,scene_01_DJI_0004-0061,train,train,train,0,0,0,0
DJI_0024_1_2.jpg,c45b068179ab6b954d885e4e15299f7d841c10c857b7034006c37c9215569a31,DJI_0024,scene_01_DJI_0004-0061,train,train,train,1,0,1,0
DJI_0024_1_3.jpg,60875d2148b96a7a42d6d53089ea8ef8a24fec550f12ef5d5856eec832be5374,DJI_0024,scene_01_DJI_0004-0061,train,train,train,0,0,0,0
DJI_0024_1_4.jpg,be485b39ae7e6ee5171783b851af72c1163c94a8520789d42adac922a411aa72,DJI_0024,scene_01_DJI_0004-0061,train,train,train,1,1,0,1
DJI_0025_0_0.jpg,ad3906e4fb3ceed29d7c8abfe842b5375c16fdde360c5285aa52102ad86a1b17,DJI_0025,scene_01_DJI_0004-0061,train,train,train,0,0,0,0
DJI_0025_0_1.jpg,c1d557897d2d7c158a986ed46c8ceed609c9b62ae7adc13c700be9eb18fa3507,DJI_0025,scene_01_DJI_0004-0061,train,train,train,1,1,0,1
DJI_0025_0_2.jpg,db17aab93d3c4e02c4f912d08a34b53c5d3bfeaed7d94766df5ec1d19203144f,DJI_0025,scene_01_DJI_0004-0061,train,train,train,2,2,0,1
DJI_0025_0_3.jpg,a6d69e17123a440462dade728e44b052c4c9e98c9d8756c4caa48c1f0517f541,DJI_0025,scene_01_DJI_0004-0061,train,train,train,0,0,0,0
DJI_0025_0_4.jpg,3257483ad5759ea427aa99d6e8f9c19a9cada039cd9d98f152202f923312d5db,DJI_0025,scene_01_DJI_0004-0061,train,train,train,0,0,0,0
DJI_0025_1_0.jpg,17e4de8102b83682e8f1c7b7256470412d558cc9f31c41f959a063a93929a343,DJI_0025,scene_01_DJI_0004-0061,train,train,train,0,0,0,0
DJI_0025_1_1.jpg,f285030940e75ff681b456d2fa887d41efb6ac329a87307d623f7bf019c7ed63,DJI_0025,scene_01_DJI_0004-0061,train,train,train,0,0,0,0
DJI_0025_1_2.jpg,ffed559099e9ff73a148e6b8e26bade6be5acac60fd8dbc4a36472c792da6434,DJI_0025,scene_01_DJI_0004-0061,train,train,train,0,0,0,0
DJI_0025_1_3.jpg,5280455a8cc0fac84bd06eb3ad08a56190d66d53558d204923fab6b246205fcb,DJI_0025,scene_01_DJI_0004-0061,train,train,train,1,1,0,1
DJI_0025_1_4.jpg,e43d4ffd2c66891c5452baafa8494f4f3fec515ea880684dc25987e592aa4f45,DJI_0025,scene_01_DJI_0004-0061,train,train,train,0,0,0,0
DJI_0026_0_0.jpg,269e5f48128bbe9f210b24a987fc7be1e93c86d57b0f8ee6d952b752ae735ddf,DJI_0026,scene_01_DJI_0004-0061,train,train,train,0,0,0,0
DJI_0026_0_1.jpg,3645a1d25a7caa8669490a73cb3af2579e1160d04bfce31140131f1e9d4d7a96,DJI_0026,scene_01_DJI_0004-0061,train,train,train,1,1,0,1
DJI_0026_0_2.jpg,493dd3025189c9ff63b4c2f54400cd79890b916b042cfdc77518209606751371,DJI_0026,scene_01_DJI_0004-0061,train,train,train,2,2,0,1
DJI_0026_0_3.jpg,f6408f82099f686ca06f7c33270faa433e215f7479a9ea8740a6ea51e2190b09,DJI_0026,scene_01_DJI_0004-0061,train,train,train,0,0,0,0
DJI_0026_0_4.jpg,6b4324b863a12504c95b7dcf66dcc2a66805772ab780ec566b2a208c7e0d82ba,DJI_0026,scene_01_DJI_0004-0061,train,train,train,0,0,0,0
DJI_0026_1_0.jpg,750dd9e5910973223d3b85565eadf20541c218914b7e4a3f3a9ce096868482bc,DJI_0026,scene_01_DJI_0004-0061,train,train,train,0,0,0,0
DJI_0026_1_1.jpg,97bdc31e7663f65f8cb3c0632341711b82fa29a3287107ec6feb0e287701f382,DJI_0026,scene_01_DJI_0004-0061,train,train,train,1,1,0,1
DJI_0026_1_2.jpg,9f9fc5d7b4591fc96342ac6e22198c20868be1e4705ef97a8a564990d534efb5,DJI_0026,scene_01_DJI_0004-0061,train,train,train,0,0,0,0
DJI_0026_1_3.jpg,2ae7ec01b0c2546006674a7edbe9fa2974affd75858cc1f382238efa79dadf9f,DJI_0026,scene_01_DJI_0004-0061,train,train,train,1,1,0,1
DJI_0026_1_4.jpg,1688b45eecfb6f6c07fe370ee2dff05624586209d741b0364115706fa3ca2f9f,DJI_0026,scene_01_DJI_0004-0061,train,train,train,0,0,0,0
DJI_0027_0_0.jpg,fe04113e9c4034c3ca9ab009a69615183a92d1906a004bf49d62df51cade0ae9,DJI_0027,scene_01_DJI_0004-0061,train,train,train,0,0,0,0
DJI_0027_0_1.jpg,85a2503911e7b11f3a761e3823a993e8b6af8a8636e762045e60fbd682863e29,DJI_0027,scene_01_DJI_0004-0061,train,train,train,1,0,1,0
DJI_0027_0_2.jpg,a753574091c34b1c747d26838b6445cb765efd038d6efc50f18105ead92a9706,DJI_0027,scene_01_DJI_0004-0061,train,train,train,3,3,0,1
DJI_0027_0_3.jpg,3456368b478e7cc3576d8f5db0f888518f910196bef0411259cc6da34bf1bfc9,DJI_0027,scene_01_DJI_0004-0061,train,train,train,0,0,0,0
DJI_0027_0_4.jpg,93a92e313426db8b095045ad8ef1bf674bb19161e19b46ff9ec5d975647c50a1,DJI_0027,scene_01_DJI_0004-0061,train,train,train,0,0,0,0
DJI_0027_1_0.jpg,d016a8adb9e107cb1609d73e3925f96a4cd8bd46f8576819645dfc33be1c0655,DJI_0027,scene_01_DJI_0004-0061,train,train,train,0,0,0,0
DJI_0027_1_1.jpg,228534f9ed815af8174c3e9e3bfeb3436fc6a764bb4bcaa99b95a610df128feb,DJI_0027,scene_01_DJI_0004-0061,train,train,train,0,0,0,0
DJI_0027_1_2.jpg,8cd1fea06727a9df8c49119d4cf8f3ecec3be1f01d43a642c16e4bf8e710f9c6,DJI_0027,scene_01_DJI_0004-0061,train,train,train,1,1,0,1
DJI_0027_1_3.jpg,2a8022962d11062f971827f8c27ab071f4b457a6b22d1b5f710b2e620523f2b6,DJI_0027,scene_01_DJI_0004-0061,train,train,train,0,0,0,0
DJI_0027_1_4.jpg,0cd63732927af2425e76f6b2bdebb1edad0a0b83af4381a8a2057f7a442f953a,DJI_0027,scene_01_DJI_0004-0061,train,train,train,1,1,0,1
DJI_0028_0_0.jpg,413f0fb0691c00ef538edffe4367e18cfe44c118fe6e1ac8376a6f5d15ee6e79,DJI_0028,scene_01_DJI_0004-0061,train,train,train,0,0,0,0
DJI_0028_0_1.jpg,f3308a382fcf361aa661f5b189f7f0623010eaddc1ddf64f0c1100ee9dea1607,DJI_0028,scene_01_DJI_0004-0061,train,train,train,0,0,0,0
DJI_0028_0_2.jpg,5771a8cce11ce474e27b965cdba51262ccab1d415cbb6be6ccfa68ea9d44327c,DJI_0028,scene_01_DJI_0004-0061,train,train,train,2,2,0,1
DJI_0028_0_3.jpg,a75ed07327926d8e068826f5caa15305c05c0830a7407a01d1d49fe73d5772ac,DJI_0028,scene_01_DJI_0004-0061,train,train,train,0,0,0,0
DJI_0028_0_4.jpg,ce58dbe6ce29ee0892476aea9d451ad3e1c0a8942657527dd645db43023f619d,DJI_0028,scene_01_DJI_0004-0061,train,train,train,0,0,0,0
DJI_0028_1_0.jpg,9e765d39f4ae09fff1eb17cda88a8cfedc152b339efe3d1147cf7635eb5c7018,DJI_0028,scene_01_DJI_0004-0061,train,train,train,0,0,0,0
DJI_0028_1_1.jpg,d6a29d8bcb6aeabfdbc78d006f80527a496800e2b180bd6b9b5149b669ea29c0,DJI_0028,scene_01_DJI_0004-0061,train,train,train,0,0,0,0
DJI_0028_1_2.jpg,8ae83a58157c33a4349870f5f88af8677e32b863a2a25a8c1aa05ec2f4306487,DJI_0028,scene_01_DJI_0004-0061,train,train,train,1,1,0,1
DJI_0028_1_3.jpg,a9b8ff508714af5d702144725b5d54d6294331eedad5c1113dc3b17a52f8dd27,DJI_0028,scene_01_DJI_0004-0061,train,train,train,1,1,0,1
DJI_0028_1_4.jpg,64ad0dc6f1bfb9e98b7d5c25a97a7bcf48006681f1bb37b22391923442fe0679,DJI_0028,scene_01_DJI_0004-0061,train,train,train,1,1,0,1
DJI_0029_0_0.jpg,85072fcbed8b993ff79a087641c1225d6414589318d52b8e5d3b01782a8941f3,DJI_0029,scene_01_DJI_0004-0061,train,train,train,0,0,0,0
DJI_0029_0_1.jpg,7637c13b9a79364620ebdf84b8152c489cb97e9998c763f87989cdaf33246fe1,DJI_0029,scene_01_DJI_0004-0061,train,train,train,0,0,0,0
DJI_0029_0_2.jpg,e7ffe40342b2e13eab90beae553f678ba2091fb896e352f386014b7630e300a7,DJI_0029,scene_01_DJI_0004-0061,train,train,train,1,1,0,1
DJI_0029_0_3.jpg,63e024eefb485e504b21d86b4c03f55516f95a7e1164406813a2472127772602,DJI_0029,scene_01_DJI_0004-0061,train,train,train,0,0,0,0
DJI_0029_0_4.jpg,96c46d3123e8b2579306689ff3fc707fb26e355ae2cac76f6c78d4ad95d68183,DJI_0029,scene_01_DJI_0004-0061,train,train,train,0,0,0,0
DJI_0029_1_0.jpg,29150a89fa6ad95d410a13bb03cda5b092b87da92d176781dba758da05722866,DJI_0029,scene_01_DJI_0004-0061,train,train,train,0,0,0,0
DJI_0029_1_1.jpg,53bccad8108cf2abac8a18cd840ed1312a6acd74dced72232aac540ef7ace192,DJI_0029,scene_01_DJI_0004-0061,train,train,train,0,0,0,0
DJI_0029_1_2.jpg,f870627a4e1a0c04612fd5566a4aa83edb85349ea4ef31094def6cb59d365ee0,DJI_0029,scene_01_DJI_0004-0061,train,train,train,3,3,0,1
DJI_0029_1_3.jpg,f220071eb0ac8de3faeaa82298a59a7b6fff0cffe4e5a3cd3415b4d03ea7de5d,DJI_0029,scene_01_DJI_0004-0061,train,train,train,0,0,0,0
DJI_0029_1_4.jpg,836251517dc3882d598d04233119cd11fc4eba4e1c471d50c9faf3d002cf839a,DJI_0029,scene_01_DJI_0004-0061,train,train,train,0,0,0,0
DJI_0030_0_0.jpg,6cad00ca82b40bd4d55efd67aa580a8f8e55432a20637f6417674f8507cbded2,DJI_0030,scene_01_DJI_0004-0061,train,train,train,0,0,0,0
DJI_0030_0_1.jpg,871386f5d90a74a0f6f9528298e1308b0e8c30f0a0d884cfe83ab5f44bf90223,DJI_0030,scene_01_DJI_0004-0061,train,train,train,0,0,0,0
DJI_0030_0_2.jpg,5dd228d6f7ca189efa7db479430ee9474e6bd4896fd0c2b2a98b8654869968fa,DJI_0030,scene_01_DJI_0004-0061,train,train,train,1,1,0,1
DJI_0030_0_3.jpg,ee81bd683c7b1ffbaa4b5b150c7cfe235be00d094d08d8add7e344734c5170ef,DJI_0030,scene_01_DJI_0004-0061,train,train,train,0,0,0,0
DJI_0030_0_4.jpg,7c3bf1e46f0ca6474d277f4ae5621c3c7a1de30d9e95b3fa610ea7d84f01dc97,DJI_0030,scene_01_DJI_0004-0061,train,train,train,0,0,0,0
DJI_0030_1_0.jpg,2f121bdf33ebabe2e5d7255446806f506cca03c4417ad9dac70a8fc93fa92a1f,DJI_0030,scene_01_DJI_0004-0061,train,train,train,0,0,0,0
DJI_0030_1_1.jpg,32726f0825f1fdd7b470a14c3e872d67150dd16553049ff8d08f1ed52b620007,DJI_0030,scene_01_DJI_0004-0061,train,train,train,0,0,0,0
DJI_0030_1_2.jpg,c2a4064da5f8e8e8af70ad44d53e9fcc12af704e58c505f29a78355d35f63e45,DJI_0030,scene_01_DJI_0004-0061,train,train,train,3,3,0,1
DJI_0030_1_3.jpg,5201f989f98046cb1dc59d44fa8b8df6f99b03d3c1f367a4356b0a9d8929b9e1,DJI_0030,scene_01_DJI_0004-0061,train,train,train,0,0,0,0
DJI_0030_1_4.jpg,25cc508304d22a69344e1ddff6f04ae6aefe7bae47c897074118c5b2ce4454cb,DJI_0030,scene_01_DJI_0004-0061,train,train,train,0,0,0,0
DJI_0031_0_0.jpg,f2e4b9dcedbfdccb1eac53fa811a9ee1c36cf556b022104d7d1847c358e0a8a8,DJI_0031,scene_01_DJI_0004-0061,train,train,train,0,0,0,0
DJI_0031_0_1.jpg,7d771606e8588acae3bd42634fab39055f1e8b4867f91fe171fdf75f85cc87c0,DJI_0031,scene_01_DJI_0004-0061,train,train,train,1,1,0,1
DJI_0031_0_2.jpg,ae312caa8de68cf1709d4aa4e2297aec8a98c3280b2d2e8197c041884a81b7c9,DJI_0031,scene_01_DJI_0004-0061,train,train,train,1,1,0,1
DJI_0031_0_3.jpg,cb7f7ab3f655f8e06a7bd73250ce385ed04d517c8e7980961c165fcf17bcbdb2,DJI_0031,scene_01_DJI_0004-0061,train,train,train,0,0,0,0
DJI_0031_0_4.jpg,fec692e56fb3bb985f8207d46da419e95b7d43bb02c615b804dc51d2b399e553,DJI_0031,scene_01_DJI_0004-0061,train,train,train,0,0,0,0
DJI_0031_1_0.jpg,8ac98f2356598485c1a4ca421781ad6e6240327e00453165fdf51093776d236f,DJI_0031,scene_01_DJI_0004-0061,train,train,train,0,0,0,0
DJI_0031_1_1.jpg,80c65b2c4e37be9a8321092ad47148d626130757e1b6b1ad485830dc335a6507,DJI_0031,scene_01_DJI_0004-0061,train,train,train,0,0,0,0
DJI_0031_1_2.jpg,423eccb8930c6398d74e9cba295820ed43c453247e0ec4c052000c63095cf9f5,DJI_0031,scene_01_DJI_0004-0061,train,train,train,3,3,0,1
DJI_0031_1_3.jpg,30a378f09c754c5b8154d002f18e421fad50dce351fa1b82e8a0e8cc91116327,DJI_0031,scene_01_DJI_0004-0061,train,train,train,0,0,0,0
DJI_0031_1_4.jpg,1dc11f7908b269daf9c34e55e170a2fd887dcefedcef451675b5c6ee707d14b2,DJI_0031,scene_01_DJI_0004-0061,train,train,train,0,0,0,0
DJI_0032_0_0.jpg,e2e16886d3ec32a6a47af4007f94d8c0e1bb47a96245d99cb63595336c1a4d8c,DJI_0032,scene_01_DJI_0004-0061,train,train,train,0,0,0,0
DJI_0032_0_1.jpg,064aaa292b9003338095a993fb3d111a61895250fee6e6021e64f98f15501904,DJI_0032,scene_01_DJI_0004-0061,train,train,train,0,0,0,0
DJI_0032_0_2.jpg,c58421c77edd8ad1fbbe5f0a16f5b91214f40b9b7e355fd55dbe0cec9cad3246,DJI_0032,scene_01_DJI_0004-0061,train,train,train,1,1,0,1
DJI_0032_0_3.jpg,ab2cd851ebae3af301ad5d53af3cb9f58e57d15f3a165c28384b7a75c711a0f6,DJI_0032,scene_01_DJI_0004-0061,train,train,train,0,0,0,0
DJI_0032_0_4.jpg,9be586dd4fa3114d0bead4e8d20a8c163b8a3b74454eff7b399de8f03e5b0129,DJI_0032,scene_01_DJI_0004-0061,train,train,train,0,0,0,0
DJI_0032_1_0.jpg,4b2839d9dcc88b93b8a5ac07655b8c338346d37cc45f9bc392a732c1e760a895,DJI_0032,scene_01_DJI_0004-0061,train,train,train,0,0,0,0
DJI_0032_1_1.jpg,d74eaae46104c6eadd5813d61b305b2679b8555526e383c6b0691aaa47fa2ea2,DJI_0032,scene_01_DJI_0004-0061,train,train,train,0,0,0,0
DJI_0032_1_2.jpg,eeac5f4c92cf435409d256ac2cb47ae8b7d731be29769cbd470f9f50d7e02c8a,DJI_0032,scene_01_DJI_0004-0061,train,train,train,4,4,0,1
DJI_0032_1_3.jpg,a7a28ac48d2041c57edb28113c25e7e0684adaffbc2cf0a8b2810bd07759f335,DJI_0032,scene_01_DJI_0004-0061,train,train,train,0,0,0,0
DJI_0032_1_4.jpg,47be4e004e8629b348846951134065d8040eb8d2e2a6e334209dd23393e691f1,DJI_0032,scene_01_DJI_0004-0061,train,train,train,0,0,0,0
DJI_0033_0_0.jpg,c641032b365555e5c7c688dc9fdfceddc3acc6f98a6a6ba11b3e30e43b1a0589,DJI_0033,scene_01_DJI_0004-0061,train,train,train,0,0,0,0
DJI_0033_0_1.jpg,c1384fffc7677cbf1e8739baf069c164f3d8c0d00e48d6732700359fd4e1d728,DJI_0033,scene_01_DJI_0004-0061,train,train,train,0,0,0,0
DJI_0033_0_2.jpg,03d6e007199d9122be015781709e801f6863e41a221de13a0a4a6e7abea1c50c,DJI_0033,scene_01_DJI_0004-0061,train,train,train,1,1,0,1
DJI_0033_0_3.jpg,0378dba9daf6c5a24786473429fab01fa350686277183dd0b2cf9a1c6e16aa1c,DJI_0033,scene_01_DJI_0004-0061,train,train,train,0,0,0,0
DJI_0033_0_4.jpg,93634c6041b6d9dd18b832760c6e97308c7985a8811e4119a31f209676272f38,DJI_0033,scene_01_DJI_0004-0061,train,train,train,0,0,0,0
DJI_0033_1_0.jpg,750b96819b52c80721a0a56bb474a9e7cc483c1b5e5c31f41288cb92c464493e,DJI_0033,scene_01_DJI_0004-0061,train,train,train,0,0,0,0
DJI_0033_1_1.jpg,5869d1f642b4f3e6ecc843faf957920c980806cc33615ba5b22f3fd26d790ddc,DJI_0033,scene_01_DJI_0004-0061,train,train,train,0,0,0,0
DJI_0033_1_2.jpg,e5089bb4e4e4266a6ccb893014fc84f45c1bbadc8936e76bf10340bcca96755d,DJI_0033,scene_01_DJI_0004-0061,train,train,train,5,5,0,1
DJI_0033_1_3.jpg,1ead4b4b1f86bae23e7dfa896ff5f26a59af0cd01bb557dc94103433c05d7d28,DJI_0033,scene_01_DJI_0004-0061,train,train,train,0,0,0,0
DJI_0033_1_4.jpg,fa2c094dec3c1ab5cacee22fb2388abe66f95fee4cfca181e6146127e5baf6a8,DJI_0033,scene_01_DJI_0004-0061,train,train,train,0,0,0,0
DJI_0034_0_0.jpg,b4c1e3e31be63ce9a1733c196b409d3b966d497b11026dec59c902fc96ab9bd6,DJI_0034,scene_01_DJI_0004-0061,train,train,train,0,0,0,0
DJI_0034_0_1.jpg,a19fa87fe806d0ccf1a61623512a4ba831842e1cc1cb9ffbfa19840290d7786a,DJI_0034,scene_01_DJI_0004-0061,train,train,train,0,0,0,0
DJI_0034_0_2.jpg,e442c2cd04db0a502bd1e7da10977939b3867a296aa19aa0a7ab5abfb783962a,DJI_0034,scene_01_DJI_0004-0061,train,train,train,1,1,0,1
DJI_0034_0_3.jpg,4fa57905689f300de00faa9f59d91d2f3e6f878e8a974e89dead143d8c84d9b6,DJI_0034,scene_01_DJI_0004-0061,train,train,train,0,0,0,0
DJI_0034_0_4.jpg,3f16947433c1a188adfbdccc5d6ec19b157dd06a3b18d3e9bbd2cec7d3ea5e84,DJI_0034,scene_01_DJI_0004-0061,train,train,train,0,0,0,0
DJI_0034_1_0.jpg,3f3d99be3cebb237570096932481a9ac9921c95d76f08ee5798ad395a1a97bd2,DJI_0034,scene_01_DJI_0004-0061,train,train,train,0,0,0,0
DJI_0034_1_1.jpg,3d3a0c5ee1b5115b9d91d74da16058e693aef938ea853e9382e0af05577519e9,DJI_0034,scene_01_DJI_0004-0061,train,train,train,0,0,0,0
DJI_0034_1_2.jpg,3387d7bc998cb3e2a75b01c48bcd44c25eaec19167cd59c680e26b7b2ddb563b,DJI_0034,scene_01_DJI_0004-0061,train,train,train,5,5,0,1
DJI_0034_1_3.jpg,6481dd7f15267f9590507d415ccd484dbb4318ee9c1df9eb3c7bceea35c227e3,DJI_0034,scene_01_DJI_0004-0061,train,train,train,0,0,0,0
DJI_0034_1_4.jpg,1a48d71899fbe5eea7f556cc32cf37601c0aafd6a566c1e0ec3952731188a570,DJI_0034,scene_01_DJI_0004-0061,train,train,train,0,0,0,0
DJI_0035_0_0.jpg,5007c068d279ffc67fd86b51e29285ea003fcc95fa6397ca19e405695b53bede,DJI_0035,scene_01_DJI_0004-0061,train,train,train,0,0,0,0
DJI_0035_0_1.jpg,b06c8694276274d26564cf9c1f59cdd8cc228f5f1f5df13c081394a52f46b29a,DJI_0035,scene_01_DJI_0004-0061,train,train,train,0,0,0,0
DJI_0035_0_2.jpg,1ea554579cf74cd2e676e70ebb0d6d07b05aa8a7b2098c8397f6b8dd5885e816,DJI_0035,scene_01_DJI_0004-0061,train,train,train,1,1,0,1
DJI_0035_0_3.jpg,010a4fd1689d2a0993f86ac9f8b216509bab926b46dbb68566d4266a183a5ed4,DJI_0035,scene_01_DJI_0004-0061,train,train,train,0,0,0,0
DJI_0035_0_4.jpg,fe247296d5731311c1be8b259ef7a3d7071709ce33b4a31a971cb97536f75e24,DJI_0035,scene_01_DJI_0004-0061,train,train,train,0,0,0,0
DJI_0035_1_0.jpg,0cde43060c2207005d8ce3a0a253c45e310b95270cd7e9db82b8f04a817c0cbb,DJI_0035,scene_01_DJI_0004-0061,train,train,train,0,0,0,0
DJI_0035_1_1.jpg,03ca8ad7d870f45f134a035c5c5c632a84c798b16ac79cc999a2e541c0afa3b8,DJI_0035,scene_01_DJI_0004-0061,train,train,train,0,0,0,0
DJI_0035_1_2.jpg,0a20223337a3a24b525899f96dba43d34105c74aa3660ada89cdae36a5e0237f,DJI_0035,scene_01_DJI_0004-0061,train,train,train,3,2,1,1
DJI_0035_1_3.jpg,2298d3d71f27ce70a8064e68c8b57f1918d907b020f024d9e4625ee1c52a6844,DJI_0035,scene_01_DJI_0004-0061,train,train,train,0,0,0,0
DJI_0035_1_4.jpg,4ec717a718ec1faec364dbbf934134d967e9847494bcf9e33d06af93f2f7f442,DJI_0035,scene_01_DJI_0004-0061,train,train,train,0,0,0,0
DJI_0036_0_0.jpg,799cfb1f3daf72c7672acd7f1cbf1c204bdfdf7ddaaf1eed76cb9b2b31fbb06b,DJI_0036,scene_01_DJI_0004-0061,train,train,train,0,0,0,0
DJI_0036_0_1.jpg,4303cd3698ae936b873fd9f2cddd082a5fc20dc46fabe8f40e68fce82e96bea1,DJI_0036,scene_01_DJI_0004-0061,train,train,train,0,0,0,0
DJI_0036_0_2.jpg,0f1532fe6b1c51639157848a85806a114d0b38f84cebfc4eb818ebfb0344a86d,DJI_0036,scene_01_DJI_0004-0061,train,train,train,0,0,0,0
DJI_0036_0_3.jpg,47a3761b2b77d7b00f7eba9c3c9b4ea28a95f611b8d4892663619dc92e0065eb,DJI_0036,scene_01_DJI_0004-0061,train,train,train,0,0,0,0
DJI_0036_0_4.jpg,ccd9a320ceca4f26c354e1c6f2aefee128cea65302214ee971ee0785fa513d99,DJI_0036,scene_01_DJI_0004-0061,train,train,train,0,0,0,0
DJI_0036_1_0.jpg,e5d72534ce97ba6532ee95bfe8ee98bc48a2d393d3be5c9decdd1374a0592616,DJI_0036,scene_01_DJI_0004-0061,train,train,train,0,0,0,0
DJI_0036_1_1.jpg,04e00342ea52e821e0816d1a5459f7aa87427b35f634e5af32b2529c80c1f3e3,DJI_0036,scene_01_DJI_0004-0061,train,train,train,0,0,0,0
DJI_0036_1_2.jpg,234b1c588739e40bc5fcdd7e3cbc509be1eba2a55db1307ead469a300de37efe,DJI_0036,scene_01_DJI_0004-0061,train,train,train,2,2,0,1
DJI_0036_1_3.jpg,e5ce0b977b55089ea7daeb9a56a04e591840e1a1b7cf111ba044bd23e671f5ec,DJI_0036,scene_01_DJI_0004-0061,train,train,train,0,0,0,0
DJI_0036_1_4.jpg,6fff0dfc5978a0a134aaa29c0e70fc586e8dfc28ffccedab601b125240d4b78d,DJI_0036,scene_01_DJI_0004-0061,train,train,train,0,0,0,0
DJI_0037_0_0.jpg,ff04355540360690d13957571fa97cdbe9d22619ce96cbdbbb139e073305732e,DJI_0037,scene_01_DJI_0004-0061,train,train,train,0,0,0,0
DJI_0037_0_1.jpg,b50cfab3533e10102b32860dd737afa6514e1ec6e72082873b566dc895702eee,DJI_0037,scene_01_DJI_0004-0061,train,train,train,0,0,0,0
DJI_0037_0_2.jpg,090c2387f2148c70ac30e37ae5ca7493d7c9761a7a9b0f6128e7fd051f1a444d,DJI_0037,scene_01_DJI_0004-0061,train,train,train,0,0,0,0
DJI_0037_0_3.jpg,fe5ee7a0adc87bd4998455fcc99d5a99f9b835b7b55c7a37e609c681045ee19a,DJI_0037,scene_01_DJI_0004-0061,train,train,train,0,0,0,0
DJI_0037_0_4.jpg,bdf79a32eb790c1edcccdf92f1af0dc53d6bb89dd73fe1e159184155839df290,DJI_0037,scene_01_DJI_0004-0061,train,train,train,0,0,0,0
DJI_0037_1_0.jpg,bfd3999aa81eb42bfda8c7a1e5f15b0cabe12be4e00c818824c8ebd12dcc189f,DJI_0037,scene_01_DJI_0004-0061,train,train,train,0,0,0,0
DJI_0037_1_1.jpg,fcb61ee1f0a33cfd24ebebb3bb39998eb585020c686946b6a788c15017764e43,DJI_0037,scene_01_DJI_0004-0061,train,train,train,1,1,0,1
DJI_0037_1_2.jpg,1523130995c50cbed4a1d883222cf776a8de9e747c12112ae0ff3f06c9e632e2,DJI_0037,scene_01_DJI_0004-0061,train,train,train,1,1,0,1
DJI_0037_1_3.jpg,c76db6a3533dc6fb67c0cecb0ff0c3dfee0167fb832d9aeb173070cd1f60a649,DJI_0037,scene_01_DJI_0004-0061,train,train,train,0,0,0,0
DJI_0037_1_4.jpg,e013b3d6046de634030ce2c3b6a20cf5c0109c74985f92d6aa29f290c6d1bd4b,DJI_0037,scene_01_DJI_0004-0061,train,train,train,0,0,0,0
DJI_0038_0_0.jpg,e286869a4a2383bc84dea8c38b52797b8f8890375d80e95c13ae5c2a6af115c4,DJI_0038,scene_01_DJI_0004-0061,train,train,train,0,0,0,0
DJI_0038_0_1.jpg,b46e52b2c78d9208e3a21fc1f570e4b965268b018d767978de74d94c793fee19,DJI_0038,scene_01_DJI_0004-0061,train,train,train,0,0,0,0
DJI_0038_0_2.jpg,6f8317929a786759fe2eaa4ea7d3e6462220440a1819a261d6c49cbbb7fd44cb,DJI_0038,scene_01_DJI_0004-0061,train,train,train,0,0,0,0
DJI_0038_0_3.jpg,e825d9f439e2fa7e5b46bc7d17efc40a627c01735111547fade33c025ba80338,DJI_0038,scene_01_DJI_0004-0061,train,train,train,0,0,0,0
DJI_0038_0_4.jpg,cf8237e2c1e980d9e710ddade29fbeecd9d4a299b54780b1203723a299f12134,DJI_0038,scene_01_DJI_0004-0061,train,train,train,0,0,0,0
DJI_0038_1_0.jpg,cb315fb467e7bf2edd70296f7c48d4733a7295c68190aa1a6f95d5e095574426,DJI_0038,scene_01_DJI_0004-0061,train,train,train,0,0,0,0
DJI_0038_1_1.jpg,331fd8823704c60b497bd2d8535c4426bdb1c39cae2464b61d90ba4efad0567b,DJI_0038,scene_01_DJI_0004-0061,train,train,train,1,1,0,1
DJI_0038_1_2.jpg,fd63236b2a8baa4867fdea0b9fc446d0314b9d32e9620fd75fd2a5476e34d509,DJI_0038,scene_01_DJI_0004-0061,train,train,train,0,0,0,0
DJI_0038_1_3.jpg,c0cbb3362ca196b4af19d45ea8d157d9cead1d9c245a534820336f7840bcaa93,DJI_0038,scene_01_DJI_0004-0061,train,train,train,0,0,0,0
DJI_0038_1_4.jpg,4e1d8b6ffa94166e95a60a21833b78c74e095ce6eb60c7a5e15d581413425452,DJI_0038,scene_01_DJI_0004-0061,train,train,train,0,0,0,0
DJI_0044_0_0.jpg,73d0f4fcb3e20fc6a36d7b64e3aef00e020e42cf5a48092bcc82adbc45808c95,DJI_0044,scene_01_DJI_0004-0061,train,train,train,0,0,0,0
DJI_0044_0_1.jpg,b8e9a5e679cc9fc1a2f8f7ffd54429bbbd7d24193e755f6bf700b486f23a92d5,DJI_0044,scene_01_DJI_0004-0061,train,train,train,0,0,0,0
DJI_0044_0_2.jpg,2db7a35e8fc86a999f296721b4d63d1050b0cb63d240a9afc6f998a909e5270c,DJI_0044,scene_01_DJI_0004-0061,train,train,train,0,0,0,0
DJI_0044_0_3.jpg,784f5e2c8ddab7bfc0f3dcbabbdb3e05f32f55aa82c129c383ceeb2bb4a00b9f,DJI_0044,scene_01_DJI_0004-0061,train,train,train,0,0,0,0
DJI_0044_0_4.jpg,8a3c1fffceb172082fe6bc1d72d11e353696e86fb84625a76a35c41ea9403a94,DJI_0044,scene_01_DJI_0004-0061,train,train,train,0,0,0,0
DJI_0044_1_0.jpg,5f54db70613acc7de14e30812fd706d61436e7c64a1b4821ba2977fe8c32d7a3,DJI_0044,scene_01_DJI_0004-0061,train,train,train,1,1,0,1
DJI_0044_1_1.jpg,90f11241461fda7d4fb2550cc5dfc3d3c6fa1ec4e89ff1a4cdce3e0e3a157676,DJI_0044,scene_01_DJI_0004-0061,train,train,train,2,2,0,1
DJI_0044_1_2.jpg,b85dd3d17d20dcfeeb303cefffe314e0849b9807717ca5bd5c5dd5040eb3206d,DJI_0044,scene_01_DJI_0004-0061,train,train,train,0,0,0,0
DJI_0044_1_3.jpg,7fc3a561f1955c57318337b5a1c2cd375f72776f3b42ed3383d93400514cd420,DJI_0044,scene_01_DJI_0004-0061,train,train,train,0,0,0,0
DJI_0044_1_4.jpg,9e413472804f1294bfb04f872ea653dfb3a6664636f7c56b5a8f77357efb0b7d,DJI_0044,scene_01_DJI_0004-0061,train,train,train,0,0,0,0
DJI_0046_0_0.jpg,daf48e1774272d769fcbd4d1a29ec4cc11cbbc58c9454994e96bceaad7b4724a,DJI_0046,scene_01_DJI_0004-0061,train,train,train,0,0,0,0
DJI_0046_0_1.jpg,28144c8210dff6bb4bf7586279824c94be5fecc2a34ab22f0172317ada0dbe5d,DJI_0046,scene_01_DJI_0004-0061,train,train,train,0,0,0,0
DJI_0046_0_2.jpg,8b574a138941537c380f51153be43864b2421c856f1af4f378c31c31b6f6fc4a,DJI_0046,scene_01_DJI_0004-0061,train,train,train,0,0,0,0
DJI_0046_0_3.jpg,aad124d0d465fb487a96963e3986ddf9830a38cfadea0f2a99ee13e56961f18a,DJI_0046,scene_01_DJI_0004-0061,train,train,train,0,0,0,0
DJI_0046_0_4.jpg,21fff1fbc540c1d5703153383ea06adeb6bdf2129635c54b86188427582f0c01,DJI_0046,scene_01_DJI_0004-0061,train,train,train,0,0,0,0
DJI_0046_1_0.jpg,8bc493932b71b37adec6ae7f8764839eacf7525c6cc526548577cfe19ee3d812,DJI_0046,scene_01_DJI_0004-0061,train,train,train,1,0,1,0
DJI_0046_1_1.jpg,dd95eb2b23ef1d6b50719e105bb345ff92108f863eff59be62c506ce31f32f59,DJI_0046,scene_01_DJI_0004-0061,train,train,train,0,0,0,0
DJI_0046_1_2.jpg,b9411285b54c6e4b471109ad978dc9e363a1cf9cfa7dca3aa6b50e86b9c6ecc3,DJI_0046,scene_01_DJI_0004-0061,train,train,train,0,0,0,0
DJI_0046_1_3.jpg,f2d32d42cdc66859fee4e0d31c80a7c6bfb6c38e2b73aec86cdf4dea3ebbafdd,DJI_0046,scene_01_DJI_0004-0061,train,train,train,0,0,0,0
DJI_0046_1_4.jpg,f82bc98afce94270ae091796e1acab11a3fce8aa96d0e9600c0a69a3a8fdd122,DJI_0046,scene_01_DJI_0004-0061,train,train,train,0,0,0,0
DJI_0048_0_0.jpg,5ddec5b3248f6dbb1b48c48ff2d84e1ddf600938792647837362c3656e241e78,DJI_0048,scene_01_DJI_0004-0061,train,train,train,0,0,0,0
DJI_0048_0_1.jpg,9c5c86b1a8eb2c2a1ddbc29d7e11f5031ae034911d478594b5fe2200ea2f5345,DJI_0048,scene_01_DJI_0004-0061,train,train,train,0,0,0,0
DJI_0048_0_2.jpg,562ae2317dfebf68e36c8492966b8210c2df9219f8fe93f45240a600d4f898ce,DJI_0048,scene_01_DJI_0004-0061,train,train,train,0,0,0,0
DJI_0048_0_3.jpg,841f4b503723da8177cada27b8f8b16e91c1d94e304ff45e3602a3b98f664cb6,DJI_0048,scene_01_DJI_0004-0061,train,train,train,1,1,0,1
DJI_0048_0_4.jpg,5ce9c70305b8c8e8a09bdf81996a60bb552ac3442391bacbd46b14a469e99beb,DJI_0048,scene_01_DJI_0004-0061,train,train,train,0,0,0,0
DJI_0048_1_0.jpg,d9ed23a6265fc1f9d4159025a86c47a2f4199073a0d61c7cc1a2db9dfdfbd274,DJI_0048,scene_01_DJI_0004-0061,train,train,train,0,0,0,0
DJI_0048_1_1.jpg,7c2b147f815940d707d0421b4c49c553822503b51f4d9956c2a0f02d18baf9f1,DJI_0048,scene_01_DJI_0004-0061,train,train,train,0,0,0,0
DJI_0048_1_2.jpg,ab26c133bf8c246876f9418f3a396dc80ea554b7918d79755ac5d9600b0d916d,DJI_0048,scene_01_DJI_0004-0061,train,train,train,0,0,0,0
DJI_0048_1_3.jpg,55bd9491745dc1c2cea49945848841ef5af9d06f549bc5fd073df83ebc3e12ec,DJI_0048,scene_01_DJI_0004-0061,train,train,train,0,0,0,0
DJI_0048_1_4.jpg,073682eb8d25c8894b7ee1baff0b2ebf1f71b7fd5965880c3333594fe56e0aab,DJI_0048,scene_01_DJI_0004-0061,train,train,train,0,0,0,0
DJI_0049_0_0.jpg,bc7819c913791142f67e4a37f0ecc5d42776604426603a105fdd37e485319961,DJI_0049,scene_01_DJI_0004-0061,train,train,train,0,0,0,0
DJI_0049_0_1.jpg,d2be0b7510adb9462085a9517691e437fdc06586771dd3d77713299a6b4d171a,DJI_0049,scene_01_DJI_0004-0061,train,train,train,0,0,0,0
DJI_0049_0_2.jpg,ac4980171b48b655616729594a40b19c16f5f8f720654a7f87adbdab935778ae,DJI_0049,scene_01_DJI_0004-0061,train,train,train,0,0,0,0
DJI_0049_0_3.jpg,8eb733f59f562a020745eff151bd69a0f86470faa74eb0b25334d40181a8436f,DJI_0049,scene_01_DJI_0004-0061,train,train,train,2,2,0,1
DJI_0049_0_4.jpg,fbe1b3aa0ac2f04ff97551b42111216f3d7bcfc9b80bd315cef9f634632c996d,DJI_0049,scene_01_DJI_0004-0061,train,train,train,0,0,0,0
DJI_0049_1_0.jpg,d2ac1f26dd18d7f117d37b31853178d0e6cb7e0266125469072357bab6a7d923,DJI_0049,scene_01_DJI_0004-0061,train,train,train,0,0,0,0
DJI_0049_1_1.jpg,65fc13c93d9d5038a1235abfacb326fb0e499be3083b40b08d4f22ef78340fd5,DJI_0049,scene_01_DJI_0004-0061,train,train,train,0,0,0,0
DJI_0049_1_2.jpg,37dcf67393681d46e989580553d05319fcb177bec4980788a5e7b07d96dd73b7,DJI_0049,scene_01_DJI_0004-0061,train,train,train,0,0,0,0
DJI_0049_1_3.jpg,74b182fcfcf469735cfd73de9cac7d6f38df0ece223e505963d42e7e52e2f995,DJI_0049,scene_01_DJI_0004-0061,train,train,train,0,0,0,0
DJI_0049_1_4.jpg,5538c13c09db986dfba2b635970cc18ccb8a30589b414a7f297085553954c0e1,DJI_0049,scene_01_DJI_0004-0061,train,train,train,0,0,0,0
DJI_0050_0_0.jpg,c81ef3c0ecb7d4c9c16cba9e6e1cf13db57315f0020c1ed5badbe54130076f3f,DJI_0050,scene_01_DJI_0004-0061,train,train,train,0,0,0,0
DJI_0050_0_1.jpg,a844e4ce750f4bcfa495e4c12aaaa486b8ad36b801acaac06ffe5ce0988db396,DJI_0050,scene_01_DJI_0004-0061,train,train,train,0,0,0,0
DJI_0050_0_2.jpg,8371a437c97b10e721b2c60afe387b2a1d7d704eb93cab87962f35b2243b90cd,DJI_0050,scene_01_DJI_0004-0061,train,train,train,1,1,0,1
DJI_0050_0_3.jpg,5251d6cc6e6bf6e923256491707a564aa2355562574f3498a1cc2ed7eac52474,DJI_0050,scene_01_DJI_0004-0061,train,train,train,2,2,0,1
DJI_0050_0_4.jpg,a2567916277613aa7a95d8db3ea7a6ca47267d54f9a6aed5f691e355441405c4,DJI_0050,scene_01_DJI_0004-0061,train,train,train,0,0,0,0
DJI_0050_1_0.jpg,762e24a373fba2690b6df0cbff99c42021f9e0a05be036371cf916ad1a22599d,DJI_0050,scene_01_DJI_0004-0061,train,train,train,0,0,0,0
DJI_0050_1_1.jpg,953a33360f89b83cf030bf02f6b40581036be39edfff748fd5166c9506157552,DJI_0050,scene_01_DJI_0004-0061,train,train,train,0,0,0,0
DJI_0050_1_2.jpg,6b312d1207238e03f6997340da5eb9ecc9dc53c2998abecfa344b75cd8623c62,DJI_0050,scene_01_DJI_0004-0061,train,train,train,0,0,0,0
DJI_0050_1_3.jpg,142047584c7a3104f6612e8b77567a34162829eb5c84673ab0486fad82579dc5,DJI_0050,scene_01_DJI_0004-0061,train,train,train,0,0,0,0
DJI_0050_1_4.jpg,17959f1dbfd0d9dfd948ffb8354c159092599547d85edbee38a4d4e7ebac1048,DJI_0050,scene_01_DJI_0004-0061,train,train,train,0,0,0,0
DJI_0051_0_0.jpg,3f3961b4cb454a6c7546ac1b8e6b7797bbe893dea855e3be785539644f89392a,DJI_0051,scene_01_DJI_0004-0061,train,train,train,0,0,0,0
DJI_0051_0_1.jpg,b9ae61e8a2d82f7ef8fca3d3ecb5b313577b1a26f9ac7d0e3df6a9b61096957b,DJI_0051,scene_01_DJI_0004-0061,train,train,train,0,0,0,0
DJI_0051_0_2.jpg,c2fafd36d3f05ee5229596364b67c3a7906b3d4fa5d3355196c374dc501b8c29,DJI_0051,scene_01_DJI_0004-0061,train,train,train,1,1,0,1
DJI_0051_0_3.jpg,e0b30dce4de5972d83d446a50c983e6e4058c2e4f3f27e3f3dc5fbbd5051481a,DJI_0051,scene_01_DJI_0004-0061,train,train,train,2,1,1,1
DJI_0051_0_4.jpg,82f748e5ef8c52014155186ed5d98c32a7a41c1c244ab1efe3182548cdf94a0c,DJI_0051,scene_01_DJI_0004-0061,train,train,train,0,0,0,0
DJI_0051_1_0.jpg,41124340ffa3bb2a18702caff42317a3dc28b29ed30ae8698197f50eb5ef27e3,DJI_0051,scene_01_DJI_0004-0061,train,train,train,0,0,0,0
DJI_0051_1_1.jpg,f09f87f6ea3e6268705bcde7111b7b5850eeeea9edc439ed96532d819eb1fb3d,DJI_0051,scene_01_DJI_0004-0061,train,train,train,0,0,0,0
DJI_0051_1_2.jpg,613412f6c73d7adfc85307f307935c9af9fbc4d70d0305a166460892c46ea269,DJI_0051,scene_01_DJI_0004-0061,train,train,train,0,0,0,0
DJI_0051_1_3.jpg,d1a33d25d0f885ff767ec877b7a3f4fd2dbe55af7994dd323cdcebbc2d58b7fc,DJI_0051,scene_01_DJI_0004-0061,train,train,train,0,0,0,0
DJI_0051_1_4.jpg,06ea568c152d6056d96dce0e025596bdcba87fb23d59bd16c4350131a9a4195d,DJI_0051,scene_01_DJI_0004-0061,train,train,train,0,0,0,0
DJI_0052_0_0.jpg,f8142f1c482d96ca4a64bb477ab4cc47f97786a5dd58700949e7b1dceac729e1,DJI_0052,scene_01_DJI_0004-0061,train,train,train,0,0,0,0
DJI_0052_0_1.jpg,b98f67c5c08df1cb5e9b3742050c9c6e7cf1f1eff5e211ce9b12996280db2083,DJI_0052,scene_01_DJI_0004-0061,train,train,train,0,0,0,0
DJI_0052_0_2.jpg,edf0099d165b324626ab1a0bfa7f659e18f9414d654d86d41d60207ccae798ed,DJI_0052,scene_01_DJI_0004-0061,train,train,train,0,0,0,0
DJI_0052_0_3.jpg,b25b42ffd830cc026cdbfa3233918a570f103a800195347bcce26fc56eacec18,DJI_0052,scene_01_DJI_0004-0061,train,train,train,1,1,0,1
DJI_0052_0_4.jpg,8dfa33d09b0f9c8c32e2f3e60971a9cc226aae3933fb792442de4beae1e14da3,DJI_0052,scene_01_DJI_0004-0061,train,train,train,0,0,0,0
DJI_0052_1_0.jpg,674d57e85914abbf93885d7220387a90a1a07e36d2c43ffb5e1e20570c51126f,DJI_0052,scene_01_DJI_0004-0061,train,train,train,0,0,0,0
DJI_0052_1_1.jpg,387f6c3869c29e5ce27e2f8f24e27cb11a7608814f47d39011c8abe6af343a3c,DJI_0052,scene_01_DJI_0004-0061,train,train,train,0,0,0,0
DJI_0052_1_2.jpg,4f9da7c0e6c8d38d71e790c75d9091ce04fc730911ff34d1c7c27d6cd9467749,DJI_0052,scene_01_DJI_0004-0061,train,train,train,0,0,0,0
DJI_0052_1_3.jpg,fe1ec2ee26c118681930daec9769a319481a5e778ba9055d12aad5df8c10b165,DJI_0052,scene_01_DJI_0004-0061,train,train,train,0,0,0,0
DJI_0052_1_4.jpg,c69c9586fd93a6c9f9ece05210762fd541851e30b678ff6abd6ee302d5f4bbcb,DJI_0052,scene_01_DJI_0004-0061,train,train,train,0,0,0,0
DJI_0053_0_0.jpg,1243075bf3720e2c7837d4e4d4176976aff29b67fe19ca804a6f5b98243c0292,DJI_0053,scene_01_DJI_0004-0061,train,train,train,0,0,0,0
DJI_0053_0_1.jpg,cff79fafb960253150b070dd080a93b92ace872d311652185423e80e12d52330,DJI_0053,scene_01_DJI_0004-0061,train,train,train,0,0,0,0
DJI_0053_0_2.jpg,4231ae6db2b36bf00417fea2a6e0ddd29d64bd4695acd840a5b6e0fefcaaa13a,DJI_0053,scene_01_DJI_0004-0061,train,train,train,0,0,0,0
DJI_0053_0_3.jpg,2128938a0b7b73f5280b2922c3465174ec0069ec95e273fe33d8a509304004cb,DJI_0053,scene_01_DJI_0004-0061,train,train,train,1,1,0,1
DJI_0053_0_4.jpg,f88dd7b6eb785b4594770c39550e2af9e6ce53e7f12a908ce5e00af6cf8007ff,DJI_0053,scene_01_DJI_0004-0061,train,train,train,0,0,0,0
DJI_0053_1_0.jpg,dc9d91acd4f7fb7e53ef99a4b05dbe45fa8647ba169ec79ca682ccb2ab698861,DJI_0053,scene_01_DJI_0004-0061,train,train,train,0,0,0,0
DJI_0053_1_1.jpg,be3f4a95e726af9f4d184be2507b23993cb0b141ae47301906fcd38ef893106a,DJI_0053,scene_01_DJI_0004-0061,train,train,train,0,0,0,0
DJI_0053_1_2.jpg,83700648ba6673b1bd7fcbbb59ca6b58f7f8a434bbbf252aa721850117bf4c47,DJI_0053,scene_01_DJI_0004-0061,train,train,train,0,0,0,0
DJI_0053_1_3.jpg,2fb3aba0e474e5e76c9325e8f8876f57f1924a0379147a4735c4f3977aae9379,DJI_0053,scene_01_DJI_0004-0061,train,train,train,1,1,0,1
DJI_0053_1_4.jpg,58527a9267de819840ded4533e7d830db70a4f9536436162de2563793e11e605,DJI_0053,scene_01_DJI_0004-0061,train,train,train,0,0,0,0
DJI_0054_0_0.jpg,f6c9e38ed3af0507b164b57c400d1abcf63dbd5781b0ea7679cabc516c45b79c,DJI_0054,scene_01_DJI_0004-0061,train,train,train,0,0,0,0
DJI_0054_0_1.jpg,1e77b1452e0f1a01f6cf7723b3eb987574fedd435c18b8eb13215eceb8c29846,DJI_0054,scene_01_DJI_0004-0061,train,train,train,0,0,0,0
DJI_0054_0_2.jpg,67ebfd425c3f814ac57fa4a52cc559ab601f78fef65491775310042e13ff0000,DJI_0054,scene_01_DJI_0004-0061,train,train,train,0,0,0,0
DJI_0054_0_3.jpg,5dad6c410358ab35f5d7d4379925cdb98a6bb67d990d5415fb9818f8792d4994,DJI_0054,scene_01_DJI_0004-0061,train,train,train,1,1,0,1
DJI_0054_0_4.jpg,c92d6ad39f9852b880572a41f6dade2a172ec9968023cf28fc59959befee4fbd,DJI_0054,scene_01_DJI_0004-0061,train,train,train,0,0,0,0
DJI_0054_1_0.jpg,2ebb6edb8d8814ee34caf86498c8e781cf93046921bffa3696ef95a915048c99,DJI_0054,scene_01_DJI_0004-0061,train,train,train,0,0,0,0
DJI_0054_1_1.jpg,3b6df91b6d69076d481397582e884a1cdd8d8e16cfaaec2d4cece2b6f21e9ce6,DJI_0054,scene_01_DJI_0004-0061,train,train,train,0,0,0,0
DJI_0054_1_2.jpg,c3276b0d7778d8abdfe21279c7f5e2027ef88c347c4f252fc0a2ed8e99dd762f,DJI_0054,scene_01_DJI_0004-0061,train,train,train,0,0,0,0
DJI_0054_1_3.jpg,2ca5b390eaac27f6fc40439ef6bf2b2d499c4fdc11ba6a4ef52959abf4debab7,DJI_0054,scene_01_DJI_0004-0061,train,train,train,1,1,0,1
DJI_0054_1_4.jpg,6cdf5ec531cbeca76991a6e8f3f217e8e6c75427714c4107729635a71221d063,DJI_0054,scene_01_DJI_0004-0061,train,train,train,0,0,0,0
DJI_0055_0_0.jpg,e488938de1ce575daf9c38c8ddcd1852e40b66f24aa607901a83eb8047b1a8d2,DJI_0055,scene_01_DJI_0004-0061,train,train,train,0,0,0,0
DJI_0055_0_1.jpg,6aa947cf258a58ebe8e058eda668021e953b36a8ba54daaa65fad848e440c193,DJI_0055,scene_01_DJI_0004-0061,train,train,train,0,0,0,0
DJI_0055_0_2.jpg,1b0df43a07e1e8cb960e74e4f9f10c49e215ca1a26383d2af1186102ce71243a,DJI_0055,scene_01_DJI_0004-0061,train,train,train,0,0,0,0
DJI_0055_0_3.jpg,288a84d2459f77b9cda8b02989ac94ac7a5c02d60765046324c2b1f95ae5289f,DJI_0055,scene_01_DJI_0004-0061,train,train,train,1,1,0,1
DJI_0055_0_4.jpg,e15ae48c657fde198a88177d6c0fce72662909f3d35ae36dbf4c886d5571eef0,DJI_0055,scene_01_DJI_0004-0061,train,train,train,0,0,0,0
DJI_0055_1_0.jpg,8e56bd1b298ca378d3b89202f81a318ef353c0cf525e9c3364881f8ab2b544d4,DJI_0055,scene_01_DJI_0004-0061,train,train,train,0,0,0,0
DJI_0055_1_1.jpg,ec10062cc45a5181da15f3aac5a247f487bf447a989b89bed45fea9f9444f931,DJI_0055,scene_01_DJI_0004-0061,train,train,train,0,0,0,0
DJI_0055_1_2.jpg,26565099aa9df799fbea60593ceae0f8dd95660fda59fa841a95668a449abb58,DJI_0055,scene_01_DJI_0004-0061,train,train,train,0,0,0,0
DJI_0055_1_3.jpg,19dad77550b2e40139eae18e6183c556b6eb627c9f3e392b08bd6e561196816d,DJI_0055,scene_01_DJI_0004-0061,train,train,train,1,1,0,1
DJI_0055_1_4.jpg,d191cdae3edfb95cb0783b0273c4ac5900ceb19ba709919ff63b56ffd0959325,DJI_0055,scene_01_DJI_0004-0061,train,train,train,0,0,0,0
DJI_0056_0_0.jpg,2db7f466dcc1830225200de4522ffb3849e2c1e2a57a4dfd0f4ee4302901f3dc,DJI_0056,scene_01_DJI_0004-0061,train,train,train,0,0,0,0
DJI_0056_0_1.jpg,6e8adbe6278904ae88bacfee317353a28c44039ed840372257ebf7765f8dd89a,DJI_0056,scene_01_DJI_0004-0061,train,train,train,0,0,0,0
DJI_0056_0_2.jpg,09af1b3efd970ec510ff3dd14daf77270e4b991106d809742e5b5241970adf2a,DJI_0056,scene_01_DJI_0004-0061,train,train,train,0,0,0,0
DJI_0056_0_3.jpg,5edf5d77280cfbc9f78f14d179aaf478c6cdabe9ed1990d4153fd07f6cb84b82,DJI_0056,scene_01_DJI_0004-0061,train,train,train,1,1,0,1
DJI_0056_0_4.jpg,b125093f942e95a57578fb64d5ec6dfdfb6b05345b80770a45088e90ed455ba6,DJI_0056,scene_01_DJI_0004-0061,train,train,train,0,0,0,0
DJI_0056_1_0.jpg,32849cf4487e6924e436d7c6ea7d8dd72afe330fba4235db730383bb6a1b3342,DJI_0056,scene_01_DJI_0004-0061,train,train,train,0,0,0,0
DJI_0056_1_1.jpg,5f0412c9e0e7c5276120b602827b83e92fd084603ef3c78dc18df5fd0e9e6077,DJI_0056,scene_01_DJI_0004-0061,train,train,train,0,0,0,0
DJI_0056_1_2.jpg,ec76b79931ace053796e9e8c2f2f6f35aeff806531adee2dce59ed19b02a3eaa,DJI_0056,scene_01_DJI_0004-0061,train,train,train,0,0,0,0
DJI_0056_1_3.jpg,d4be016c7cba178453fd8d7013353a93a960e2152f25b23993f0e4fec3894414,DJI_0056,scene_01_DJI_0004-0061,train,train,train,2,1,1,1
DJI_0056_1_4.jpg,ff14e65cc9bfc7598423f529bb54f8ba990a271d21e61b4c82134338323de844,DJI_0056,scene_01_DJI_0004-0061,train,train,train,0,0,0,0
DJI_0057_0_0.jpg,bd753dc54b8d5dbc7d0049f4b1fcc2c5c4ad107186ab35e5ba334b220d231a6a,DJI_0057,scene_01_DJI_0004-0061,train,train,train,0,0,0,0
DJI_0057_0_1.jpg,fb57eb2cb1ff119f18a8f40fa796bdcd1d95b0ff8e5c3f069edc86bfcbcd5350,DJI_0057,scene_01_DJI_0004-0061,train,train,train,0,0,0,0
DJI_0057_0_2.jpg,a7191b5d24d8dea94bfde92549f5ae84968903108090d834675a6b1eb7497503,DJI_0057,scene_01_DJI_0004-0061,train,train,train,0,0,0,0
DJI_0057_0_3.jpg,4fbffeb57686239223860a63e6976e86ebd13fcb0b3cf37dcb275d77a4183f08,DJI_0057,scene_01_DJI_0004-0061,train,train,train,0,0,0,0
DJI_0057_0_4.jpg,5240e0db43f5b36c9c054d759278ebe218f2ce1551ef82d2cd82600e59f901aa,DJI_0057,scene_01_DJI_0004-0061,train,train,train,0,0,0,0
DJI_0057_1_0.jpg,991557f81fa617c203e057213ba237d1ce85805fb87bfcd73504d76d18c5f5d1,DJI_0057,scene_01_DJI_0004-0061,train,train,train,0,0,0,0
DJI_0057_1_1.jpg,caa653bf583729ba3e09ca3e31782e91d97e774187210bc057fb146782690bf6,DJI_0057,scene_01_DJI_0004-0061,train,train,train,0,0,0,0
DJI_0057_1_2.jpg,512707c105f2b31de9a64c0268a30d3cb41f80c611eb1e19ae32f85a2a18da44,DJI_0057,scene_01_DJI_0004-0061,train,train,train,0,0,0,0
DJI_0057_1_3.jpg,621ea053fd8777a490e9bebf3f71aae2225ed789fd9cffa7fe1f7f1da7f29d7f,DJI_0057,scene_01_DJI_0004-0061,train,train,train,2,2,0,1
DJI_0057_1_4.jpg,00565bda460b24e5e22b610ee2d301fabe811b0b36620ca1a601a16b31f5d804,DJI_0057,scene_01_DJI_0004-0061,train,train,train,0,0,0,0
DJI_0058_0_0.jpg,d931e0c76e13625ed9b6bb1b4e0ae8497afdf12bc3432597e5677cf580d7db15,DJI_0058,scene_01_DJI_0004-0061,train,train,train,0,0,0,0
DJI_0058_0_1.jpg,c9fba1c4c78fafb3a0ab341c175205a81f4342d5addb5f0e9556af392eaa7b1d,DJI_0058,scene_01_DJI_0004-0061,train,train,train,0,0,0,0
DJI_0058_0_2.jpg,6a16fe558ca4904cbbf66d651f92ae6f6a689894723680b07f2e61f8670c6369,DJI_0058,scene_01_DJI_0004-0061,train,train,train,0,0,0,0
DJI_0058_0_3.jpg,36bb7f464345e557028bfe63997cb1d564accba55199ae948ce1a3237f308de4,DJI_0058,scene_01_DJI_0004-0061,train,train,train,0,0,0,0
DJI_0058_0_4.jpg,9f3af4079a4a6caa7a8978179a0f909a4298dbcb33b9c3ddcfe5703a078ae075,DJI_0058,scene_01_DJI_0004-0061,train,train,train,0,0,0,0
DJI_0058_1_0.jpg,550c22ca664ddbd02fc91e6407921d2a88fcbadbc61d8755f078a3dfeb675573,DJI_0058,scene_01_DJI_0004-0061,train,train,train,0,0,0,0
DJI_0058_1_1.jpg,28b05aa6f5ea6d1a99b88f1d440b8e831a76c8a09a0bc7ca1c9466958423e427,DJI_0058,scene_01_DJI_0004-0061,train,train,train,0,0,0,0
DJI_0058_1_2.jpg,3b47227c0a4ab4bf47fd12505c258c283a5c7c6c08b9c49271b1b6a9dc6f23c0,DJI_0058,scene_01_DJI_0004-0061,train,train,train,0,0,0,0
DJI_0058_1_3.jpg,61653a0e1ecfc55a2fb5f23b4dd4db237f1498449e7abab2540e78171608533d,DJI_0058,scene_01_DJI_0004-0061,train,train,train,2,2,0,1
DJI_0058_1_4.jpg,2159ab826bdf5ed88479ae843435c6f9a1d898f33f02d1fee71df02997d2ffac,DJI_0058,scene_01_DJI_0004-0061,train,train,train,0,0,0,0
DJI_0059_0_0.jpg,c7404e9901597326f2c3933e2ea7202f00095d8831052ff34926a32ff9347a39,DJI_0059,scene_01_DJI_0004-0061,train,train,train,0,0,0,0
DJI_0059_0_1.jpg,d6d618efafab8c4b7a01fb0d7404db954f65124ee6d086e9901756ee637284d2,DJI_0059,scene_01_DJI_0004-0061,train,train,train,0,0,0,0
DJI_0059_0_2.jpg,7791ba791d37017659476e014d832fef3a7819bffe3d88a33ee2e383b57d982c,DJI_0059,scene_01_DJI_0004-0061,train,train,train,0,0,0,0
DJI_0059_0_3.jpg,095f640dd6eed457b5decfe4679655a07b15ced2454e46bb4055fdb2c3be5d7e,DJI_0059,scene_01_DJI_0004-0061,train,train,train,0,0,0,0
DJI_0059_0_4.jpg,647adf7c002fa8c4f941cdca6b49f0076c690d6e801d18ea964693c95ed8d49b,DJI_0059,scene_01_DJI_0004-0061,train,train,train,0,0,0,0
DJI_0059_1_0.jpg,d6775eda00f1bbb90430c10a53b85bc12271fcd06b5792334346cb98cc26b94f,DJI_0059,scene_01_DJI_0004-0061,train,train,train,0,0,0,0
DJI_0059_1_1.jpg,4366f639780504c536c090ddfe85e271c02cfe9ae55cd7de47cae02ca312b006,DJI_0059,scene_01_DJI_0004-0061,train,train,train,0,0,0,0
DJI_0059_1_2.jpg,61144e667731d6e98c3daa5c31831efde71ccc26e2a792c74899a78f1008dfbe,DJI_0059,scene_01_DJI_0004-0061,train,train,train,1,1,0,1
DJI_0059_1_3.jpg,2fc8cfd80062e97754132dad26f2c2672c161d1102390c4e5aa8c46cf955b433,DJI_0059,scene_01_DJI_0004-0061,train,train,train,2,2,0,1
DJI_0059_1_4.jpg,3ce09e78c49d635c24c7b6957e322140da489d45f97cdb6a41487e0c76fafcee,DJI_0059,scene_01_DJI_0004-0061,train,train,train,0,0,0,0
DJI_0060_0_0.jpg,d23edb1ff6a6707ad0dc59f969549c8f6aa282623a1f7055c0219be69490b3ca,DJI_0060,scene_01_DJI_0004-0061,train,train,train,0,0,0,0
DJI_0060_0_1.jpg,b54d2de80e607c978cf2457f72832a0e5207be557d56fe0de5a9a7982fe3335c,DJI_0060,scene_01_DJI_0004-0061,train,train,train,0,0,0,0
DJI_0060_0_2.jpg,543a1a8efdd170435c816749076587c2cd1018fc617fc067e8b04d8c0648787d,DJI_0060,scene_01_DJI_0004-0061,train,train,train,0,0,0,0
DJI_0060_0_3.jpg,0307fde0ac0e68682843fbbda2b5e4d18a778272723b0fa50b28b57971c20a60,DJI_0060,scene_01_DJI_0004-0061,train,train,train,0,0,0,0
DJI_0060_0_4.jpg,bff06d8fa4c655beaf3e30e115eb186eaeb2cd11971ef81fadce44f92f2092ac,DJI_0060,scene_01_DJI_0004-0061,train,train,train,0,0,0,0
DJI_0060_1_0.jpg,99a0c9d130d80d3a213e6c248d81c4b2d38eec85134b9ab41ae2a95140e2c0f0,DJI_0060,scene_01_DJI_0004-0061,train,train,train,0,0,0,0
DJI_0060_1_1.jpg,5b4190ed5e8fcd5781fdf6784d991111688250ad6fd99a8e7e89a6ba44a1b94f,DJI_0060,scene_01_DJI_0004-0061,train,train,train,0,0,0,0
DJI_0060_1_2.jpg,e7cdd91e9bb5c315f4e4198fc61fd148d3dda2f6e6117da01f9f81f43d8ac689,DJI_0060,scene_01_DJI_0004-0061,train,train,train,0,0,0,0
DJI_0060_1_3.jpg,df9204777ee9fd0a4dce7aadef7f16ff97057661b693816fb1f3dbedd60ba641,DJI_0060,scene_01_DJI_0004-0061,train,train,train,1,1,0,1
DJI_0060_1_4.jpg,6f19e32c2ccd6916a357299246174dac68f0ead00d8ea8bd04e01f0433bae35d,DJI_0060,scene_01_DJI_0004-0061,train,train,train,0,0,0,0
DJI_0061_0_0.jpg,c42f7757e5d8e67b76e5d3e8576f0a0da27dc2feeb74dbb78de390d1d28dea41,DJI_0061,scene_01_DJI_0004-0061,train,train,train,0,0,0,0
DJI_0061_0_1.jpg,2ebca72b237b6a0ce380b6c0f3e51446ce696b242b88b0a87faf9c8c05887990,DJI_0061,scene_01_DJI_0004-0061,train,train,train,0,0,0,0
DJI_0061_0_2.jpg,7c5f1337708adaa531144c99e3aa85a0e8a3b026bc651e4dcdb20c80c894825f,DJI_0061,scene_01_DJI_0004-0061,train,train,train,0,0,0,0
DJI_0061_0_3.jpg,01ff59c973843b0c5753dfbf7f1f6b6ea23b321b40013a8fe1a34edfd253bbec,DJI_0061,scene_01_DJI_0004-0061,train,train,train,1,1,0,1
DJI_0061_0_4.jpg,54948c01dc43738ac9c7aef74c95fc672bd5f6815c26158f15a51f0e6dac54b6,DJI_0061,scene_01_DJI_0004-0061,train,train,train,0,0,0,0
DJI_0061_1_0.jpg,2863bd2061ed83b40003bfd5f5f072fd87445139be765a35947f72d306a02c35,DJI_0061,scene_01_DJI_0004-0061,train,train,train,0,0,0,0
DJI_0061_1_1.jpg,dba985da985980c65d2ad5f97f3234e4b1e0f69dd199c775068c036c97fe9598,DJI_0061,scene_01_DJI_0004-0061,train,train,train,0,0,0,0
DJI_0061_1_2.jpg,acfed70cff046e3a510c69dd14313f150dccc49c9add92c90caace838dbf36bb,DJI_0061,scene_01_DJI_0004-0061,train,train,train,1,1,0,1
DJI_0061_1_3.jpg,bb6a21caa21df65376f24e5bf76818e49cde976daebe939da7757d70f40663b7,DJI_0061,scene_01_DJI_0004-0061,train,train,train,1,1,0,1
DJI_0061_1_4.jpg,89e38d1eea70eb158a4a14d50c5f1833cb1df6f3e21a198ab9862786bacb19a2,DJI_0061,scene_01_DJI_0004-0061,train,train,train,0,0,0,0
DJI_0088_0_0.jpg,a71f00ebf993ea9de937cf1e801a05958e0af752d6ed41d7e86f51751602e859,DJI_0088,scene_02_DJI_0088-0134,train,train,train,0,0,0,0
DJI_0088_0_1.jpg,ff713ec476bcb4b163fa6f124f17b21c3950227c546f638af4de1cf86d39d522,DJI_0088,scene_02_DJI_0088-0134,train,train,train,2,2,0,1
DJI_0088_0_2.jpg,af34d153d1c1f51402f9505d300d7490550acc19dfb6e08b42da0ec16a54a790,DJI_0088,scene_02_DJI_0088-0134,train,train,train,0,0,0,0
DJI_0088_0_3.jpg,ae96b6d910042354e455562241554afa621f9899e8e97cc211e09fbcb18ed108,DJI_0088,scene_02_DJI_0088-0134,train,train,train,0,0,0,0
DJI_0088_0_4.jpg,fd91df1666d2ade447ffb3d144967f8d4ffb0d327770769a5c89aaa47a25cb44,DJI_0088,scene_02_DJI_0088-0134,train,train,train,0,0,0,0
DJI_0088_1_0.jpg,df682b37a01e7c79c18f4a75961a21a78c5a2af19ffcd44b191e3e9520042964,DJI_0088,scene_02_DJI_0088-0134,train,train,train,0,0,0,0
DJI_0088_1_1.jpg,8da6262ce6d3dd54fde35af2e2c991b8de4252d8cb7937c478ac26035d7bbc2e,DJI_0088,scene_02_DJI_0088-0134,train,train,train,0,0,0,0
DJI_0088_1_2.jpg,84125ff3debb28b2c3f626d767bb7f5862f6cb213d55d986df94ae3f6f04e722,DJI_0088,scene_02_DJI_0088-0134,train,train,train,2,2,0,1
DJI_0088_1_3.jpg,767ec7bf3028f90ea2ebfa94244b88c5860a7afe92782f107ae986f4c0815ca8,DJI_0088,scene_02_DJI_0088-0134,train,train,train,0,0,0,0
DJI_0088_1_4.jpg,dac155999a22dc4b274aa5afcfe7e702e025ae2de7977a5d80c7e7210c26e649,DJI_0088,scene_02_DJI_0088-0134,train,train,train,0,0,0,0
DJI_0089_0_0.jpg,3d84d2dd5958b16f6251b5fa3227a46a90910b59ca25ed6f1315d02f1bfacaee,DJI_0089,scene_02_DJI_0088-0134,train,train,train,0,0,0,0
DJI_0089_0_1.jpg,aa06a3068a382e09adfe452f5cd5436f37fc5eb1b65b88c3110c2c87b4df0a5d,DJI_0089,scene_02_DJI_0088-0134,train,train,train,2,2,0,1
DJI_0089_0_2.jpg,ddbffda76d881a4233ed135d8e95b1cc9032384f4cd8f5a2cfa2f841b06dfa77,DJI_0089,scene_02_DJI_0088-0134,train,train,train,0,0,0,0
DJI_0089_0_3.jpg,20034d3802d347923f85b19c6f8a5a5c4fef4c0abea6a5b2ca065977abda3839,DJI_0089,scene_02_DJI_0088-0134,train,train,train,0,0,0,0
DJI_0089_0_4.jpg,6a82a3a9f18c23efc48dec23cb1980e3cd529d0fe5a6bd1ad0f5a29e1807e7ba,DJI_0089,scene_02_DJI_0088-0134,train,train,train,0,0,0,0
DJI_0089_1_0.jpg,490e1a1d64539f320bdae4d63f7318ea822d62f924ade50c1123e242111c004b,DJI_0089,scene_02_DJI_0088-0134,train,train,train,0,0,0,0
DJI_0089_1_1.jpg,c7fd42c98bdc8ff89859d0df5ce86091934b3a752bd28760332abb5c14b01052,DJI_0089,scene_02_DJI_0088-0134,train,train,train,0,0,0,0
DJI_0089_1_2.jpg,41bfca9ea4dace4aebd3a80652f71843c6bc743826f8be9f03eebf5a243647ea,DJI_0089,scene_02_DJI_0088-0134,train,train,train,2,2,0,1
DJI_0089_1_3.jpg,0f2e333a052fce4ed8779209239b2f3c1f69310122a3dcdabe0d66b7ed22fb50,DJI_0089,scene_02_DJI_0088-0134,train,train,train,0,0,0,0
DJI_0089_1_4.jpg,ea904f21d8b909b1cb768d9258657a07f9fa49e0dbecd015588b2f47b6da43dd,DJI_0089,scene_02_DJI_0088-0134,train,train,train,0,0,0,0
DJI_0090_0_0.jpg,a45f11c4b3ce5e5ac62db9268a2231d03a48d887b0c3b96dca1c39962e32785a,DJI_0090,scene_02_DJI_0088-0134,train,train,train,0,0,0,0
DJI_0090_0_1.jpg,e798e53d660450d0bafd66bc69f8a5778248932f879e4897873c18a957bd1aa2,DJI_0090,scene_02_DJI_0088-0134,train,train,train,2,2,0,1
DJI_0090_0_2.jpg,b4bd789d0bf0079034bbabf6cb5595c0d87b1e367f5e84a4a0bf5907c5ff0b13,DJI_0090,scene_02_DJI_0088-0134,train,train,train,0,0,0,0
DJI_0090_0_3.jpg,4f96b271413e4584e64e2692c422f2faa517697f2d0ed601caf0a1c77a96d028,DJI_0090,scene_02_DJI_0088-0134,train,train,train,0,0,0,0
DJI_0090_0_4.jpg,c6f0919f486a39ccb3e1656a9d134d8c43f5c58cc1361a47b3fdd6eb056b1479,DJI_0090,scene_02_DJI_0088-0134,train,train,train,0,0,0,0
DJI_0090_1_0.jpg,188f2ed2d770b60c89b78af829eecedb1aeeafb092c5855de12d7680b272114f,DJI_0090,scene_02_DJI_0088-0134,train,train,train,0,0,0,0
DJI_0090_1_1.jpg,853f449a6990e2ad987c851c545e1fcf8a9a50158944f785e6003899fded6c33,DJI_0090,scene_02_DJI_0088-0134,train,train,train,0,0,0,0
DJI_0090_1_2.jpg,655d550b35740a974cbf66663e51484ae4b04cf1a18e300434a93186816919d7,DJI_0090,scene_02_DJI_0088-0134,train,train,train,2,2,0,1
DJI_0090_1_3.jpg,f7a456ef359344bedd587bc9a45eb5f4267322fae2106a429c37f9917257a858,DJI_0090,scene_02_DJI_0088-0134,train,train,train,0,0,0,0
DJI_0090_1_4.jpg,42f5b9d49d90ad2338c6c7e45d259fe87c7de716d4ff39d84d3bb2dcd0f7fb88,DJI_0090,scene_02_DJI_0088-0134,train,train,train,0,0,0,0
DJI_0091_0_0.jpg,e76e378a263361386ccd7121830a714d2cbcdce8c5754763b338794e76fc738d,DJI_0091,scene_02_DJI_0088-0134,train,train,train,1,1,0,1
DJI_0091_0_1.jpg,e9f63256da9d9409a967ae0a3d67455bf561014093d7a277037f3c627813d55b,DJI_0091,scene_02_DJI_0088-0134,train,train,train,1,1,0,1
DJI_0091_0_2.jpg,4fbdfc81593c3db26c20b2e46284e8bab663ababb8e94f5114661890f1f55489,DJI_0091,scene_02_DJI_0088-0134,train,train,train,0,0,0,0
DJI_0091_0_3.jpg,bd6333d6e07cdabe0be1366aee3ac2bd7b50c61b90b0ca31e2c2291d34258bef,DJI_0091,scene_02_DJI_0088-0134,train,train,train,0,0,0,0
DJI_0091_0_4.jpg,eb7bfbf23529fc1f13621620b7c63c9902aaa093305ad514823fe5bc0e1ce7a0,DJI_0091,scene_02_DJI_0088-0134,train,train,train,0,0,0,0
DJI_0091_1_0.jpg,0eb5d55781e9ba7823cb1090c8fde8ea1a115f0d11d1b6d76f53dbccf9452135,DJI_0091,scene_02_DJI_0088-0134,train,train,train,0,0,0,0
DJI_0091_1_1.jpg,4bbf42a7fed5960178392cd1d616d68e1908680f6dad17822ba4cda1a5f80a47,DJI_0091,scene_02_DJI_0088-0134,train,train,train,0,0,0,0
DJI_0091_1_2.jpg,5be525d58e9cfce9c114c6d419435868a37fa8d298bca10139ea8fd235cb30bb,DJI_0091,scene_02_DJI_0088-0134,train,train,train,2,2,0,1
DJI_0091_1_3.jpg,d9c99b40b71ab15459897798073ab1764a5af3569fc3c6d8935824e44440847c,DJI_0091,scene_02_DJI_0088-0134,train,train,train,0,0,0,0
DJI_0091_1_4.jpg,1ce6986a2658024102a185213272f443961d83f3f1d4b9699cce8755379b0e2c,DJI_0091,scene_02_DJI_0088-0134,train,train,train,0,0,0,0
DJI_0092_0_0.jpg,7fb30deebe878ee8aa9fc9d7c82802c7352145e890723a4df037e4f74deed44e,DJI_0092,scene_02_DJI_0088-0134,train,train,train,0,0,0,0
DJI_0092_0_1.jpg,56d1c44f69eef66a957c09aaedecaa9b796d9a9d407c9edd85fffea8efdb92f3,DJI_0092,scene_02_DJI_0088-0134,train,train,train,2,2,0,1
DJI_0092_0_2.jpg,e1efd22fecd2e5b2105a90f68f1df1708d683490e07edb76b54cd0b361722406,DJI_0092,scene_02_DJI_0088-0134,train,train,train,0,0,0,0
DJI_0092_0_3.jpg,51852a5607e6212a66b1a6f4833fe6bf0f1b391a415ba4511cc302500fbceb92,DJI_0092,scene_02_DJI_0088-0134,train,train,train,0,0,0,0
DJI_0092_0_4.jpg,781420c319fb75438a3d93e4f9d6c88b7d9282d508eab0c7738c6e89996e97bb,DJI_0092,scene_02_DJI_0088-0134,train,train,train,0,0,0,0
DJI_0092_1_0.jpg,8ea1aca7aafe7b64be86b4ead84413bc87d261d29f276fc6e7cc172efc668ba5,DJI_0092,scene_02_DJI_0088-0134,train,train,train,0,0,0,0
DJI_0092_1_1.jpg,57346111902ee67a82fc8e39660486659364fb1095a2e20856be63839aaf6b62,DJI_0092,scene_02_DJI_0088-0134,train,train,train,0,0,0,0
DJI_0092_1_2.jpg,ca9d00695a9ca49b323aa030d2197ee39eb10f1b5eca277bb9b3bcab4841a090,DJI_0092,scene_02_DJI_0088-0134,train,train,train,1,1,0,1
DJI_0092_1_3.jpg,d95805dd2e91b1d7637e7f230510df5eaea996b25afe4cd32112e316ff234000,DJI_0092,scene_02_DJI_0088-0134,train,train,train,1,1,0,1
DJI_0092_1_4.jpg,f98bc0251814cf3d68b8637c2721d4c9e0ae698219436da88ac1aba72f176753,DJI_0092,scene_02_DJI_0088-0134,train,train,train,0,0,0,0
DJI_0093_0_0.jpg,e35472e561528a0b28b8b77bee89db1b98f2f41efc3eead2f5b1ffb5d9f7bdbb,DJI_0093,scene_02_DJI_0088-0134,train,train,train,0,0,0,0
DJI_0093_0_1.jpg,f207b17c19d694aa19819a82db75e781537a1a57af3281c43931a2315d1abafd,DJI_0093,scene_02_DJI_0088-0134,train,train,train,2,2,0,1
DJI_0093_0_2.jpg,508d4555db3390ecdd1cbb34b56e60e8a50d80b2a6b8590b175e97c194599317,DJI_0093,scene_02_DJI_0088-0134,train,train,train,0,0,0,0
DJI_0093_0_3.jpg,83eef1ae0e561efda9ca3247a6f459663baab1ad2bf10da66a2279998c6b4979,DJI_0093,scene_02_DJI_0088-0134,train,train,train,0,0,0,0
DJI_0093_0_4.jpg,bf1a0ba1eeb04d6e655b118820bacc4a5233bd8cc10f7d8d03f943f829239e55,DJI_0093,scene_02_DJI_0088-0134,train,train,train,0,0,0,0
DJI_0093_1_0.jpg,87bac74ba0062670d498eadcc11ba12fc51718ebd304d47e6ff00367e59219b3,DJI_0093,scene_02_DJI_0088-0134,train,train,train,0,0,0,0
DJI_0093_1_1.jpg,542583d6dceb7ad08461bab3ede26ba6ff5bd7647d4b0d1f759c1a39459d3b9c,DJI_0093,scene_02_DJI_0088-0134,train,train,train,0,0,0,0
DJI_0093_1_2.jpg,96c805c40f09c85043a373c660d8dc8887905b96989fbd22e2a17cdc0be615b6,DJI_0093,scene_02_DJI_0088-0134,train,train,train,1,1,0,1
DJI_0093_1_3.jpg,cb70e8da800e1b54e848907a031b3085136b9c054b7dd497d5ed6904ee63d049,DJI_0093,scene_02_DJI_0088-0134,train,train,train,1,1,0,1
DJI_0093_1_4.jpg,0d33c39f033bda32efaf92fac372f559dabdeb178e593788042560eb80286f69,DJI_0093,scene_02_DJI_0088-0134,train,train,train,0,0,0,0
DJI_0094_0_0.jpg,1b3a4a169405754f0e1a34c0f40906b109b04ac7cfae4fec30f3f2553e13b0e1,DJI_0094,scene_02_DJI_0088-0134,train,train,train,0,0,0,0
DJI_0094_0_1.jpg,0d32d964be2023b4e13c2bb23cbc6b044c964e944b1f114cbbf9aa58e2ba855f,DJI_0094,scene_02_DJI_0088-0134,train,train,train,2,2,0,1
DJI_0094_0_2.jpg,9bb5927e4a60e261c98499612f8f94b0ecbb9428f454cc10c9fc3cbe2dfd7ceb,DJI_0094,scene_02_DJI_0088-0134,train,train,train,0,0,0,0
DJI_0094_0_3.jpg,70d25356513d1ce2543d285c18e29f1a62267c7a7248b42a46ce8b84248f8701,DJI_0094,scene_02_DJI_0088-0134,train,train,train,0,0,0,0
DJI_0094_0_4.jpg,1362a26d51d975b973fc12acd6b43690ac22eaf845f796353c2c2274935acb3f,DJI_0094,scene_02_DJI_0088-0134,train,train,train,0,0,0,0
DJI_0094_1_0.jpg,2c3593a6ca8cdb7f335fb363078d8134eb1662b6fbfd3531a464c60ddb3bdc28,DJI_0094,scene_02_DJI_0088-0134,train,train,train,0,0,0,0
DJI_0094_1_1.jpg,bb98adbd1efdfe0d0043e6e47c2bc6891e2bd1c90ba63932c27cdffad8951060,DJI_0094,scene_02_DJI_0088-0134,train,train,train,0,0,0,0
DJI_0094_1_2.jpg,89a827bc12e24cdfc0e8917bcddcb014c3f5caf0d28d125a3288e1c5f527479e,DJI_0094,scene_02_DJI_0088-0134,train,train,train,0,0,0,0
DJI_0094_1_3.jpg,b2ade3cff7446812f136ecb7b85cadccd8c7acb35382ff4f17784b621249c015,DJI_0094,scene_02_DJI_0088-0134,train,train,train,2,2,0,1
DJI_0094_1_4.jpg,f173938750fb158020791bd8ec781541d2faef14bbb1a736bca7cca5403ec26a,DJI_0094,scene_02_DJI_0088-0134,train,train,train,0,0,0,0
DJI_0095_0_0.jpg,708f3284badac20c450f3ad9b09c2b0e020417b5d589a9f7140f0ade97b7c2ee,DJI_0095,scene_02_DJI_0088-0134,train,train,train,0,0,0,0
DJI_0095_0_1.jpg,848abf72890f2121e17f026fe91d2bcb3825e1545b4785bd1fc56b7e8ed7ad38,DJI_0095,scene_02_DJI_0088-0134,train,train,train,2,2,0,1
DJI_0095_0_2.jpg,f5fb9955113f2f6f1000639f8b2098525c812e4e2e1ed6415a0eb65f97aa718a,DJI_0095,scene_02_DJI_0088-0134,train,train,train,0,0,0,0
DJI_0095_0_3.jpg,827d0fd9ab873296be72e44462b59e11b7aebf7deb0ea6f0c8362be497ca60e6,DJI_0095,scene_02_DJI_0088-0134,train,train,train,0,0,0,0
DJI_0095_0_4.jpg,c4b87b4c394f5415c75951a94d92c2cccded8927658130b518f8d2a62e6707fd,DJI_0095,scene_02_DJI_0088-0134,train,train,train,0,0,0,0
DJI_0095_1_0.jpg,a8401d935f25b5f0c2d2ca9b2bf19b1af377014740fa3a19925657dff904989d,DJI_0095,scene_02_DJI_0088-0134,train,train,train,0,0,0,0
DJI_0095_1_1.jpg,307d66523f98006116d064e0cb6d41f6deef9a6dbb44a042fdfdc81aed8510c6,DJI_0095,scene_02_DJI_0088-0134,train,train,train,0,0,0,0
DJI_0095_1_2.jpg,c134bdba61f5b718dc7b7b1a162be9cf601d1e61a4098c2aa4b9cef592f547a9,DJI_0095,scene_02_DJI_0088-0134,train,train,train,1,1,0,1
DJI_0095_1_3.jpg,172e6a5f9d7c6cfb014ae3e13a7e085f5e6456e7171bb6149d377e32d809de49,DJI_0095,scene_02_DJI_0088-0134,train,train,train,1,1,0,1
DJI_0095_1_4.jpg,ff6203a529fd6e1d8aea61e59c4a97b5089c0273d303892a36bcd8dee981435d,DJI_0095,scene_02_DJI_0088-0134,train,train,train,0,0,0,0
DJI_0096_0_0.jpg,25c439771ce045ba8c22247977ac0efbb63d0e9dc198269bce46529775bab529,DJI_0096,scene_02_DJI_0088-0134,train,train,train,0,0,0,0
DJI_0096_0_1.jpg,15a2e70ac163d34fe4f7f165a458bdcf7f83ca3e613ded819d6854f7b128dc3f,DJI_0096,scene_02_DJI_0088-0134,train,train,train,2,2,0,1
DJI_0096_0_2.jpg,7a7bef044689b0140db49abb69851f9927e829c67603d1d08c3868725d0057a9,DJI_0096,scene_02_DJI_0088-0134,train,train,train,0,0,0,0
DJI_0096_0_3.jpg,0d4f65bcc2a4928a51ca1f707738e411b51e1a62e1b061844db289151a40d02e,DJI_0096,scene_02_DJI_0088-0134,train,train,train,0,0,0,0
DJI_0096_0_4.jpg,8d77ea791032d8128c95f626a69d74041c161c76f4de5dd21cad3d40e7802fc2,DJI_0096,scene_02_DJI_0088-0134,train,train,train,0,0,0,0
DJI_0096_1_0.jpg,cd3896e0feb39697f4b3e5489ba709bf01ce9234b19032bdb2c82fac10b374cf,DJI_0096,scene_02_DJI_0088-0134,train,train,train,0,0,0,0
DJI_0096_1_1.jpg,aa59d9857486c101a09fbd6a716547cc758ec99531b687314098c8e320199ee0,DJI_0096,scene_02_DJI_0088-0134,train,train,train,0,0,0,0
DJI_0096_1_2.jpg,863bde23ae867f6ed13e4a358992ec37c99cf6ac173b857fffcaa74599e08222,DJI_0096,scene_02_DJI_0088-0134,train,train,train,1,1,0,1
DJI_0096_1_3.jpg,c32fe0eb7a669dafa00059823f9e68ba47784a8a401ed43d3179c53d53b53bce,DJI_0096,scene_02_DJI_0088-0134,train,train,train,1,1,0,1
DJI_0096_1_4.jpg,9fc8b4e684ef78692cd493f4247d0305ad948594de50623033e30dbe74f406d6,DJI_0096,scene_02_DJI_0088-0134,train,train,train,0,0,0,0
DJI_0097_0_0.jpg,185f965a5258a86ee7b738244cf22e4981129e12f5390db9ff386940f8d49677,DJI_0097,scene_02_DJI_0088-0134,train,train,train,1,1,0,1
DJI_0097_0_1.jpg,a0c75263948b98d82b1bac04a9eb9fced45360f26ae895f851353d7f647768d4,DJI_0097,scene_02_DJI_0088-0134,train,train,train,1,1,0,1
DJI_0097_0_2.jpg,d501a8eab8a338de3ce8409dc6876f5dc4faa8d6548d7e72fe31fbec4995c46c,DJI_0097,scene_02_DJI_0088-0134,train,train,train,0,0,0,0
DJI_0097_0_3.jpg,807a0be27baa1c353a3ac68d3025523e4a00dfbecf921c8e706e6488884fc6fe,DJI_0097,scene_02_DJI_0088-0134,train,train,train,0,0,0,0
DJI_0097_0_4.jpg,82328b4c6c141809db6d557585340f5190c142445c1a60679452d9c8e849e456,DJI_0097,scene_02_DJI_0088-0134,train,train,train,0,0,0,0
DJI_0097_1_0.jpg,58f7dcb05c57acc220121ea2b2f31ba13e80241f832810e88ae01d3e3a6ab989,DJI_0097,scene_02_DJI_0088-0134,train,train,train,0,0,0,0
DJI_0097_1_1.jpg,e2118c61e9cc21c3dad87b35b5eafd2584cda2b11fabcb599f5dabbb4ade1ffa,DJI_0097,scene_02_DJI_0088-0134,train,train,train,0,0,0,0
DJI_0097_1_2.jpg,16eb344ee633e344257195358d3823dfb6129f71e033b3b339d761204cd30a01,DJI_0097,scene_02_DJI_0088-0134,train,train,train,2,2,0,1
DJI_0097_1_3.jpg,bf1e2fd22a75d7a9f97d0288198ba2890b695318a20a20dcb2e9a79cfe869ca6,DJI_0097,scene_02_DJI_0088-0134,train,train,train,0,0,0,0
DJI_0097_1_4.jpg,2d628b1fd8f8410a0c200c7953953b1c20a5945b90702df9c47a17f482256f82,DJI_0097,scene_02_DJI_0088-0134,train,train,train,0,0,0,0
DJI_0098_0_0.jpg,76b9c29235c56b4fdeffea919ccd072c1f7daf07b2c0b51f8a96a43b53e0a6e5,DJI_0098,scene_02_DJI_0088-0134,train,train,train,1,1,0,1
DJI_0098_0_1.jpg,f9ea91129addf87a9095539f7bef5caa1efd8a81f1647c136ff81c836254c089,DJI_0098,scene_02_DJI_0088-0134,train,train,train,2,2,0,1
DJI_0098_0_2.jpg,571d145092ab8887ee98ba32405ca93326c71a3267fad784f0a7d94e585ad207,DJI_0098,scene_02_DJI_0088-0134,train,train,train,0,0,0,0
DJI_0098_0_3.jpg,34894a5239d2c4b91a7bb43cabd574db0d9bb6d4990bb4d6241921b8a3d80ef2,DJI_0098,scene_02_DJI_0088-0134,train,train,train,0,0,0,0
DJI_0098_0_4.jpg,afdc46097a023d26fc1c31d97380224828405e1af4bc3bcf5580949f188df3cc,DJI_0098,scene_02_DJI_0088-0134,train,train,train,0,0,0,0
DJI_0098_1_0.jpg,7f5b2ab8bcac0ecd42e77c54d4566cf662e295167f3f454fd2e9f50f89b2c229,DJI_0098,scene_02_DJI_0088-0134,train,train,train,0,0,0,0
DJI_0098_1_1.jpg,7c87e203826460ad4af5afc1d71c0a6df250505b7cdc50fc6c00dd26ef909c29,DJI_0098,scene_02_DJI_0088-0134,train,train,train,0,0,0,0
DJI_0098_1_2.jpg,b2dfdf23158fc1269542fc97053240723f9816db860e8a7465d12b11a4241f0b,DJI_0098,scene_02_DJI_0088-0134,train,train,train,2,2,0,1
DJI_0098_1_3.jpg,56643e1b1b5becf7e04abcd50b3b81ac8eaffb8811d423ebd2ee1b3dfa32005c,DJI_0098,scene_02_DJI_0088-0134,train,train,train,0,0,0,0
DJI_0098_1_4.jpg,3d67acc33dd20a265fd0141af071d2f4faf37e1b093889ab9cb0750565cecb14,DJI_0098,scene_02_DJI_0088-0134,train,train,train,0,0,0,0
DJI_0099_0_0.jpg,5959448d4274c3072b32fb5c039a880151016d12c5212965156fe27b083c908c,DJI_0099,scene_02_DJI_0088-0134,train,train,train,0,0,0,0
DJI_0099_0_1.jpg,e9b5e1aa3d7d89860d7827af904df74c38f79997d4f6d519ad00a777a03865c8,DJI_0099,scene_02_DJI_0088-0134,train,train,train,2,2,0,1
DJI_0099_0_2.jpg,ec0507f1afe188d434f4e1ca1e6264274fc9e4700af95314ad201ca88d078ee8,DJI_0099,scene_02_DJI_0088-0134,train,train,train,0,0,0,0
DJI_0099_0_3.jpg,1b642fdd077ee370f7c36b50645819bba3fbf6321742b4d8843ab2306ed1e012,DJI_0099,scene_02_DJI_0088-0134,train,train,train,0,0,0,0
DJI_0099_0_4.jpg,37b6b9c5299493e6c36053c3fb46751f8868a17b923b5c058b3e436309eb3b9b,DJI_0099,scene_02_DJI_0088-0134,train,train,train,0,0,0,0
DJI_0099_1_0.jpg,3a3e18f89879907f65027814c0ce9ff226690ef8b182f881123a05bb632e3485,DJI_0099,scene_02_DJI_0088-0134,train,train,train,0,0,0,0
DJI_0099_1_1.jpg,8afc687b8da4502386383859a4b7fbb69c8ff061493230af885c98d0851d9349,DJI_0099,scene_02_DJI_0088-0134,train,train,train,0,0,0,0
DJI_0099_1_2.jpg,6b2a314ddb6878a4930ad84dc49ab85ad2972f1342cb418bb266608ddebc6614,DJI_0099,scene_02_DJI_0088-0134,train,train,train,2,2,0,1
DJI_0099_1_3.jpg,518379bc5d787660027b1e3ac2b3678e3f052f8dbe44fb2b5957382749609d85,DJI_0099,scene_02_DJI_0088-0134,train,train,train,0,0,0,0
DJI_0099_1_4.jpg,8840415fa052eb2fceb38d3201bf0cc063ecb52c07ca9087708f6a95b39daeab,DJI_0099,scene_02_DJI_0088-0134,train,train,train,0,0,0,0
DJI_0100_0_0.jpg,536899e27f022ddc21b42564d9b713536ec50219dbc301f41b33ca6e285c4d9d,DJI_0100,scene_02_DJI_0088-0134,train,train,train,0,0,0,0
DJI_0100_0_1.jpg,f691fda11b5d7473f781bbde9ddc3a6d2b4c546dc775661e15ee203694052511,DJI_0100,scene_02_DJI_0088-0134,train,train,train,2,2,0,1
DJI_0100_0_2.jpg,e2f3cf85f80526b994d057ccc008104567be0e6271df529a3ea7927263174db0,DJI_0100,scene_02_DJI_0088-0134,train,train,train,0,0,0,0
DJI_0100_0_3.jpg,b0643ed60b1f82a87da0f592eea8c228adbafd2dda02486cfffce0f244dd863f,DJI_0100,scene_02_DJI_0088-0134,train,train,train,0,0,0,0
DJI_0100_0_4.jpg,383f6553e528462c2c9741918d18bbbd915641a5078d8eeffb9d329a5570fcf3,DJI_0100,scene_02_DJI_0088-0134,train,train,train,0,0,0,0
DJI_0100_1_0.jpg,23f14fd90eb8c5c05a2a9831b1e49b1febe868e046cfaac943036066dbe6731a,DJI_0100,scene_02_DJI_0088-0134,train,train,train,0,0,0,0
DJI_0100_1_1.jpg,ee288415b93452f63fd05607c8a20f5b03520a98224ab19dd61d6a2316729e56,DJI_0100,scene_02_DJI_0088-0134,train,train,train,0,0,0,0
DJI_0100_1_2.jpg,f340dd29951a1b29d70b5f011633aaca66ad038635e9620f9c616c706028e4e8,DJI_0100,scene_02_DJI_0088-0134,train,train,train,0,0,0,0
DJI_0100_1_3.jpg,334b7a036e5e5fcf195d23b1c1536acf46ef7655f6593316d08d228ed23aac52,DJI_0100,scene_02_DJI_0088-0134,train,train,train,2,2,0,1
DJI_0100_1_4.jpg,adacd5270d4c0f1169926a44c1c2cb17397896317808373c2c59b1eb0e7e236a,DJI_0100,scene_02_DJI_0088-0134,train,train,train,0,0,0,0
DJI_0101_0_0.jpg,a6e6aefc4cf3774878f3d2c0416d0cacaf1af88d44f5d468a24d45c109219a95,DJI_0101,scene_02_DJI_0088-0134,train,train,train,0,0,0,0
DJI_0101_0_1.jpg,117fa92f89a08614f97c3dcd423c1967ca77d44a14748269f25b011b97bc6ab8,DJI_0101,scene_02_DJI_0088-0134,train,train,train,2,2,0,1
DJI_0101_0_2.jpg,fa1e363c0a713b00d7ab1f02b66ee77421c4cdf49e70bf4bd956463b3c72b968,DJI_0101,scene_02_DJI_0088-0134,train,train,train,0,0,0,0
DJI_0101_0_3.jpg,b448b8ae5a17396061c94b8148b54629971151e0c15d56de63b30fc83e133a7a,DJI_0101,scene_02_DJI_0088-0134,train,train,train,0,0,0,0
DJI_0101_0_4.jpg,9944bc91a686556926230962062cce216d69baff0a039f0bcf34f71d5c73211e,DJI_0101,scene_02_DJI_0088-0134,train,train,train,0,0,0,0
DJI_0101_1_0.jpg,85c01558a039667d5cda863b63956996345e5815d9a96f7c0617b5f4d08366f9,DJI_0101,scene_02_DJI_0088-0134,train,train,train,0,0,0,0
DJI_0101_1_1.jpg,bf012d09b2bf79fd85e694ae23dc5623bd256819017a2f257e1fc658b0dd5db8,DJI_0101,scene_02_DJI_0088-0134,train,train,train,0,0,0,0
DJI_0101_1_2.jpg,f6d1cd6fc541d151fb0921cee6da58514151bf7164dd0ae03a87fa6919a51934,DJI_0101,scene_02_DJI_0088-0134,train,train,train,1,1,0,1
DJI_0101_1_3.jpg,a33c47ec4f7adb3dac7f716cedf003da597caba4e30af72f1724fb5baa840004,DJI_0101,scene_02_DJI_0088-0134,train,train,train,1,1,0,1
DJI_0101_1_4.jpg,af424567571adfd3bf843e472a9db43ae6bcc6ddc9ca6e3e36162266b5dfc6ff,DJI_0101,scene_02_DJI_0088-0134,train,train,train,0,0,0,0
DJI_0102_0_0.jpg,f722dc9934bb924af0538a01c9efeaa733f08e4182673edaaea8fb140e77e721,DJI_0102,scene_02_DJI_0088-0134,train,train,train,0,0,0,0
DJI_0102_0_1.jpg,6ae006a6ab4ac8d11bf6aa2d33760802a02e39303c34df22dcca09503b17413d,DJI_0102,scene_02_DJI_0088-0134,train,train,train,2,2,0,1
DJI_0102_0_2.jpg,cb7d890df462832883a71cce8f825be2c0bbbc4bc514fa26d272b7a2457e4015,DJI_0102,scene_02_DJI_0088-0134,train,train,train,0,0,0,0
DJI_0102_0_3.jpg,f333b8a04ec2d7951216e33e3a8fc85bbffd894c02aa9361078642e03b568d3a,DJI_0102,scene_02_DJI_0088-0134,train,train,train,0,0,0,0
DJI_0102_0_4.jpg,e43d14ee73db2225e73e27ab2e260dfe6bf2b82c1442d123905055f80cf343c5,DJI_0102,scene_02_DJI_0088-0134,train,train,train,0,0,0,0
DJI_0102_1_0.jpg,7f4c7d89bdd2bfc66604780d5808fa3d5850392b8571a9bdece223f7ad13c844,DJI_0102,scene_02_DJI_0088-0134,train,train,train,0,0,0,0
DJI_0102_1_1.jpg,96f42f86b220c2992addb34000bbdfba62c290e07ab5387e3704c04a54f87cc9,DJI_0102,scene_02_DJI_0088-0134,train,train,train,0,0,0,0
DJI_0102_1_2.jpg,96d1726bcb11aca74f15a24d6cdcadb20083760a3b3554fc398c08948e050f3d,DJI_0102,scene_02_DJI_0088-0134,train,train,train,1,1,0,1
DJI_0102_1_3.jpg,9763beba7716e8aeda6f2a19690f6958b4ae9d7664d8627bf47c93986fb2603a,DJI_0102,scene_02_DJI_0088-0134,train,train,train,1,1,0,1
DJI_0102_1_4.jpg,b2bff2a9790fc917f3a5447fa3a8a7e5e99c76daa707aafc9f36e3a9f361a0d8,DJI_0102,scene_02_DJI_0088-0134,train,train,train,0,0,0,0
DJI_0103_0_0.jpg,2d1517427eddde14e13a0439febf2a14cf595ae04f1d325f69126052c3c742ca,DJI_0103,scene_02_DJI_0088-0134,train,train,train,1,1,0,1
DJI_0103_0_1.jpg,f15e3e83b76ab3cbd578b281c7015305770d21a5812d448e15b8c22ab10cb3c7,DJI_0103,scene_02_DJI_0088-0134,train,train,train,2,1,1,1
DJI_0103_0_2.jpg,69243c992e240285c17e64d44d0601a0c5f84129c7431297394e81ca8e26e2e1,DJI_0103,scene_02_DJI_0088-0134,train,train,train,0,0,0,0
DJI_0103_0_3.jpg,c04508a86fdf48f40b0a946bfadef3f6d6b759c0926e9122df529c7ad9c588d8,DJI_0103,scene_02_DJI_0088-0134,train,train,train,0,0,0,0
DJI_0103_0_4.jpg,3137809d0c1efa7b5890bcb20678abdd5a846d0345e2bfbdd744fb26f0784afb,DJI_0103,scene_02_DJI_0088-0134,train,train,train,0,0,0,0
DJI_0103_1_0.jpg,8db21438082a861aebd1345f14d4d0349a56705af3b7cbe05930be2fd082ad8c,DJI_0103,scene_02_DJI_0088-0134,train,train,train,0,0,0,0
DJI_0103_1_1.jpg,78c024eff0370a0e234fa7180ec2c98dddcd74110ea98f6d0ee7345d83e60d2b,DJI_0103,scene_02_DJI_0088-0134,train,train,train,0,0,0,0
DJI_0103_1_2.jpg,4f74f62c3629f15de74d0a591cae7e31496e8bd095a11e6daf189d9da9aa34d2,DJI_0103,scene_02_DJI_0088-0134,train,train,train,2,2,0,1
DJI_0103_1_3.jpg,3903b70e1b63fee9e4681ecb472cd9a452c22f56a7d2ca3395c9211acac5058a,DJI_0103,scene_02_DJI_0088-0134,train,train,train,0,0,0,0
DJI_0103_1_4.jpg,3df61b4f0fa4f67b523b7b752306500a6c0183e7f31c0c55f6ed3829d21c5fde,DJI_0103,scene_02_DJI_0088-0134,train,train,train,0,0,0,0
DJI_0104_0_0.jpg,b93d3f0856fb266c50e9aa859b65de5b3dbe0f4c1be6bd96976fc6302b7cadfa,DJI_0104,scene_02_DJI_0088-0134,train,train,train,0,0,0,0
DJI_0104_0_1.jpg,6718784397fc32e89cea1c40bb8b9bce052cc42cb3ca8018da25406d52f75306,DJI_0104,scene_02_DJI_0088-0134,train,train,train,2,2,0,1
DJI_0104_0_2.jpg,7f1dfaac216dbee3fc55aa2ea21c779693b9d49a8eae0758328da771323a1bc8,DJI_0104,scene_02_DJI_0088-0134,train,train,train,0,0,0,0
DJI_0104_0_3.jpg,77b9f011230d7c9f801d9ddd158451a018309d92f93dea1b3203950fafc67f88,DJI_0104,scene_02_DJI_0088-0134,train,train,train,0,0,0,0
DJI_0104_0_4.jpg,bfddd473f5e97c8c36893426aa6aed63f68d049d9ae8a350dc5ebc5f4b8efd45,DJI_0104,scene_02_DJI_0088-0134,train,train,train,0,0,0,0
DJI_0104_1_0.jpg,d7368900b11f1ca43ea0c8de3cb74e16a7db75ca21815b43ddf1e5605f8798fd,DJI_0104,scene_02_DJI_0088-0134,train,train,train,0,0,0,0
DJI_0104_1_1.jpg,bd21a62fe252a4f151f5d12b2d99166e7d66cc1b7f7c64ea367790f0fa95d1e4,DJI_0104,scene_02_DJI_0088-0134,train,train,train,0,0,0,0
DJI_0104_1_2.jpg,7391ac757c0a581fbdb84f51ac7020650fad31800e287f825e5dfd91573e1387,DJI_0104,scene_02_DJI_0088-0134,train,train,train,1,1,0,1
DJI_0104_1_3.jpg,d16dd97bc351d7bf7fc2eb9bd47aab2fd2ee3ce56ac45a57e40d11b044a2e40e,DJI_0104,scene_02_DJI_0088-0134,train,train,train,1,1,0,1
DJI_0104_1_4.jpg,d19ac2729874df0809a88333e2491a3cc4d811d95b47d5e66330be11cd85d56c,DJI_0104,scene_02_DJI_0088-0134,train,train,train,0,0,0,0
DJI_0105_0_0.jpg,25137a653bed999c481b4e065715bfaa9c3cc291afd44bd52b2da241f2a9c0ea,DJI_0105,scene_02_DJI_0088-0134,train,train,train,0,0,0,0
DJI_0105_0_1.jpg,d32ae62828f3c49cb417a948876455a8ce118bb0436c6d88dceaf982b9f62710,DJI_0105,scene_02_DJI_0088-0134,train,train,train,2,2,0,1
DJI_0105_0_2.jpg,e79d35bf90430ba29f8230e5a8b427244f08d5362329f9dfeb0bbf820d3a0e1f,DJI_0105,scene_02_DJI_0088-0134,train,train,train,0,0,0,0
DJI_0105_0_3.jpg,459d2c380177eb8607d352710b25dfdfea29bc26aa6328b1efb866dfce46e4c8,DJI_0105,scene_02_DJI_0088-0134,train,train,train,0,0,0,0
DJI_0105_0_4.jpg,1060d05981b0503b65300c793da576f879f2befc68ca5460f0b41f1d8a234a45,DJI_0105,scene_02_DJI_0088-0134,train,train,train,0,0,0,0
DJI_0105_1_0.jpg,c585a26d936794e6aba366657ca5d66dd218c9a3f15b7a2f7a7e4ce4e30926b3,DJI_0105,scene_02_DJI_0088-0134,train,train,train,0,0,0,0
DJI_0105_1_1.jpg,022f9bbd41518fff302d93833f997c50dedbdc4c1aaa29ea65d61735345f2afe,DJI_0105,scene_02_DJI_0088-0134,train,train,train,0,0,0,0
DJI_0105_1_2.jpg,e4a8c206202a6c183a9a1b068a7641e44e3948007463d530f815d10e6175a5a5,DJI_0105,scene_02_DJI_0088-0134,train,train,train,2,2,0,1
DJI_0105_1_3.jpg,addb22dbac3b39db5eae68a342e13a743d5f93b181c769d886ac17c0a4883224,DJI_0105,scene_02_DJI_0088-0134,train,train,train,0,0,0,0
DJI_0105_1_4.jpg,d5e13ee866cebb19a4a7e3c0c5f15735c302f60b0d58cc2f11c3daaf9ca64901,DJI_0105,scene_02_DJI_0088-0134,train,train,train,0,0,0,0
DJI_0106_0_0.jpg,5fb5c26deb8145d51bd5ab7dcfbe9a0a340186f2c6397060679266aed0019d30,DJI_0106,scene_02_DJI_0088-0134,train,train,train,0,0,0,0
DJI_0106_0_1.jpg,2551566db2002c38d3810e011ecb57c73fd2eef1bcd7e4174a2f157b84cd5b64,DJI_0106,scene_02_DJI_0088-0134,train,train,train,2,2,0,1
DJI_0106_0_2.jpg,f55d329df3eb2239683727e602070d69a5bbfbb9a5ee43d1676e33bf239dc7dd,DJI_0106,scene_02_DJI_0088-0134,train,train,train,0,0,0,0
DJI_0106_0_3.jpg,6b6aa77327cb9fd813cb2ae1920647a5d5f7c8b50a471e1a67c625926dffb3ad,DJI_0106,scene_02_DJI_0088-0134,train,train,train,0,0,0,0
DJI_0106_0_4.jpg,cfebca9f79e5cc158918664ad6ec48646dd1e24f16d7d9090b8aa5916e747288,DJI_0106,scene_02_DJI_0088-0134,train,train,train,0,0,0,0
DJI_0106_1_0.jpg,5f1cb50fa2d8e6a7e366021a7bb11651b63ac79d787e9319d1012a465850fac8,DJI_0106,scene_02_DJI_0088-0134,train,train,train,0,0,0,0
DJI_0106_1_1.jpg,665b0cf71c4971078fb4ac046eec5d2f3fa824ef635525281b1db862691d0f6a,DJI_0106,scene_02_DJI_0088-0134,train,train,train,0,0,0,0
DJI_0106_1_2.jpg,7d8d88828000e934e8cd1466d557d9acc4ecd667e704bd03831b1b6a751eb4d8,DJI_0106,scene_02_DJI_0088-0134,train,train,train,2,2,0,1
DJI_0106_1_3.jpg,d6b4c836ad2f50fcd61c02e1c1857bf1b77f4fb73d2088cfa345b73268ca04a4,DJI_0106,scene_02_DJI_0088-0134,train,train,train,0,0,0,0
DJI_0106_1_4.jpg,80f2723ae26fb2ca804849ff1e357cbeaf5d0bf7b65492bfb55a5375a1070241,DJI_0106,scene_02_DJI_0088-0134,train,train,train,0,0,0,0
DJI_0107_0_0.jpg,a6022095659f2282c0007e3c821ddfbb2742b80697f9511c9b8589a5293e02e2,DJI_0107,scene_02_DJI_0088-0134,train,train,train,0,0,0,0
DJI_0107_0_1.jpg,63dcf75a7838c471c61f555a0d5d4f658eebb5d7f9585c1f5bb1e88a8ca5d879,DJI_0107,scene_02_DJI_0088-0134,train,train,train,2,2,0,1
DJI_0107_0_2.jpg,8f0abf5b2641fcff83754368dc648d9658e1666360c71ff74618b482371bf097,DJI_0107,scene_02_DJI_0088-0134,train,train,train,0,0,0,0
DJI_0107_0_3.jpg,8c372ca693bb62edb6e2f5348b0e31709c2202526fc44b9149c5d8b99721598a,DJI_0107,scene_02_DJI_0088-0134,train,train,train,0,0,0,0
DJI_0107_0_4.jpg,62f602a1fe7b7341117cc117ea495172d1e8d7089abad82483ea655aa88912a1,DJI_0107,scene_02_DJI_0088-0134,train,train,train,0,0,0,0
DJI_0107_1_0.jpg,27cdcfe6cff8e4f85c54f7e2319efe6371cc23c9b22eea933a8ad34679c9897a,DJI_0107,scene_02_DJI_0088-0134,train,train,train,0,0,0,0
DJI_0107_1_1.jpg,3b03c4c0bd8e44bdf351a45909a61022c030a9963fa15e9fefcfb5584ac9dc38,DJI_0107,scene_02_DJI_0088-0134,train,train,train,0,0,0,0
DJI_0107_1_2.jpg,a16fec50a7606ba6a69fb23b375645a6fb08b610719e186b340de8f4200ce76a,DJI_0107,scene_02_DJI_0088-0134,train,train,train,1,1,0,1
DJI_0107_1_3.jpg,860b584953ec7f993c646beb473052f09f5e07b6cf3dd08a311c306029f19948,DJI_0107,scene_02_DJI_0088-0134,train,train,train,0,0,0,0
DJI_0107_1_4.jpg,023359fbbf24245983d427d56d5855d7ea69b093e4688e2a400d7fe97428662a,DJI_0107,scene_02_DJI_0088-0134,train,train,train,0,0,0,0
DJI_0108_0_0.jpg,12e1b77d8b695c73e6dfbb714ba320e22b353c45326059eaa48ffec365d5f113,DJI_0108,scene_02_DJI_0088-0134,train,train,train,0,0,0,0
DJI_0108_0_1.jpg,17cbb663e5bc00f56d5d3601a50cc386a0b05ddde877d889d7398025bf263258,DJI_0108,scene_02_DJI_0088-0134,train,train,train,2,2,0,1
DJI_0108_0_2.jpg,acc3eaaedabc3e0ffe3c136d5a17c43d335a7c2848b1aa21e79dd580e8953170,DJI_0108,scene_02_DJI_0088-0134,train,train,train,0,0,0,0
DJI_0108_0_3.jpg,58c48e5600f9cb4ba2acc1b73b4f78d76c81b4efcd05fade46b88a0f4a02bce4,DJI_0108,scene_02_DJI_0088-0134,train,train,train,0,0,0,0
DJI_0108_0_4.jpg,5a269379cfa9b8fdabc1213d23d0b10089cceac7016e246f54aa8bc8fd1f8895,DJI_0108,scene_02_DJI_0088-0134,train,train,train,0,0,0,0
DJI_0108_1_0.jpg,7b19149cdebbf8e80f8e743908e5e6bb66c6cab112682158a768ee4a0128b916,DJI_0108,scene_02_DJI_0088-0134,train,train,train,0,0,0,0
DJI_0108_1_1.jpg,6f5f32ecd2a307c7cec614ca06aa8f49cdfdf831b80f4bbd1623964260b41f7d,DJI_0108,scene_02_DJI_0088-0134,train,train,train,0,0,0,0
DJI_0108_1_2.jpg,0684dc86ceb8025907b9be722512b21b72cdfc6dc16428971f0abe781ec836f8,DJI_0108,scene_02_DJI_0088-0134,train,train,train,1,1,0,1
DJI_0108_1_3.jpg,cf7a8ac39f5fbd3873d33e07a193b155d8745e625a256a3e55495f0e83a713c1,DJI_0108,scene_02_DJI_0088-0134,train,train,train,0,0,0,0
DJI_0108_1_4.jpg,e49cf86e1802032b4a275bbfcc7df6d6560c16714f13fc059f9490a662bb94f4,DJI_0108,scene_02_DJI_0088-0134,train,train,train,0,0,0,0
DJI_0109_0_0.jpg,e908923a06fec3f7861b56dcc71ba495809122f28c6dcaa9a2e09495f6690bc5,DJI_0109,scene_02_DJI_0088-0134,train,train,train,0,0,0,0
DJI_0109_0_1.jpg,8ef7d792de3008182b2de8c472c96edcdbd22a0c5388d4cdadc1054a0281ac14,DJI_0109,scene_02_DJI_0088-0134,train,train,train,2,2,0,1
DJI_0109_0_2.jpg,92198bc8aa3ff1cff9e236f5eeaa5f20576142887dde4851bb15255be4737b5a,DJI_0109,scene_02_DJI_0088-0134,train,train,train,0,0,0,0
DJI_0109_0_3.jpg,f11a6895e46aebbbdf62e306e21a6295b49c1d0ddfe42d5f609650f3b6c4fa27,DJI_0109,scene_02_DJI_0088-0134,train,train,train,0,0,0,0
DJI_0109_0_4.jpg,146c2bcbaab473a0d639483dabb115b73f7d23834036a62f02124e627a952343,DJI_0109,scene_02_DJI_0088-0134,train,train,train,0,0,0,0
DJI_0109_1_0.jpg,5ae3eea874309bd0b8843e6ccb2537bc4f42c56901bb5b86472bcbc4249d68f7,DJI_0109,scene_02_DJI_0088-0134,train,train,train,0,0,0,0
DJI_0109_1_1.jpg,98318bde5df22e2c80290dfe478ae680fcc1d76787cca9eb90f2b08729426010,DJI_0109,scene_02_DJI_0088-0134,train,train,train,0,0,0,0
DJI_0109_1_2.jpg,05fcb6bbf203f27173ca95d760dd944bf05a5172d83fbad197b200eeb756416b,DJI_0109,scene_02_DJI_0088-0134,train,train,train,1,1,0,1
DJI_0109_1_3.jpg,be613db20c4da90aa46913fd738dd495f3cbacda626531bf9ceff2aaa44017df,DJI_0109,scene_02_DJI_0088-0134,train,train,train,0,0,0,0
DJI_0109_1_4.jpg,a1ce7a2b8eb02bd28c04b7a6722a46676c2afdefe1f421f57d4b1308ec762694,DJI_0109,scene_02_DJI_0088-0134,train,train,train,0,0,0,0
DJI_0110_0_0.jpg,3fced82103860c117084972606386af2234baac10accab09ae6948046835e24b,DJI_0110,scene_02_DJI_0088-0134,train,train,train,0,0,0,0
DJI_0110_0_1.jpg,d2941826f308594d6544652b2c2d7c3614fce30918079508f0395ab04d99cf7b,DJI_0110,scene_02_DJI_0088-0134,train,train,train,2,1,1,1
DJI_0110_0_2.jpg,1e955bddabfd60a327f8dcdd7c520382b8574d82283de4a402773d0ba8991e9b,DJI_0110,scene_02_DJI_0088-0134,train,train,train,0,0,0,0
DJI_0110_0_3.jpg,d985ab3924fa71e539b008ecbb58603d44ada4dd880ba196ab998c7415b20751,DJI_0110,scene_02_DJI_0088-0134,train,train,train,0,0,0,0
DJI_0110_0_4.jpg,1171aee8d2b5973c8a4981ca200d9ef91b83dc9f5fe28a10d3bd03215b4ea4fd,DJI_0110,scene_02_DJI_0088-0134,train,train,train,0,0,0,0
DJI_0110_1_0.jpg,9c24a9f9092c0b879a3ea087e0ab1f1e96efc77322b16cc1961144811707f429,DJI_0110,scene_02_DJI_0088-0134,train,train,train,0,0,0,0
DJI_0110_1_1.jpg,6905b0250f4c46c003f11fb7bb9e1a7654b5718d6a4f52679bf87fa2f6713aa6,DJI_0110,scene_02_DJI_0088-0134,train,train,train,0,0,0,0
DJI_0110_1_2.jpg,2ca89ef14f3d221e836a4f4c318e090aea8a59219abf1c958c879dc64b2c8a63,DJI_0110,scene_02_DJI_0088-0134,train,train,train,1,1,0,1
DJI_0110_1_3.jpg,d320894fcd0586ea29b70c7ba95ef0ba02b743817bd901688ba410e514bf08d3,DJI_0110,scene_02_DJI_0088-0134,train,train,train,0,0,0,0
DJI_0110_1_4.jpg,b79426587a7b22f07ab7f0f938d3717f6c5d23e9019c9ff4f80b8e4cb183bb12,DJI_0110,scene_02_DJI_0088-0134,train,train,train,0,0,0,0
DJI_0111_0_0.jpg,80835acaa85dec0dc5004b54464ac57ae779eedfc0e3b54b30959c1e0e647d17,DJI_0111,scene_02_DJI_0088-0134,train,train,train,0,0,0,0
DJI_0111_0_1.jpg,bfe6aa3509545104642c91a1d3e99509aa3d7adfa60a3daf1477ae2a6b342a3e,DJI_0111,scene_02_DJI_0088-0134,train,train,train,2,2,0,1
DJI_0111_0_2.jpg,2b3aa6431cff5c6780cab4d8efc80ce3ab844e2bc54c702e5564d19ef2fef8df,DJI_0111,scene_02_DJI_0088-0134,train,train,train,0,0,0,0
DJI_0111_0_3.jpg,dc0e3544b94c35007a606849a7253ac260640fe66ba3908bc438f107abf0366b,DJI_0111,scene_02_DJI_0088-0134,train,train,train,0,0,0,0
DJI_0111_0_4.jpg,e7051c82c4959316865dc9dc6dce0aac5bb9612e72226cdff22949c59fa75da3,DJI_0111,scene_02_DJI_0088-0134,train,train,train,0,0,0,0
DJI_0111_1_0.jpg,f5c75ff95ef4087702df8e7f3fc2852edddd242c0c440f9a0d0c2df17d29107f,DJI_0111,scene_02_DJI_0088-0134,train,train,train,0,0,0,0
DJI_0111_1_1.jpg,63f249e897593efcb537811cfa0d059a327bb86ac4defdff60f37de0c7f98f53,DJI_0111,scene_02_DJI_0088-0134,train,train,train,0,0,0,0
DJI_0111_1_2.jpg,a70636fe247a712657d55788fd8d4f2e1de251909058b8a845de502ce22a39a2,DJI_0111,scene_02_DJI_0088-0134,train,train,train,1,1,0,1
DJI_0111_1_3.jpg,8c55917f79c50563d094f6a1102a7afa100b2bf76c09774615f24378e97ad4f5,DJI_0111,scene_02_DJI_0088-0134,train,train,train,0,0,0,0
DJI_0111_1_4.jpg,6abcca904397ea7b0e0ec71a57c9bead6a1d63081cc74efbeff1b999a171daa6,DJI_0111,scene_02_DJI_0088-0134,train,train,train,0,0,0,0
DJI_0112_0_0.jpg,afb02e689653a0e80ba95fe789603631bc08f33878d96a70573ba8fa2c4e3964,DJI_0112,scene_02_DJI_0088-0134,train,train,train,0,0,0,0
DJI_0112_0_1.jpg,b683c1584d672a0bca8796668dc25876b37ee7f265eecba3de6cbf2b01d2bdd8,DJI_0112,scene_02_DJI_0088-0134,train,train,train,1,1,0,1
DJI_0112_0_2.jpg,df467496d6815f031812049e39f5fcf7b2a785e37109d7c38f5cce51b78cbffc,DJI_0112,scene_02_DJI_0088-0134,train,train,train,0,0,0,0
DJI_0112_0_3.jpg,09cb2dc97cffa6b20f6fcc22e858ba6af0201d5a608685dd68917e7a8339bc55,DJI_0112,scene_02_DJI_0088-0134,train,train,train,0,0,0,0
DJI_0112_0_4.jpg,927f9dd2d6c05ab53688581cdfafecf18eeb35c500d03ee416ffbf869ad7921f,DJI_0112,scene_02_DJI_0088-0134,train,train,train,0,0,0,0
DJI_0112_1_0.jpg,053ddedafb432758da55f3fb09897323e1fd8246621c05803a7c57e7d48c299b,DJI_0112,scene_02_DJI_0088-0134,train,train,train,0,0,0,0
DJI_0112_1_1.jpg,016d68fad01862886b4a5fdd14ed08cdfa51aeb8ac772f56ce4434deada8a6cd,DJI_0112,scene_02_DJI_0088-0134,train,train,train,0,0,0,0
DJI_0112_1_2.jpg,55a6585148c8d2c568eb635b715198cc7ab025c38ac3a7db0b441a426b8979ea,DJI_0112,scene_02_DJI_0088-0134,train,train,train,1,1,0,1
DJI_0112_1_3.jpg,521a60576c59dffdef2cf2d08fb3a7b5457a94cfb241a11030dafac01995d3ac,DJI_0112,scene_02_DJI_0088-0134,train,train,train,0,0,0,0
DJI_0112_1_4.jpg,2a4c82030de95a666d784a179c02a0b3a3317681ce6399d21d493d145ac558d2,DJI_0112,scene_02_DJI_0088-0134,train,train,train,0,0,0,0
DJI_0113_0_0.jpg,30f4938287f46c6370c3c7eadf239c3f610102d71d107dc9897713afc9cf4a4d,DJI_0113,scene_02_DJI_0088-0134,train,train,train,0,0,0,0
DJI_0113_0_1.jpg,b48907f317e17cce9c4ac7402dcdb700292ea49455a3ebdb9828772ed14f5a48,DJI_0113,scene_02_DJI_0088-0134,train,train,train,0,0,0,0
DJI_0113_0_2.jpg,e090660ec3c9b461a192479cdb40c5058965ffac0cbf711f28f798dee538cd4c,DJI_0113,scene_02_DJI_0088-0134,train,train,train,0,0,0,0
DJI_0113_0_3.jpg,418979e5cb757d3481546d46ac9bffd3a1a246284b6ea4e9071d52798a452b34,DJI_0113,scene_02_DJI_0088-0134,train,train,train,0,0,0,0
DJI_0113_0_4.jpg,987fa799fb27e1b9b91e848c4977183c452d1a5d01e4f0b547a98b91c0e9fecc,DJI_0113,scene_02_DJI_0088-0134,train,train,train,0,0,0,0
DJI_0113_1_0.jpg,d3b8d018e45fb128ea22a03a8f799bd39e7da0c13bbc64f5cc9870e9631f749d,DJI_0113,scene_02_DJI_0088-0134,train,train,train,0,0,0,0
DJI_0113_1_1.jpg,7d374c5134bbbabbff672cfd2be7ad80ae8f3cca8f7cfc2a6c5209d5215784e8,DJI_0113,scene_02_DJI_0088-0134,train,train,train,0,0,0,0
DJI_0113_1_2.jpg,186963de5061761615f13cfdbaefb9b101c3325aaf8e54b05e9240ba5e205568,DJI_0113,scene_02_DJI_0088-0134,train,train,train,1,1,0,1
DJI_0113_1_3.jpg,658665efc27a35e478e936f498bf64835e4eabf8ee3b7bc9206940f1351a90ea,DJI_0113,scene_02_DJI_0088-0134,train,train,train,0,0,0,0
DJI_0113_1_4.jpg,38de8b85c2f9368b887b4f6264f6b11a05390731359dc3f3fa3b5f39c8bfef32,DJI_0113,scene_02_DJI_0088-0134,train,train,train,0,0,0,0
DJI_0114_0_0.jpg,718081006c5a281bd0f3ac5d624458131e463f3028b17c8dc1bdd2b1a6fc9aca,DJI_0114,scene_02_DJI_0088-0134,train,train,train,0,0,0,0
DJI_0114_0_1.jpg,234d3a53acd8daa714b721f6ed6acba94b4a47ba558c0f53ff2e492b293daae0,DJI_0114,scene_02_DJI_0088-0134,train,train,train,0,0,0,0
DJI_0114_0_2.jpg,4fc6963688baa0896b89811f19d4f80ac808524965a73943d8a38115f894fde1,DJI_0114,scene_02_DJI_0088-0134,train,train,train,0,0,0,0
DJI_0114_0_3.jpg,d12c765d2c24880ff42cd360dd964a4f5502cacba7e8cdc5a0c3435885eb5f59,DJI_0114,scene_02_DJI_0088-0134,train,train,train,0,0,0,0
DJI_0114_0_4.jpg,bd5a69fef73c4ec071c6e89b569f8bb6444f5516ab5563ddcaeab325b34f5e68,DJI_0114,scene_02_DJI_0088-0134,train,train,train,0,0,0,0
DJI_0114_1_0.jpg,91e0f2578f3a03bd2ce19b90991d8c48f74d57f73d88535a71c4e73b72406083,DJI_0114,scene_02_DJI_0088-0134,train,train,train,0,0,0,0
DJI_0114_1_1.jpg,13805f3fd48c61489b61932dd06a50bb1a36cc9a3ceef2260b1e952104e7486e,DJI_0114,scene_02_DJI_0088-0134,train,train,train,0,0,0,0
DJI_0114_1_2.jpg,18a3001531d351aa9ff7dce77ce37514d678873364b4c36c94fde034a75ee5cb,DJI_0114,scene_02_DJI_0088-0134,train,train,train,1,1,0,1
DJI_0114_1_3.jpg,04f7b584bbc2f025b1696ab8a582f9f2345a6ee743411895a75552944ee1515d,DJI_0114,scene_02_DJI_0088-0134,train,train,train,0,0,0,0
DJI_0114_1_4.jpg,efc29c23dedc757d40270b389831d3dbc6d6c81a0c271f9a99a3a5fefd631d3f,DJI_0114,scene_02_DJI_0088-0134,train,train,train,0,0,0,0
DJI_0115_0_0.jpg,9e01cdc1b04fe58d4cd670d7ee32a04120b29f53cefd2e90dfae86994500a818,DJI_0115,scene_02_DJI_0088-0134,train,train,train,0,0,0,0
DJI_0115_0_1.jpg,f77b9fed512385174652e49074bef624073ac5a1d0272ed9bc5cf657ec2808cf,DJI_0115,scene_02_DJI_0088-0134,train,train,train,0,0,0,0
DJI_0115_0_2.jpg,fb81149d22e30910848fab8697dc661c69d946908171858d8cf2fad5dea54218,DJI_0115,scene_02_DJI_0088-0134,train,train,train,0,0,0,0
DJI_0115_0_3.jpg,c3f3aba9ac8e5b6a9080d3a0655290c5fdef8c12a9c3059f55358220db37d7b8,DJI_0115,scene_02_DJI_0088-0134,train,train,train,0,0,0,0
DJI_0115_0_4.jpg,b306c42db340eb38df54612119be4e3ab429b5c4a4e11cea4fc0a30c298cee31,DJI_0115,scene_02_DJI_0088-0134,train,train,train,0,0,0,0
DJI_0115_1_0.jpg,665dbe5556f22a9e1fd01f572acf79597ffa3b384f1abe5390f1ea15cb035eda,DJI_0115,scene_02_DJI_0088-0134,train,train,train,0,0,0,0
DJI_0115_1_1.jpg,9fa124f9de6fe8fb28d14cb9569dad2b49be8d175bba804320d4cf5b2a693fe6,DJI_0115,scene_02_DJI_0088-0134,train,train,train,0,0,0,0
DJI_0115_1_2.jpg,13bfba850079029dad8b85505c68f32938a15d6807c0115c415707275143109b,DJI_0115,scene_02_DJI_0088-0134,train,train,train,0,0,0,0
DJI_0115_1_3.jpg,c7e52bef53517ec03c46b126c0a570765d62035db6d15567e16e5ff1bebe3c55,DJI_0115,scene_02_DJI_0088-0134,train,train,train,1,1,0,1
DJI_0115_1_4.jpg,945a6514fcc624eaedfda46c0afbae1ab19839e0c9efce17a36b0f11b45b8361,DJI_0115,scene_02_DJI_0088-0134,train,train,train,0,0,0,0
DJI_0116_0_0.jpg,ef15a9debe96acd897c323342729e15251bba3344a5abe8ee2949e4657244254,DJI_0116,scene_02_DJI_0088-0134,train,train,train,0,0,0,0
DJI_0116_0_1.jpg,a39f76a76737c1b6b454ebfb0ac872e8734fd0c62f8e583ed761c9e2bfb08431,DJI_0116,scene_02_DJI_0088-0134,train,train,train,0,0,0,0
DJI_0116_0_2.jpg,02e9b11e302ec1f11923b3ba2a7077d84c023dcd5c8edb425f1331d21206556a,DJI_0116,scene_02_DJI_0088-0134,train,train,train,0,0,0,0
DJI_0116_0_3.jpg,4cf369b212f316d42a99023a3b9e63be48559786c93fb250a92fe4b2cc590224,DJI_0116,scene_02_DJI_0088-0134,train,train,train,0,0,0,0
DJI_0116_0_4.jpg,047ae401e22e7512b0675a80b0c23313e2b3d2b25f402504c83d9da2f99c5494,DJI_0116,scene_02_DJI_0088-0134,train,train,train,0,0,0,0
DJI_0116_1_0.jpg,8e4b9a106a52ec17b4c11a6924a9f695889a3b13ffeeb906790bf7b21fa80e6f,DJI_0116,scene_02_DJI_0088-0134,train,train,train,0,0,0,0
DJI_0116_1_1.jpg,4b3d221efb154ce90938c61bbf3268b167632ebf3308f092853036943af51427,DJI_0116,scene_02_DJI_0088-0134,train,train,train,0,0,0,0
DJI_0116_1_2.jpg,cb5a786f63577e7285e16336898f0ac6741d44a05f505443b0b3c5a06c4d29a1,DJI_0116,scene_02_DJI_0088-0134,train,train,train,0,0,0,0
DJI_0116_1_3.jpg,a9a98b6893f5013837e35e23cdac1d6af3f07fe72f1e12b7f9cac9daa44b2f54,DJI_0116,scene_02_DJI_0088-0134,train,train,train,1,1,0,1
DJI_0116_1_4.jpg,342fde003dbe80d1d5753304f469fccde5b809e6e6635237c5ad9d7b3d30c80c,DJI_0116,scene_02_DJI_0088-0134,train,train,train,0,0,0,0
DJI_0117_0_0.jpg,52dac9fd2a0a215e95df38e561df9afdedd6ee7135aacf1eaa95b0443afb2b1d,DJI_0117,scene_02_DJI_0088-0134,train,train,train,0,0,0,0
DJI_0117_0_1.jpg,91cd94e1bccb702f5ecddd73b6f3435a1d01af6b291df62eeee329e8d3d36508,DJI_0117,scene_02_DJI_0088-0134,train,train,train,0,0,0,0
DJI_0117_0_2.jpg,9b0da328942f9c2d7b5816b56994eab062dd8f7e044717a2e2f8fd359b0317ec,DJI_0117,scene_02_DJI_0088-0134,train,train,train,0,0,0,0
DJI_0117_0_3.jpg,c4993a64b2bbd79472188987881e70c5a8ee6e68d65eb432a1cec50731d8b62d,DJI_0117,scene_02_DJI_0088-0134,train,train,train,0,0,0,0
DJI_0117_0_4.jpg,7acda985c66a30fb17428167f978c9a38095f7989d5dae85b441faf4cb74dbf4,DJI_0117,scene_02_DJI_0088-0134,train,train,train,0,0,0,0
DJI_0117_1_0.jpg,b5feefb9fb233f7550dda67909cd6546e2c67b130466c08c39d8625803d5d633,DJI_0117,scene_02_DJI_0088-0134,train,train,train,0,0,0,0
DJI_0117_1_1.jpg,9cca8fc85f879895f46a02ec3b50ac05c68ece425988ad817371726575280188,DJI_0117,scene_02_DJI_0088-0134,train,train,train,0,0,0,0
DJI_0117_1_2.jpg,12c6bfd09973596c986fc0b74d9233a8625a9db4f4e810f065a6a7a975caaf65,DJI_0117,scene_02_DJI_0088-0134,train,train,train,0,0,0,0
DJI_0117_1_3.jpg,1d51984184e5fd6998ea8d15d3ba25fd6ccf72ed8ba0c5cf5b91bba3cc7ad383,DJI_0117,scene_02_DJI_0088-0134,train,train,train,1,1,0,1
DJI_0117_1_4.jpg,ce8fd8f9b84c8a2abd3f7d2c68b2824eff9d6b464abd39b8af0cad7acde5f975,DJI_0117,scene_02_DJI_0088-0134,train,train,train,0,0,0,0
DJI_0118_0_0.jpg,62760757f20506f208b375cd89310d9d457864e5050db8f4c3893f846147f2b1,DJI_0118,scene_02_DJI_0088-0134,train,train,train,0,0,0,0
DJI_0118_0_1.jpg,50bba8df7bab5991ea0ad675c7122571cc5c4334d441b1c6032e24aa24984fe8,DJI_0118,scene_02_DJI_0088-0134,train,train,train,0,0,0,0
DJI_0118_0_2.jpg,5fb59214e6580236d361668126a45ccbbe31bdd8ea20095cd68c81a186ec1041,DJI_0118,scene_02_DJI_0088-0134,train,train,train,1,1,0,1
DJI_0118_0_3.jpg,798f4516b3d89c2559a5dfedc1b25d2967a51e9cd69fb07349b2d0c40c8c85ea,DJI_0118,scene_02_DJI_0088-0134,train,train,train,0,0,0,0
DJI_0118_0_4.jpg,545d0bb36ce8784320083310b6ae83f90b30fd311ddfa3371353e1664e48ccb6,DJI_0118,scene_02_DJI_0088-0134,train,train,train,0,0,0,0
DJI_0118_1_0.jpg,3854aa8109940b26fd3052d7e9abaff7250c1012973cd7e2106b7f0ccff97a15,DJI_0118,scene_02_DJI_0088-0134,train,train,train,0,0,0,0
DJI_0118_1_1.jpg,400a04e1ba75347b198333bf7d746799fe9f5ac31cb28fce4d8c965f200164fd,DJI_0118,scene_02_DJI_0088-0134,train,train,train,0,0,0,0
DJI_0118_1_2.jpg,320352696f19a7c3a67a9c1a06d8d7921dacccb6661ad9e9e365e84aad0463e3,DJI_0118,scene_02_DJI_0088-0134,train,train,train,1,1,0,1
DJI_0118_1_3.jpg,e2fc7b3b7c0455b3383aaa7c2b1f5a92ec0eb6c47898809cb9585863e240c696,DJI_0118,scene_02_DJI_0088-0134,train,train,train,0,0,0,0
DJI_0118_1_4.jpg,3d4c91b4b1d07fb362464370fa0b86ebe2e7e396d2d1750f795f151fcee4bf79,DJI_0118,scene_02_DJI_0088-0134,train,train,train,0,0,0,0
DJI_0119_0_0.jpg,47a4cfb78cda5b05b7ca6108fc35db904f8194c5dde9be0a6eaf7cd8363e9911,DJI_0119,scene_02_DJI_0088-0134,train,train,train,0,0,0,0
DJI_0119_0_1.jpg,53c038ab06e7b1df9548184fbb51fcf22f5aab0cf675541088fae5ac7b8d6d4d,DJI_0119,scene_02_DJI_0088-0134,train,train,train,0,0,0,0
DJI_0119_0_2.jpg,2ddcd8e07e1e1226c84ed00c9ddf9ba929dc7732527331cb6692e0bd791679ac,DJI_0119,scene_02_DJI_0088-0134,train,train,train,0,0,0,0
DJI_0119_0_3.jpg,02aa9d22ba0617f9ec1ae3b32c044d144e069d6f670ec355ed0a12994262c923,DJI_0119,scene_02_DJI_0088-0134,train,train,train,1,1,0,1
DJI_0119_0_4.jpg,9247cde49c941d8de3889b888acc2852445f8d2ea7bd29a1d8481ef5831ae28f,DJI_0119,scene_02_DJI_0088-0134,train,train,train,0,0,0,0
DJI_0119_1_0.jpg,1d5e1071f25cf2c13ef7618a38d1a2a29f6c2b9c50b8c49db5ee8ef1ccfc469f,DJI_0119,scene_02_DJI_0088-0134,train,train,train,0,0,0,0
DJI_0119_1_1.jpg,6e3c3e627f26a8b54c381784cfedd4067e3e24c0cce904978d0bae72b9adbe02,DJI_0119,scene_02_DJI_0088-0134,train,train,train,0,0,0,0
DJI_0119_1_2.jpg,25f109b7ccf66d071b46413e695629a777bde3aa8ef6b720a1a5a682e4f95eed,DJI_0119,scene_02_DJI_0088-0134,train,train,train,0,0,0,0
DJI_0119_1_3.jpg,192150d056c5acca79aaa484d005387ace99db91e8b86707ad485a6d76e32c4d,DJI_0119,scene_02_DJI_0088-0134,train,train,train,0,0,0,0
DJI_0119_1_4.jpg,7d4896d5fc85a4d5c4f3214ee6663f2e94175e3e352f68e78500f1833ab2a111,DJI_0119,scene_02_DJI_0088-0134,train,train,train,0,0,0,0
DJI_0120_0_0.jpg,79a2b6b0fb5dac5d690f63e5a4ad0aa425e19302274e82768ceb37f7e2360a3e,DJI_0120,scene_02_DJI_0088-0134,train,train,train,0,0,0,0
DJI_0120_0_1.jpg,ac379b49f9de516d72e71961ea75f7a51ac5b0e455b403b63bb2785b557cd38c,DJI_0120,scene_02_DJI_0088-0134,train,train,train,0,0,0,0
DJI_0120_0_2.jpg,ce3fc2951737cf32a9e7ea0e51eb91b4ab240ece87d16b5325c3a3baaf4c19b2,DJI_0120,scene_02_DJI_0088-0134,train,train,train,0,0,0,0
DJI_0120_0_3.jpg,efe35719964756a6768512b220609c7e1f709eb6ae4ae9ce8e55743690aa7d6e,DJI_0120,scene_02_DJI_0088-0134,train,train,train,1,1,0,1
DJI_0120_0_4.jpg,aceebce351698ed8567e2f35faba87b3bf7de8a5dee4d1bb41217c01bda0caba,DJI_0120,scene_02_DJI_0088-0134,train,train,train,0,0,0,0
DJI_0120_1_0.jpg,3e65aa0453f6ec35c6868e64194418d505b05871134d8ad9946d21b3f73d55e1,DJI_0120,scene_02_DJI_0088-0134,train,train,train,0,0,0,0
DJI_0120_1_1.jpg,4ab6ae1231c9a0f4137b5337df1a5e0fc81971f2b16f517ca7b70b16fc5ab7f6,DJI_0120,scene_02_DJI_0088-0134,train,train,train,0,0,0,0
DJI_0120_1_2.jpg,212dbf3b8131badfb7de96f80f39cf3f715f40e496ceea4b926ccd9823352eb6,DJI_0120,scene_02_DJI_0088-0134,train,train,train,0,0,0,0
DJI_0120_1_3.jpg,f838e5e8109ef490456b3029602a8ea795b83c937250f3cf2288b0af5b4cf696,DJI_0120,scene_02_DJI_0088-0134,train,train,train,1,1,0,1
DJI_0120_1_4.jpg,0d716eea20f7af3969866abdb0606839d4e0ee8c822fcddcaf89cd1616439358,DJI_0120,scene_02_DJI_0088-0134,train,train,train,0,0,0,0
DJI_0121_0_0.jpg,c4b04d6991a19349f8cd73a0d1e047dee97f6f27aa0343de9caa5e8610dfac6d,DJI_0121,scene_02_DJI_0088-0134,train,train,train,0,0,0,0
DJI_0121_0_1.jpg,f95191f5a5a458b2f42c5760d969983676d7e8ba5c4b8178e411003509773b06,DJI_0121,scene_02_DJI_0088-0134,train,train,train,0,0,0,0
DJI_0121_0_2.jpg,715702eaf9cd3befaa9ccdcdb208769eab42e35d14a789304ffc21dde4df66c5,DJI_0121,scene_02_DJI_0088-0134,train,train,train,0,0,0,0
DJI_0121_0_3.jpg,a631d117c23682f44dd7df20965c6b98e3c73a85e74fec1f18e6f243dba42e92,DJI_0121,scene_02_DJI_0088-0134,train,train,train,2,2,0,1
DJI_0121_0_4.jpg,7efe80d2bdab652eaaec7cb58eb294d39f09f7b75d37cb069331ddcc0af9ae38,DJI_0121,scene_02_DJI_0088-0134,train,train,train,0,0,0,0
DJI_0121_1_0.jpg,83c5c458b0aec016f21c2844d73bb13e93a74402712b85822842a063b331b245,DJI_0121,scene_02_DJI_0088-0134,train,train,train,0,0,0,0
DJI_0121_1_1.jpg,3842b2b72f29bb6fd88445cd705f2845c911d0b67296f84f41653651392af9ff,DJI_0121,scene_02_DJI_0088-0134,train,train,train,0,0,0,0
DJI_0121_1_2.jpg,8329465ae71ccb03ded4eac2925f2a8ae313eb060fabca921ccdd54a1d60a7be,DJI_0121,scene_02_DJI_0088-0134,train,train,train,0,0,0,0
DJI_0121_1_3.jpg,d93b2530cad0079dfd720bf52c1ea1228b604dc505a3acf64dae0d1985dc38af,DJI_0121,scene_02_DJI_0088-0134,train,train,train,2,1,1,1
DJI_0121_1_4.jpg,21b38c8e92fa659c8ed70d72630cad7ce4e468891e1ec021e6ef9b9d1ebf3c3e,DJI_0121,scene_02_DJI_0088-0134,train,train,train,0,0,0,0
DJI_0122_0_0.jpg,14751dd46c6c11062eb23de4454f380183504f00f080bebe2a14d4cbeea00763,DJI_0122,scene_02_DJI_0088-0134,train,train,train,0,0,0,0
DJI_0122_0_1.jpg,b0772c75723e651fe8daa65730a6f567f07382c14fd8f7cfa22659534d288d7d,DJI_0122,scene_02_DJI_0088-0134,train,train,train,0,0,0,0
DJI_0122_0_2.jpg,a1a8663ddc983c6656f384845b00d87b2bd739ebc53532f2cabbce0bdc7fbc9a,DJI_0122,scene_02_DJI_0088-0134,train,train,train,0,0,0,0
DJI_0122_0_3.jpg,f517810385ac07d05c523241733bbb90d74c61c95611b19b8c46f4e4d095e47e,DJI_0122,scene_02_DJI_0088-0134,train,train,train,2,2,0,1
DJI_0122_0_4.jpg,a7c6a518b8fb1eb76a66e49f5eda58b2cca7ef0a7cfe48f36bf79f147e724260,DJI_0122,scene_02_DJI_0088-0134,train,train,train,0,0,0,0
DJI_0122_1_0.jpg,6703bc5cb6de465c7a6efdbefe21bf311682c4991c3c075753400050c448f45b,DJI_0122,scene_02_DJI_0088-0134,train,train,train,0,0,0,0
DJI_0122_1_1.jpg,ed1a9f487bb36ce0f1976f58b5e333776b2808a777b9a88ba503aa0a81595475,DJI_0122,scene_02_DJI_0088-0134,train,train,train,0,0,0,0
DJI_0122_1_2.jpg,a18507657e9c31ee9ea6f9ae6cc5a647d329e9aa4afbbbc7faebfafc58607a27,DJI_0122,scene_02_DJI_0088-0134,train,train,train,1,1,0,1
DJI_0122_1_3.jpg,0e758dd1ce1615f7623452cb024904c1c591e0b1bbcee5e36782332b599b8b95,DJI_0122,scene_02_DJI_0088-0134,train,train,train,0,0,0,0
DJI_0122_1_4.jpg,56f2fce3d52b47d98e71108ddf3d442a13b4fd20e6d445c2082eee4ca9a669bb,DJI_0122,scene_02_DJI_0088-0134,train,train,train,0,0,0,0
DJI_0123_0_0.jpg,a06b4495e90b97c6b79d9e3bbe0fa5a47f70952469d6543cc59fb1b9f1d60aed,DJI_0123,scene_02_DJI_0088-0134,train,train,train,0,0,0,0
DJI_0123_0_1.jpg,0bd74aafde3dfd2343ad4498cfb0cb5146c19cd8e3c97d716ab7a3b6fa78bca6,DJI_0123,scene_02_DJI_0088-0134,train,train,train,0,0,0,0
DJI_0123_0_2.jpg,58b077c31cffaf115d27fa1d703072004f8e1b54faadedf156e03038a81bcfd5,DJI_0123,scene_02_DJI_0088-0134,train,train,train,0,0,0,0
DJI_0123_0_3.jpg,73bfea66f36da3f41d27059362f6c1d804968cbf3470b1b66e4c53060b45cfb7,DJI_0123,scene_02_DJI_0088-0134,train,train,train,2,2,0,1
DJI_0123_0_4.jpg,17093262ff0e18ac89bcae3e0ee18dac5489aed661114e02db836ee361c0f065,DJI_0123,scene_02_DJI_0088-0134,train,train,train,0,0,0,0
DJI_0123_1_0.jpg,8936c90ce676ef88ec1aff8a5ddc5bd66b4f52b159660074df8a6ed3ce18616c,DJI_0123,scene_02_DJI_0088-0134,train,train,train,0,0,0,0
DJI_0123_1_1.jpg,be80bd3d990d7643b95317a426492fe703facf357a7fd9786ea8239c3b11f9fb,DJI_0123,scene_02_DJI_0088-0134,train,train,train,0,0,0,0
DJI_0123_1_2.jpg,4d6c9c5bfa5dd04edb7426a74377e2f5d40e97b6bc44b912c53814e5c7d7a216,DJI_0123,scene_02_DJI_0088-0134,train,train,train,0,0,0,0
DJI_0123_1_3.jpg,19233b424b619cd4100d9a18c15ab3614f6df1cf41683d29a338a8390e8fbee1,DJI_0123,scene_02_DJI_0088-0134,train,train,train,1,0,1,0
DJI_0123_1_4.jpg,8913fc785b6aaaa4b0a8be198b52c7658da3284b5f1b27b0b9de588a6c9d8092,DJI_0123,scene_02_DJI_0088-0134,train,train,train,0,0,0,0
DJI_0124_0_0.jpg,a67b491ce8978fa6e0a3c668f7062e9256e9bccafc80ca6637b692298000b90e,DJI_0124,scene_02_DJI_0088-0134,train,train,train,0,0,0,0
DJI_0124_0_1.jpg,7e52005c2f10c0eb80d840d8bbf43066dd8bd316332e75e8a5ff3cbc229874f6,DJI_0124,scene_02_DJI_0088-0134,train,train,train,0,0,0,0
DJI_0124_0_2.jpg,a9044826809f2f9b0eab371200cebe2e528f647417ce50722d77c3295c183b67,DJI_0124,scene_02_DJI_0088-0134,train,train,train,0,0,0,0
DJI_0124_0_3.jpg,dd6a63871a2cd877e498865264b9f87398cc39904dc66e8917b37c62d740d1bb,DJI_0124,scene_02_DJI_0088-0134,train,train,train,1,1,0,1
DJI_0124_0_4.jpg,2eeabe2fc21eef051b2a60327e2a0430c425324edb976d03584d11596a8cdda2,DJI_0124,scene_02_DJI_0088-0134,train,train,train,0,0,0,0
DJI_0124_1_0.jpg,6a9a1a74ce8c7ec71f2024f30ca943172283f2e168b82e1e327df398f9cd0d1d,DJI_0124,scene_02_DJI_0088-0134,train,train,train,0,0,0,0
DJI_0124_1_1.jpg,9d41ce7d0d8bb3755869c60bf4fa505eb66f75606ba0389b83fb2e8e7715184c,DJI_0124,scene_02_DJI_0088-0134,train,train,train,0,0,0,0
DJI_0124_1_2.jpg,4e25cf4815c77b74bd2bedd62f8ecd23e5cfa72d2032f305b37243fd1b496867,DJI_0124,scene_02_DJI_0088-0134,train,train,train,0,0,0,0
DJI_0124_1_3.jpg,afce2d55c2804cb198d2d3b14b1dc68107f97ec6a3e92bf35f3aff3186de10e7,DJI_0124,scene_02_DJI_0088-0134,train,train,train,1,1,0,1
DJI_0124_1_4.jpg,fd2b307fbe915a1d965942ec08b8439a14bae4828d06ea5ca9a64e232ebb5940,DJI_0124,scene_02_DJI_0088-0134,train,train,train,0,0,0,0
DJI_0125_0_0.jpg,5683baed9875b794f29bb9b6c767addde29e763e16eb8ab0c688032217f3f3a1,DJI_0125,scene_02_DJI_0088-0134,train,train,train,0,0,0,0
DJI_0125_0_1.jpg,a88dc552dc636f32ccfd17ef8cd2069de8864ea090821efa31eadd829dda6989,DJI_0125,scene_02_DJI_0088-0134,train,train,train,0,0,0,0
DJI_0125_0_2.jpg,9a57f439d52f3dc5b9d19597fe8e9dac755aa5586026f0e856bedfd37a9ca69d,DJI_0125,scene_02_DJI_0088-0134,train,train,train,0,0,0,0
DJI_0125_0_3.jpg,51c7611c1cab9bddadc50e5645b02218d2f665f6f47118f79f06f90bd8859e58,DJI_0125,scene_02_DJI_0088-0134,train,train,train,0,0,0,0
DJI_0125_0_4.jpg,c3328df2af61e9f9da15d447e158e96117caf9351579fd1e96369f10e10a2cf5,DJI_0125,scene_02_DJI_0088-0134,train,train,train,1,1,0,1
DJI_0125_1_0.jpg,662ba2287a21c9f7c0581ee631aa8dc74b51bef3af9620df35bb2ca74d3d039b,DJI_0125,scene_02_DJI_0088-0134,train,train,train,0,0,0,0
DJI_0125_1_1.jpg,2755b1b68569e6db570baeba6559f2ff75104be7ad421e721624d41b4c2bdcad,DJI_0125,scene_02_DJI_0088-0134,train,train,train,0,0,0,0
DJI_0125_1_2.jpg,eeaf83c7fe7004bad92cac45c9059d608b658b16376e45fdb181c9c4730f7848,DJI_0125,scene_02_DJI_0088-0134,train,train,train,0,0,0,0
DJI_0125_1_3.jpg,886ed3006a034579986ec1804a94746754a2c8d4e6bab7518638dd9df0436ac0,DJI_0125,scene_02_DJI_0088-0134,train,train,train,0,0,0,0
DJI_0125_1_4.jpg,e6024067450ef8e4b3780abda0c2b4bd87b1482999e14c1732b4f74d8707f4ca,DJI_0125,scene_02_DJI_0088-0134,train,train,train,1,1,0,1
DJI_0126_0_0.jpg,c14527272d10b541a17427c6e9bf676b8deab2700c6b31a287365c356406c5b5,DJI_0126,scene_02_DJI_0088-0134,train,train,train,0,0,0,0
DJI_0126_0_1.jpg,0b146782caad85da6debe538edf27e5b00afd60502dcde7e059b8a02d69c8e3d,DJI_0126,scene_02_DJI_0088-0134,train,train,train,0,0,0,0
DJI_0126_0_2.jpg,c4a6d187b7d26e03de5852661fa344b22d490ab1dff14ca6cb49b1ea03ef4a99,DJI_0126,scene_02_DJI_0088-0134,train,train,train,0,0,0,0
DJI_0126_0_3.jpg,7dc3b02cf248af16fb2f9450507c9820de68aaaf2eece34b71d0a4fb6761f8cc,DJI_0126,scene_02_DJI_0088-0134,train,train,train,0,0,0,0
DJI_0126_0_4.jpg,a9b69eed00e6a79a262418cd7546511e3112a4f808939bfd9fbb834d34779d88,DJI_0126,scene_02_DJI_0088-0134,train,train,train,1,1,0,1
DJI_0126_1_0.jpg,e0451d4d3e84ed0c94f3e82dca53d8bc1fb19818953e8e25b214725adf300b3e,DJI_0126,scene_02_DJI_0088-0134,train,train,train,0,0,0,0
DJI_0126_1_1.jpg,08542c8a074b765016f0f6bb64219f39640cc3a51a07fad27f22f03265fe7632,DJI_0126,scene_02_DJI_0088-0134,train,train,train,0,0,0,0
DJI_0126_1_2.jpg,bc028d297f2723492bb6df54311494cd82720ffe43c090975c5aafa33d94686f,DJI_0126,scene_02_DJI_0088-0134,train,train,train,0,0,0,0
DJI_0126_1_3.jpg,314b7b3cee677bfff70e2ed7bf1db46088aae53681805c79f9e46fd6b3676b2e,DJI_0126,scene_02_DJI_0088-0134,train,train,train,0,0,0,0
DJI_0126_1_4.jpg,65aa446a1dbf3686a3f4ad149d4cc46e9c38d1690857f0046c2f1cf3a08f7ef9,DJI_0126,scene_02_DJI_0088-0134,train,train,train,1,1,0,1
DJI_0128_0_0.jpg,fe1ebbc92ca1988d5f81c44b1eada39519b32cc6e4f8406b22b147d7a0f4af8c,DJI_0128,scene_02_DJI_0088-0134,train,train,train,0,0,0,0
DJI_0128_0_1.jpg,deacb99c8808569efbc8e16304eb36b99a9d7b63cebcc06683442599ed5eb407,DJI_0128,scene_02_DJI_0088-0134,train,train,train,0,0,0,0
DJI_0128_0_2.jpg,813c36494fce3dbc32b76560899197dc10936aeedb513105788af6c82a9ad542,DJI_0128,scene_02_DJI_0088-0134,train,train,train,0,0,0,0
DJI_0128_0_3.jpg,b89be618a8f9404fc21d622a2df188c51d73d5f870bc2b149b8207308ed25261,DJI_0128,scene_02_DJI_0088-0134,train,train,train,0,0,0,0
DJI_0128_0_4.jpg,6b6f98086874ff69314da712362503c7c3a7b2380779e0757eab59fd42f25250,DJI_0128,scene_02_DJI_0088-0134,train,train,train,0,0,0,0
DJI_0128_1_0.jpg,93e8d9ccef049a0c569f6174f1bbb5804db1825efc4f5f5823497929e68061e9,DJI_0128,scene_02_DJI_0088-0134,train,train,train,0,0,0,0
DJI_0128_1_1.jpg,6d726d47d7469e177355d81316bb0433cad1874c4bd7529b17626e5f4436bf81,DJI_0128,scene_02_DJI_0088-0134,train,train,train,1,1,0,1
DJI_0128_1_2.jpg,85de6aec3b9bb82b9b61b20ffb11686917f071019c860389c19c20d8655a62f4,DJI_0128,scene_02_DJI_0088-0134,train,train,train,0,0,0,0
DJI_0128_1_3.jpg,81d0b5d39f0d5a9d2941a510fdf85c840f5be6f39078b7760d3db82d8445e2da,DJI_0128,scene_02_DJI_0088-0134,train,train,train,0,0,0,0
DJI_0128_1_4.jpg,d8ea79363bc17333c4af4b856a58459c96686455fd2a4cbb280619bfa1958d8f,DJI_0128,scene_02_DJI_0088-0134,train,train,train,0,0,0,0
DJI_0129_0_0.jpg,52ed3c7941c5aab7a71e6e164dba4e72dbd2e1e5ca748438c4f6dee832485d6c,DJI_0129,scene_02_DJI_0088-0134,train,train,train,0,0,0,0
DJI_0129_0_1.jpg,c99bab9460485ab4ce737beb92af61c9095836209c24a4f85de280718c299a24,DJI_0129,scene_02_DJI_0088-0134,train,train,train,0,0,0,0
DJI_0129_0_2.jpg,0a15c692ee8a16df4b8a616e44171acd76b668b1d52386d679a45ad371570d30,DJI_0129,scene_02_DJI_0088-0134,train,train,train,0,0,0,0
DJI_0129_0_3.jpg,bf1ee8a13cb9b4c7fb22023012277560926e469abbb3e073ff8499b2736e91e2,DJI_0129,scene_02_DJI_0088-0134,train,train,train,0,0,0,0
DJI_0129_0_4.jpg,d79b2cd92b97a88a3311699703356f2ca74ecbb07d9ba8c5f662aaa47d29f4bc,DJI_0129,scene_02_DJI_0088-0134,train,train,train,0,0,0,0
DJI_0129_1_0.jpg,f3ac0531b988174fd64ad6abb7fa8a24e93e5e5fcf7714b6678d6deac6cfe74f,DJI_0129,scene_02_DJI_0088-0134,train,train,train,0,0,0,0
DJI_0129_1_1.jpg,8b2761462ed7233eb6bb8221b01d2e067ac8fdc9b2f7f1bb40b3435c74d0c16a,DJI_0129,scene_02_DJI_0088-0134,train,train,train,1,1,0,1
DJI_0129_1_2.jpg,078b55ca22474a6f274dac30c9ad35b79f682abc2ce09e8a06e1654d88d66fad,DJI_0129,scene_02_DJI_0088-0134,train,train,train,0,0,0,0
DJI_0129_1_3.jpg,dc10c262e7a8ebfec5a594607d692f1ac510003caa515020539fa4658523df00,DJI_0129,scene_02_DJI_0088-0134,train,train,train,0,0,0,0
DJI_0129_1_4.jpg,d5b477b0de3692419bfb002c8453eb3d176b93b990cf7f793c0827b944d7b413,DJI_0129,scene_02_DJI_0088-0134,train,train,train,0,0,0,0
DJI_0130_0_0.jpg,9df53c389c2a033cc27ae5c273446da96736316b50ba1bbbe61ff5acefaa17db,DJI_0130,scene_02_DJI_0088-0134,train,train,train,0,0,0,0
DJI_0130_0_1.jpg,ff0da73f1649c8d2523a2279f12a73d3be23f821a90686d984ea3d145beba52d,DJI_0130,scene_02_DJI_0088-0134,train,train,train,0,0,0,0
DJI_0130_0_2.jpg,49deecef24608d4401b9f4bdac9f394bec96f969c78bc0ed2f7974bdd6376e17,DJI_0130,scene_02_DJI_0088-0134,train,train,train,0,0,0,0
DJI_0130_0_3.jpg,f0e5b32e182c388f58a921aad9e13ee031b6379bb2b68e323750ac6b71f4116a,DJI_0130,scene_02_DJI_0088-0134,train,train,train,0,0,0,0
DJI_0130_0_4.jpg,51af19145bff9d953a23e4444a786d9c343fe73ebaaf8c17d5dff2ba3da33e66,DJI_0130,scene_02_DJI_0088-0134,train,train,train,0,0,0,0
DJI_0130_1_0.jpg,fb5927586157ce06914d787b32a48d1799cc5b61e222e1b33eae57106c8d8105,DJI_0130,scene_02_DJI_0088-0134,train,train,train,0,0,0,0
DJI_0130_1_1.jpg,5847951dc2f1a84cefff3399954bb0e9bc51831eadfd686738510e008d644143,DJI_0130,scene_02_DJI_0088-0134,train,train,train,1,1,0,1
DJI_0130_1_2.jpg,82fceb03ae7f90d5c7815a44e9688615073125035816d7ace9cb49942a9d7f60,DJI_0130,scene_02_DJI_0088-0134,train,train,train,0,0,0,0
DJI_0130_1_3.jpg,4613b2fbde7cd23f6024a1ae012d88bf28bfd1428a3502a56d95ff996e1a8c0f,DJI_0130,scene_02_DJI_0088-0134,train,train,train,0,0,0,0
DJI_0130_1_4.jpg,a07015b6e37304485f19ec138cf884effe7a46f9c969963b5bc8318fc7848a22,DJI_0130,scene_02_DJI_0088-0134,train,train,train,0,0,0,0
DJI_0131_0_0.jpg,bacc9fcfbda12b004848d6a27a5e1f2d15407882ebdde488bb82c21d2f5a5b90,DJI_0131,scene_02_DJI_0088-0134,train,train,train,0,0,0,0
DJI_0131_0_1.jpg,71e134eac6f8c4a5a51cb8c4f9fe7e26aa96dc7f9097cd157711f6dd6c17a27c,DJI_0131,scene_02_DJI_0088-0134,train,train,train,0,0,0,0
DJI_0131_0_2.jpg,fc80abfb84ffaedbb342fa0c1f4cfb8551bb2b6be1cd959d4aa7e884f57d7c4b,DJI_0131,scene_02_DJI_0088-0134,train,train,train,0,0,0,0
DJI_0131_0_3.jpg,36725fb35b322c45fb262b0fad10c1bd84d0cbbd647b1e70407f7653601d9d2e,DJI_0131,scene_02_DJI_0088-0134,train,train,train,0,0,0,0
DJI_0131_0_4.jpg,be5048b3890f67121689014841f3415cac04dbb48beff0dd985fed057cf146b9,DJI_0131,scene_02_DJI_0088-0134,train,train,train,0,0,0,0
DJI_0131_1_0.jpg,16bd84b91d99d8fa2ec57cc0575542102978fbd308558b207fa9ad02fcf99ff0,DJI_0131,scene_02_DJI_0088-0134,train,train,train,0,0,0,0
DJI_0131_1_1.jpg,c2e9d68e41ddc4b4e17aefbc2de2d93712ac8b386453fa50721234259158588d,DJI_0131,scene_02_DJI_0088-0134,train,train,train,1,1,0,1
DJI_0131_1_2.jpg,918be0f40f31bdf7b05d238ebf0c4676b38f2b8fc57854959365fdbfca2ce624,DJI_0131,scene_02_DJI_0088-0134,train,train,train,0,0,0,0
DJI_0131_1_3.jpg,1fe810299fbf34989f2904d9327add78866a754746e30d3dc096b3a7d637aa75,DJI_0131,scene_02_DJI_0088-0134,train,train,train,0,0,0,0
DJI_0131_1_4.jpg,a21155e67fcd624790f8c0fc014b2e31b979673db718b5fe36083a1a3f189281,DJI_0131,scene_02_DJI_0088-0134,train,train,train,0,0,0,0
DJI_0132_0_0.jpg,b8c5a6e4b9245ded40abab1a6b842634d03f19b3239be5d487ed027f6923bdd1,DJI_0132,scene_02_DJI_0088-0134,train,train,train,0,0,0,0
DJI_0132_0_1.jpg,d213c2805841451726ebc86e0c605b8e0fd4d9905f9aa8b6e1133493f1d683c1,DJI_0132,scene_02_DJI_0088-0134,train,train,train,0,0,0,0
DJI_0132_0_2.jpg,3ca24a3eb626ba5ba70245e27cf3621902c7b7a05c9f5c50b347117d9187e468,DJI_0132,scene_02_DJI_0088-0134,train,train,train,0,0,0,0
DJI_0132_0_3.jpg,243f54d2fa489cac5bb820e4779530ca325bc9bcb3b57dfd878dae524c5f601b,DJI_0132,scene_02_DJI_0088-0134,train,train,train,0,0,0,0
DJI_0132_0_4.jpg,ca56b17de10db5afaaad4a15e8f658a2cb258fb4672f6632caec1f6bf5bea353,DJI_0132,scene_02_DJI_0088-0134,train,train,train,0,0,0,0
DJI_0132_1_0.jpg,4d3414a14ef0a91e278c9e3494f3fdc4dd03b9b1e4b8907c90193998cc297dac,DJI_0132,scene_02_DJI_0088-0134,train,train,train,1,1,0,1
DJI_0132_1_1.jpg,5cf8253650ac43eb2d18b6384627008c6c4010c7396a9c93286391a2e8fe1bc1,DJI_0132,scene_02_DJI_0088-0134,train,train,train,0,0,0,0
DJI_0132_1_2.jpg,41d54414cb7131ca9b397f322a4e46152dd2c6db199e8a3807f96bbf80de4046,DJI_0132,scene_02_DJI_0088-0134,train,train,train,0,0,0,0
DJI_0132_1_3.jpg,eb09728395cde81713613f5241e8a7253f4b319a2f526abd54d466f293aa860b,DJI_0132,scene_02_DJI_0088-0134,train,train,train,0,0,0,0
DJI_0132_1_4.jpg,823d68748513dc1f3039e9a32d577f3ef9517f3f9986e9c23bdef9be9f05b6b0,DJI_0132,scene_02_DJI_0088-0134,train,train,train,0,0,0,0
DJI_0133_0_0.jpg,b100d7f5ef096f2930122ef5595befe1dcdf9a46312d96afb6cb3b3efaeeefbd,DJI_0133,scene_02_DJI_0088-0134,train,train,train,1,1,0,1
DJI_0133_0_1.jpg,051eaccf388968983218a1a5f300ec4e16dae5f60f3e417fb9f13577660fcb3b,DJI_0133,scene_02_DJI_0088-0134,train,train,train,0,0,0,0
DJI_0133_0_2.jpg,3c98d9afd27dcfc9059eb65474567d4f2d85f6c8c1da06a576e83edc0bdf0558,DJI_0133,scene_02_DJI_0088-0134,train,train,train,0,0,0,0
DJI_0133_0_3.jpg,3d6fc406a3dc1d5522882347055869a1205cf9c1e48eba673d9ec3ff576b81cd,DJI_0133,scene_02_DJI_0088-0134,train,train,train,0,0,0,0
DJI_0133_0_4.jpg,6d70ffe3fb8874ff5194678b2543b765a4a2268c983f50dd32ffa7df3bb263ed,DJI_0133,scene_02_DJI_0088-0134,train,train,train,0,0,0,0
DJI_0133_1_0.jpg,11a23c1de4761b2dee9b6a0ab4b92cb7b860187c9cb7ed652db31e6de3c55675,DJI_0133,scene_02_DJI_0088-0134,train,train,train,0,0,0,0
DJI_0133_1_1.jpg,34618bcb1c8751f4686a72745548ac66fe3721b4ec4233f433ba1e69d6d262e6,DJI_0133,scene_02_DJI_0088-0134,train,train,train,0,0,0,0
DJI_0133_1_2.jpg,60c50af3f4ecc2d1eb6b84d3a250c8c11f04a96f2c64d6a22d22c36ef80e21ec,DJI_0133,scene_02_DJI_0088-0134,train,train,train,0,0,0,0
DJI_0133_1_3.jpg,416cbccbaa1df1abecd1800b2dbbc1b1e50514abc2e2525001aa2bab0197a552,DJI_0133,scene_02_DJI_0088-0134,train,train,train,0,0,0,0
DJI_0133_1_4.jpg,02ca93fa674957f27bf3a47f5b4c8f4294687b767e017bbbe156ad07f19a3365,DJI_0133,scene_02_DJI_0088-0134,train,train,train,0,0,0,0
DJI_0134_0_0.jpg,ce92289af146b5d468a3ee1ae49375b11f199892a1979ecc09b1f3a264ae7daf,DJI_0134,scene_02_DJI_0088-0134,train,train,train,1,1,0,1
DJI_0134_0_1.jpg,d6848e5ff946f548047aa71b7e7c6728578158bcffc46dd21dafe520bf413bb4,DJI_0134,scene_02_DJI_0088-0134,train,train,train,0,0,0,0
DJI_0134_0_2.jpg,83af4ce4b6ad3312c027e0b1b2603865322fe85a2f2ca7ed2bccb38eb141e3ae,DJI_0134,scene_02_DJI_0088-0134,train,train,train,0,0,0,0
DJI_0134_0_3.jpg,c5e609253aaf7e9dcf3aa1377911978dc3d43add8599c1d28a6aa18550381f1d,DJI_0134,scene_02_DJI_0088-0134,train,train,train,0,0,0,0
DJI_0134_0_4.jpg,969af2a4ee96af663123e16f7303de3c16e81fbbcbd1b490d8c6982cc5c9e980,DJI_0134,scene_02_DJI_0088-0134,train,train,train,0,0,0,0
DJI_0134_1_0.jpg,590ea75b05727dc461db98bdb8d0302703095b2f6c15a43f9f4b795a2e04992f,DJI_0134,scene_02_DJI_0088-0134,train,train,train,0,0,0,0
DJI_0134_1_1.jpg,f21bba8a1e0997ec2acbf50c2e85420b2534a29b4cad1cdfb9ac23eb16d1638d,DJI_0134,scene_02_DJI_0088-0134,train,train,train,0,0,0,0
DJI_0134_1_2.jpg,b048ee47c5011c3bd00e83fe683d958556d3113b7244256e36510c13a5393680,DJI_0134,scene_02_DJI_0088-0134,train,train,train,0,0,0,0
DJI_0134_1_3.jpg,3d4783d1716bf8f480dab9c1ec892951bae8fd7e264c1052a8edfbf4874e1839,DJI_0134,scene_02_DJI_0088-0134,train,train,train,0,0,0,0
DJI_0134_1_4.jpg,8ff726f0d3e795ccbb4e721783580952fbd7049c02ea7dbb6df99974531b4c2e,DJI_0134,scene_02_DJI_0088-0134,train,train,train,0,0,0,0
DJI_0156_0_0.jpg,5aaa61e75997e318ba85e460e6e096022cf94bda55cdf35b4d4b752c2112c0d8,DJI_0156,scene_03_DJI_0156-0219,train,train,train,0,0,0,0
DJI_0156_0_1.jpg,80c69ab1d74c6ff2de227b8c2a761423a0e000cc2f46ac9d138b0393bb9aa7a7,DJI_0156,scene_03_DJI_0156-0219,train,train,train,0,0,0,0
DJI_0156_0_2.jpg,8effb1a83a939c0336e3d9a3be31826d54565e2c5452461be8b2ccfcd8670ec0,DJI_0156,scene_03_DJI_0156-0219,train,train,train,0,0,0,0
DJI_0156_0_3.jpg,7369d844fe31eaa149712e22e558664dd6451185b5697b8d098ccf6525b2190d,DJI_0156,scene_03_DJI_0156-0219,train,train,train,2,2,0,1
DJI_0156_0_4.jpg,acfd4bb018781f01939a87334172aaf946263be8bd1a02eb28ad578d8619d848,DJI_0156,scene_03_DJI_0156-0219,train,train,train,0,0,0,0
DJI_0156_1_0.jpg,5588e7b8a669f435af8f6acb553f400bc9a32d8376224c0e0e95c6edc3150020,DJI_0156,scene_03_DJI_0156-0219,train,train,train,0,0,0,0
DJI_0156_1_1.jpg,276c6af0104a3419ef53ddcc868bd1477f11cb3a3e1d0363f013c4451d33b159,DJI_0156,scene_03_DJI_0156-0219,train,train,train,0,0,0,0
DJI_0156_1_2.jpg,5ffd78aabea2398586ed1bf45f3dda301b3dac037122d5e909077abc157ff36c,DJI_0156,scene_03_DJI_0156-0219,train,train,train,1,1,0,1
DJI_0156_1_3.jpg,76d4c340aa10f7ad9ff87dfd96c8a9283df086a5479cbdaa1b4f2800db192e2d,DJI_0156,scene_03_DJI_0156-0219,train,train,train,0,0,0,0
DJI_0156_1_4.jpg,3a4f882efbc04b936171fe19969fb3757ca80462d871ed53236d64b4f24c5065,DJI_0156,scene_03_DJI_0156-0219,train,train,train,0,0,0,0
DJI_0157_0_0.jpg,6cc4059c33de0395b9c792e01f62c2055120b2746530d0b5ff79e96e44df0e03,DJI_0157,scene_03_DJI_0156-0219,train,train,train,0,0,0,0
DJI_0157_0_1.jpg,c228153a76507fbdcc3e61b5ef01ebcc51317821b479f28535ef7482de7bb482,DJI_0157,scene_03_DJI_0156-0219,train,train,train,0,0,0,0
DJI_0157_0_2.jpg,a20a937f72b503fd9b486f293d8d3903c1446a7cbe30cf45c837cd75ca18814d,DJI_0157,scene_03_DJI_0156-0219,train,train,train,0,0,0,0
DJI_0157_0_3.jpg,cd704f97f7e9d53a105dc2afa09b916daeddd43b123552809b42705f7987b025,DJI_0157,scene_03_DJI_0156-0219,train,train,train,2,2,0,1
DJI_0157_0_4.jpg,eb4c2b74c5c65efdde3a3dc0780a370f7407c5445706180b64bf5beac546642f,DJI_0157,scene_03_DJI_0156-0219,train,train,train,0,0,0,0
DJI_0157_1_0.jpg,0ec21d42ebfb92d461a34eba11a74e50d86d77bd36d0251f75b411fc611472d3,DJI_0157,scene_03_DJI_0156-0219,train,train,train,0,0,0,0
DJI_0157_1_1.jpg,1dd23e82a21794d3cd8ce042e21ae7a6b3b1c029660f57774692f07095447632,DJI_0157,scene_03_DJI_0156-0219,train,train,train,0,0,0,0
DJI_0157_1_2.jpg,4d868d2b8a18a3bf59b29c6aa33f32e466968a349b044da30299fe7ae2b64ab5,DJI_0157,scene_03_DJI_0156-0219,train,train,train,1,1,0,1
DJI_0157_1_3.jpg,20fdafff681b7b679a666255a0a8faf18a0f505797da367ee032ad8ea13cd90c,DJI_0157,scene_03_DJI_0156-0219,train,train,train,0,0,0,0
DJI_0157_1_4.jpg,c0bdd87f85a6a0c100ebc1b554ee31e8ab1c786d673ff314a0a7fdd31d8c2360,DJI_0157,scene_03_DJI_0156-0219,train,train,train,0,0,0,0
DJI_0158_0_0.jpg,c2545fbed3ab324dcf974e78c45bd3fa95bf59ea61be7239b2334ff1353e65dc,DJI_0158,scene_03_DJI_0156-0219,train,train,train,0,0,0,0
DJI_0158_0_1.jpg,7cd35487d802b30d45fd0c34eac2244222ce913e13c67bef2a0b9f34c306bfd9,DJI_0158,scene_03_DJI_0156-0219,train,train,train,0,0,0,0
DJI_0158_0_2.jpg,282a2dac0da322dfccd6b283b76f095a2bf993869161b17ebe720da826cb21d1,DJI_0158,scene_03_DJI_0156-0219,train,train,train,0,0,0,0
DJI_0158_0_3.jpg,6845467987f9a709b6c35349eaa9294a1b685e53e8386b605bcec64c4fad8f93,DJI_0158,scene_03_DJI_0156-0219,train,train,train,2,2,0,1
DJI_0158_0_4.jpg,e5ab8546aac252ffbd669840b584d4450777544494079697e3c647ae3f974f06,DJI_0158,scene_03_DJI_0156-0219,train,train,train,0,0,0,0
DJI_0158_1_0.jpg,8a9008bb9ef1667375e1837fac411693b30ee79577ee2f1bd4b857c0e4233e35,DJI_0158,scene_03_DJI_0156-0219,train,train,train,0,0,0,0
DJI_0158_1_1.jpg,d28399a285e321734c68dacebfed908743bb326304a2bd81f90930ecef3178c4,DJI_0158,scene_03_DJI_0156-0219,train,train,train,0,0,0,0
DJI_0158_1_2.jpg,16e07705817ad10f7c43bbc9755fe8d35820cff2234e9d74b97bed1de220d693,DJI_0158,scene_03_DJI_0156-0219,train,train,train,1,1,0,1
DJI_0158_1_3.jpg,f9e4da2822636178b42af1d5c271196e782648c06c960c1728b9917551e330a3,DJI_0158,scene_03_DJI_0156-0219,train,train,train,0,0,0,0
DJI_0158_1_4.jpg,6197daf9c31352ba03417699120e8ce74fcb944e57d3129c88365203f2cf6d37,DJI_0158,scene_03_DJI_0156-0219,train,train,train,0,0,0,0
DJI_0159_0_0.jpg,d216299c90c9479c5841a874e7024a8d98246875204772e6d54a7582e45562da,DJI_0159,scene_03_DJI_0156-0219,train,train,train,0,0,0,0
DJI_0159_0_1.jpg,b59b7252ab8ea30552330436a6491a8cf2ddb23ed65840ed44cb9cf8b9e5e8e2,DJI_0159,scene_03_DJI_0156-0219,train,train,train,0,0,0,0
DJI_0159_0_2.jpg,1c62222e09bcae9c5e797b5f2d78436bf84807984d34fcc9e32c1936052b82cc,DJI_0159,scene_03_DJI_0156-0219,train,train,train,0,0,0,0
DJI_0159_0_3.jpg,d28c32913714ec5fd8c90158ee856bfceac92b58ef0742e6a903ea18635aadea,DJI_0159,scene_03_DJI_0156-0219,train,train,train,2,2,0,1
DJI_0159_0_4.jpg,fb5d63c953421e26217590383d3d7b49a6365c06a7c3d88d28fbcaa7826927ea,DJI_0159,scene_03_DJI_0156-0219,train,train,train,0,0,0,0
DJI_0159_1_0.jpg,57c6410259839fd796d2f1cfeb398dbae8965a7e137f0fa85def387036948d70,DJI_0159,scene_03_DJI_0156-0219,train,train,train,0,0,0,0
DJI_0159_1_1.jpg,d9382ec92445abc9fe80cde98cebea3b172f49b58366d8cde7c8f4049f5197ba,DJI_0159,scene_03_DJI_0156-0219,train,train,train,0,0,0,0
DJI_0159_1_2.jpg,698eda86dcab5314e9040dcb5c0ddccc8e9910a01c63dffab55a076a7247288a,DJI_0159,scene_03_DJI_0156-0219,train,train,train,1,1,0,1
DJI_0159_1_3.jpg,43452b38ffcc08559c15f0ae2a22b045b75aa2a054ded4e09bb3d64a244aed9d,DJI_0159,scene_03_DJI_0156-0219,train,train,train,0,0,0,0
DJI_0159_1_4.jpg,f9d7bf5ed617304fe874be79aa8f806c5238c18af94364acb69a5a1c3824615b,DJI_0159,scene_03_DJI_0156-0219,train,train,train,0,0,0,0
DJI_0160_0_0.jpg,0a76910bf63e1b7cc3b87349cf003b806e12c895957c26ea8a9aa68bc2a828ff,DJI_0160,scene_03_DJI_0156-0219,train,train,train,0,0,0,0
DJI_0160_0_1.jpg,b3c40dc6290c52ecd7ec065cf600688f6f55bfbec63f9f13fa8456906d1ae929,DJI_0160,scene_03_DJI_0156-0219,train,train,train,0,0,0,0
DJI_0160_0_2.jpg,0379921ee5bb3093822418c9f52cfeaf7db55ef5b1157d899229f804339a354a,DJI_0160,scene_03_DJI_0156-0219,train,train,train,0,0,0,0
DJI_0160_0_3.jpg,3c61ab84c25426809edef12d3c70079189a29a0a31413cdfc98572a96b5af114,DJI_0160,scene_03_DJI_0156-0219,train,train,train,2,2,0,1
DJI_0160_0_4.jpg,a709be5f486023846170ebc9299fac8294ededc09064b353367db384a00c720b,DJI_0160,scene_03_DJI_0156-0219,train,train,train,0,0,0,0
DJI_0160_1_0.jpg,050450d014003d3a0928c387ec4f41a785c1b4b2a595ea0a0cbac735ba43720e,DJI_0160,scene_03_DJI_0156-0219,train,train,train,0,0,0,0
DJI_0160_1_1.jpg,93d5d33bde04b83862c0ce0275ce1a838f7b5c0122950e2e5aef6d33e7a31f51,DJI_0160,scene_03_DJI_0156-0219,train,train,train,0,0,0,0
DJI_0160_1_2.jpg,a192535d632e0c92260df84b81cc597bde451e9a7480731116ced1d3d4194fe0,DJI_0160,scene_03_DJI_0156-0219,train,train,train,1,1,0,1
DJI_0160_1_3.jpg,a42064c30f4e9d84e01d139e01d3fbfa69958895ecc8e20a7d413f37d08b72e8,DJI_0160,scene_03_DJI_0156-0219,train,train,train,0,0,0,0
DJI_0160_1_4.jpg,f8baf99de656693474b8a30b9c8340c12502740027e4b5041b76d369bcedf8d9,DJI_0160,scene_03_DJI_0156-0219,train,train,train,0,0,0,0
DJI_0161_0_0.jpg,3d0fa516758e09b8f7483137db12aa1ad21b1d4234a5aeb7ebcca8693c187d69,DJI_0161,scene_03_DJI_0156-0219,train,train,train,0,0,0,0
DJI_0161_0_1.jpg,74bea0733f48cffc4cf887a972b3681a9bac0047fac6b9508ea8dc714c0953ef,DJI_0161,scene_03_DJI_0156-0219,train,train,train,0,0,0,0
DJI_0161_0_2.jpg,befba2ba292cf37d7099cdb5b6f66bb40c5fbd03ce5e9359febca8eba5e04ebb,DJI_0161,scene_03_DJI_0156-0219,train,train,train,1,1,0,1
DJI_0161_0_3.jpg,f36d9d45bf105648d76550285060ac380d220630d69d14f93fba438c269c4e0a,DJI_0161,scene_03_DJI_0156-0219,train,train,train,1,1,0,1
DJI_0161_0_4.jpg,6d971a1af5a27c91eb7e289dfb61280333a2b5f79e8ffe37be23627aefaadc65,DJI_0161,scene_03_DJI_0156-0219,train,train,train,0,0,0,0
DJI_0161_1_0.jpg,e52c85bea6a65b96c5562784c18c9864ca4a960db4fb707cb491ba33f4554024,DJI_0161,scene_03_DJI_0156-0219,train,train,train,0,0,0,0
DJI_0161_1_1.jpg,45e49e9f0966acb9b8ad5c4f891e85df42f300ac9e689b44a82761a9d552ceb9,DJI_0161,scene_03_DJI_0156-0219,train,train,train,0,0,0,0
DJI_0161_1_2.jpg,e4112e355c12c27a92ac0aa5784b41ecb3895733c195c87e2fbe0a7792694532,DJI_0161,scene_03_DJI_0156-0219,train,train,train,1,1,0,1
DJI_0161_1_3.jpg,688ed22ea708d0eed03c5fa4cdf10943bbc709f55bb4c147660ea6f68d67458b,DJI_0161,scene_03_DJI_0156-0219,train,train,train,0,0,0,0
DJI_0161_1_4.jpg,fb561b2b2eacb3f051faf26f1f792f6101d373102437a79178d8eab5427de233,DJI_0161,scene_03_DJI_0156-0219,train,train,train,0,0,0,0
DJI_0162_0_0.jpg,823553108de96b8fbb6e50de6dddfbdf48e2dc5d25154ceb5882aec9b42e0eab,DJI_0162,scene_03_DJI_0156-0219,train,train,train,0,0,0,0
DJI_0162_0_1.jpg,fb9dadc761c4e5ed39e7941ad4bb93f28c79c2d24f7d44c08f9e0c06d34cd3b5,DJI_0162,scene_03_DJI_0156-0219,train,train,train,0,0,0,0
DJI_0162_0_2.jpg,1e8e191ce7c08bdf158df84c820f3b5a3363d845b3e13d402beb2c67f5610e6c,DJI_0162,scene_03_DJI_0156-0219,train,train,train,1,1,0,1
DJI_0162_0_3.jpg,99798fe7a8768f0f4d9509d3cd35d9479349d268d9e938da5a85f00f5af082ab,DJI_0162,scene_03_DJI_0156-0219,train,train,train,1,1,0,1
DJI_0162_0_4.jpg,525abf3bd76d49a27157133ee81a36f053cf1a6aaff3b05875224e753f461d80,DJI_0162,scene_03_DJI_0156-0219,train,train,train,0,0,0,0
DJI_0162_1_0.jpg,146446a845cb319e9a3cd362fbcebb610ce852af03f2a9378fa59009f16da4a7,DJI_0162,scene_03_DJI_0156-0219,train,train,train,0,0,0,0
DJI_0162_1_1.jpg,692c9b1f4c8151b3eafa7a8184bf8e2529b7c248173318bdcb889942a9724ce6,DJI_0162,scene_03_DJI_0156-0219,train,train,train,0,0,0,0
DJI_0162_1_2.jpg,bfdd87c038dd826f1f6aed4281edc5585e0d885d7ccec1dab3699c7f588c20e7,DJI_0162,scene_03_DJI_0156-0219,train,train,train,1,1,0,1
DJI_0162_1_3.jpg,092278c9555fe7692bf967a24bf0316ed24fb70976f603c959462cea04662e04,DJI_0162,scene_03_DJI_0156-0219,train,train,train,0,0,0,0
DJI_0162_1_4.jpg,efed267a78eb04538f38676a384a1292cd7e5083fe3d4c1eb9cee351848b143c,DJI_0162,scene_03_DJI_0156-0219,train,train,train,0,0,0,0
DJI_0163_0_0.jpg,a80f94d5acbb88a7113cfbc9f7ca49f7154a7c73c951ac50462dbb36a6009a6a,DJI_0163,scene_03_DJI_0156-0219,train,train,train,0,0,0,0
DJI_0163_0_1.jpg,b281b0f23fe5d9e2130ef3874a4e05b7feae4926e4657f3f7624ce40c63dd380,DJI_0163,scene_03_DJI_0156-0219,train,train,train,0,0,0,0
DJI_0163_0_2.jpg,61a9702c8ff76792da0f9b1418532dfe00fffa5ba0eb608e13d25e9afebae4b4,DJI_0163,scene_03_DJI_0156-0219,train,train,train,0,0,0,0
DJI_0163_0_3.jpg,3fe05fc3249de75f36f4df85f6b97c728acecb880817aff55f6daa4d21efeb58,DJI_0163,scene_03_DJI_0156-0219,train,train,train,2,2,0,1
DJI_0163_0_4.jpg,46d17cf87eb999887e34b6b7c1180c058c4de482fca08b67676293f515dd8f05,DJI_0163,scene_03_DJI_0156-0219,train,train,train,0,0,0,0
DJI_0163_1_0.jpg,817e070e9d6fd9d9991853da2f833d06399d8b8c80a406081e0986266cdb212d,DJI_0163,scene_03_DJI_0156-0219,train,train,train,0,0,0,0
DJI_0163_1_1.jpg,76bb3d728bdd057969d474ac9295c07e2bcb8b84697118131ce67b94b09e5f97,DJI_0163,scene_03_DJI_0156-0219,train,train,train,0,0,0,0
DJI_0163_1_2.jpg,c0a3e89fb5f86d912335fdeaefbf510bcdefd050511e23b543167f45566f18da,DJI_0163,scene_03_DJI_0156-0219,train,train,train,1,1,0,1
DJI_0163_1_3.jpg,436a1f5ab9a03010899d9a7ba5bd89e59389d4f4524232aee9eea374a8610763,DJI_0163,scene_03_DJI_0156-0219,train,train,train,0,0,0,0
DJI_0163_1_4.jpg,82731520c90d502132497091bcfda306d7d353c0871c632e7c5d4a14196d5b61,DJI_0163,scene_03_DJI_0156-0219,train,train,train,0,0,0,0
DJI_0164_0_0.jpg,a7dfbb784940c3fbd813dbe7706b43fb8e03524fce0dfe0c6c38594b26ac7dfc,DJI_0164,scene_03_DJI_0156-0219,train,train,train,0,0,0,0
DJI_0164_0_1.jpg,c2e799a8a8033640d48269c5f5d5e7960e31c2adc0f430868de43d45ef15b811,DJI_0164,scene_03_DJI_0156-0219,train,train,train,0,0,0,0
DJI_0164_0_2.jpg,6dab8a84f6b64a2214f36c5947152a16507093b8ee548419782f5a0d70d2fd3a,DJI_0164,scene_03_DJI_0156-0219,train,train,train,0,0,0,0
DJI_0164_0_3.jpg,f942cded01153ecb810942a0e429ccac3da19e469b5ec3e5e6f08117b5bd89a8,DJI_0164,scene_03_DJI_0156-0219,train,train,train,2,2,0,1
DJI_0164_0_4.jpg,e64a2d3e042017315a34d225dc61f903a0bee0265d779c7ca9aaf06131820c68,DJI_0164,scene_03_DJI_0156-0219,train,train,train,0,0,0,0
DJI_0164_1_0.jpg,97e13fd2e113d2ba15d7e45b4dbbdb57f19df4c507155aaa0dba6a99e8afa3e0,DJI_0164,scene_03_DJI_0156-0219,train,train,train,0,0,0,0
DJI_0164_1_1.jpg,d936c11cc5df26a9bacf5cfda120d8f7f9cf5da3c9a8c116da54e378af824a9e,DJI_0164,scene_03_DJI_0156-0219,train,train,train,0,0,0,0
DJI_0164_1_2.jpg,4ac7b1c1af002681d6765a5e085a2131184dfa53c34d0db60d11bbca075f8c27,DJI_0164,scene_03_DJI_0156-0219,train,train,train,1,0,1,0
DJI_0164_1_3.jpg,a1af599c35c16c6d70064b8438df7294491b6d1cb31082ee6c25c00b85931ad5,DJI_0164,scene_03_DJI_0156-0219,train,train,train,0,0,0,0
DJI_0164_1_4.jpg,6dac76b92d9f427116ec105b9b6a198ea7c5e1a533e200bb3b7f2bb4625fd8f7,DJI_0164,scene_03_DJI_0156-0219,train,train,train,0,0,0,0
DJI_0165_0_0.jpg,69564e9b510b6a4876963e30487e94df7350f424e0da44ff0d1e0d20afc0edaf,DJI_0165,scene_03_DJI_0156-0219,train,train,train,0,0,0,0
DJI_0165_0_1.jpg,bfa58e2cea4633dd0db5bd327ce86dfd4d04e0ca372a1827fa8d3fef84bbd290,DJI_0165,scene_03_DJI_0156-0219,train,train,train,0,0,0,0
DJI_0165_0_2.jpg,37d2c23b189d59b26bb7867f6bd83191256acb1e85aeffdf5529ecf87ad74a09,DJI_0165,scene_03_DJI_0156-0219,train,train,train,1,1,0,1
DJI_0165_0_3.jpg,91ab6f5264e1d554f0b9997490fc7f15e2efab2894547b79ea2ca6629ece956f,DJI_0165,scene_03_DJI_0156-0219,train,train,train,2,2,0,1
DJI_0165_0_4.jpg,812a89322ce774772995757a0c7c6dd24e62568da6318e15a18e96f8f921a92c,DJI_0165,scene_03_DJI_0156-0219,train,train,train,0,0,0,0
DJI_0165_1_0.jpg,b54d770bae85c06124423531272003ae3b64cb40e676c14816431c0e21603946,DJI_0165,scene_03_DJI_0156-0219,train,train,train,0,0,0,0
DJI_0165_1_1.jpg,60e8e9aeb843c9f2cdd911b434e1d7f2cc1f891a76511c0821703d6722f8a3bc,DJI_0165,scene_03_DJI_0156-0219,train,train,train,0,0,0,0
DJI_0165_1_2.jpg,c35110e5bfe48d8772ca3c0deb66074c46b7b1cc8378801e8cfa473ad55c314a,DJI_0165,scene_03_DJI_0156-0219,train,train,train,0,0,0,0
DJI_0165_1_3.jpg,d59c6eb2c4f6579e6bbdcd010bac53e3c0729a33c7d6ad2815b6e2874f95162e,DJI_0165,scene_03_DJI_0156-0219,train,train,train,0,0,0,0
DJI_0165_1_4.jpg,cd453280b70990e92234e824c1d967b396a6b87da7e01f70054e276dc8c4326b,DJI_0165,scene_03_DJI_0156-0219,train,train,train,0,0,0,0
DJI_0166_0_0.jpg,9608620ec50eaad00fcdf13cde6b9b487b638a5393745f7c28fd31d9b89fc689,DJI_0166,scene_03_DJI_0156-0219,train,train,train,0,0,0,0
DJI_0166_0_1.jpg,7f825ce4acfe04728ba5d2ac29e1143ff88ee683a097e6d8141a820bf3666c02,DJI_0166,scene_03_DJI_0156-0219,train,train,train,0,0,0,0
DJI_0166_0_2.jpg,2397016e1e136c76ebd15e88c9af856ec8ffcd26feebdd42747bc16403adfb7c,DJI_0166,scene_03_DJI_0156-0219,train,train,train,2,2,0,1
DJI_0166_0_3.jpg,7260de73352454864732944a653ff079c0c013f381c7ff9c89468242175d351c,DJI_0166,scene_03_DJI_0156-0219,train,train,train,1,1,0,1
DJI_0166_0_4.jpg,071b2aac251d85be415bdeab3c55d65702e1459f988a7451391ad454425b67e0,DJI_0166,scene_03_DJI_0156-0219,train,train,train,0,0,0,0
DJI_0166_1_0.jpg,b45da7e928bd2f7e3ca1d3150cd856cf82f56dfa0cc1ab99631d7120451f9a75,DJI_0166,scene_03_DJI_0156-0219,train,train,train,0,0,0,0
DJI_0166_1_1.jpg,8c6d3fafcdebd11f32ff75266618668203aa989da7590deeb4c582d25b478718,DJI_0166,scene_03_DJI_0156-0219,train,train,train,0,0,0,0
DJI_0166_1_2.jpg,b20029a99fc117674fd3bfad009ff2135efe781f43fb5eb5e75dbb7f93e1369e,DJI_0166,scene_03_DJI_0156-0219,train,train,train,0,0,0,0
DJI_0166_1_3.jpg,432b745b6f178133ccd67371de686b2c7e42bbf8ce8db005e6d96644aa0c9474,DJI_0166,scene_03_DJI_0156-0219,train,train,train,0,0,0,0
DJI_0166_1_4.jpg,c61218fb25a0366e0db036b641371d099af95691d01c954f6886c2ead7bd32ce,DJI_0166,scene_03_DJI_0156-0219,train,train,train,0,0,0,0
DJI_0167_0_0.jpg,2058289b7f4ae2211a477dae7a9491b23199668eb3ab73d911f19792add33a45,DJI_0167,scene_03_DJI_0156-0219,train,train,train,0,0,0,0
DJI_0167_0_1.jpg,0e597b1cc33a01f567707b9dc8b06034747bd571dd6e0ae66c5bde07f94432a0,DJI_0167,scene_03_DJI_0156-0219,train,train,train,0,0,0,0
DJI_0167_0_2.jpg,7dcf09d9a20bca10f2ee0b7380635cbc9c908eb509bbfc56ccbdf648c2097090,DJI_0167,scene_03_DJI_0156-0219,train,train,train,1,1,0,1
DJI_0167_0_3.jpg,ffc3da0ae7df57735d35615e1e0a652b4fcfe01046cffe3464dfe19149fbc2bb,DJI_0167,scene_03_DJI_0156-0219,train,train,train,2,2,0,1
DJI_0167_0_4.jpg,dbf8d217041bcdc81f9b72033cffafdcd8b80c4e8d2054db190e50803bd10d41,DJI_0167,scene_03_DJI_0156-0219,train,train,train,1,1,0,1
DJI_0167_1_0.jpg,563665a751f635986f7bc5701a6c0fbd1b078399e476867a1009545ffd717fd5,DJI_0167,scene_03_DJI_0156-0219,train,train,train,0,0,0,0
DJI_0167_1_1.jpg,918f76fb42a3523b51fc1bfd5cfd8393560d06ae621a3491ef4c5e09443a1191,DJI_0167,scene_03_DJI_0156-0219,train,train,train,0,0,0,0
DJI_0167_1_2.jpg,6b407463150d0146e9b6cf3e1c0b5c0bf983353838a4a80f91d1bd785d74b529,DJI_0167,scene_03_DJI_0156-0219,train,train,train,0,0,0,0
DJI_0167_1_3.jpg,90534071f9f5a9e913adaa485ef1f7a04815a57baa804e438381ac89a92d1d78,DJI_0167,scene_03_DJI_0156-0219,train,train,train,0,0,0,0
DJI_0167_1_4.jpg,09ebf3d842b378e3ee5119c0db4dee694c3b163e360483f82ea5f76d17d0f987,DJI_0167,scene_03_DJI_0156-0219,train,train,train,0,0,0,0
DJI_0168_0_0.jpg,a9035a8b4b25b0bd7bb7ebf98a243ce5381376187755288082895c29ed015fbe,DJI_0168,scene_03_DJI_0156-0219,train,train,train,0,0,0,0
DJI_0168_0_1.jpg,8e57306e4cc4f0760af450355bf14a9aa5290ed3f3ab1640bb55472dde987abc,DJI_0168,scene_03_DJI_0156-0219,train,train,train,0,0,0,0
DJI_0168_0_2.jpg,9f0c95faef56e57531a726952f112dfd3077ea7a3890d89218561011a517e888,DJI_0168,scene_03_DJI_0156-0219,train,train,train,0,0,0,0
DJI_0168_0_3.jpg,6a03cc5f8b4cc1d15b8ce7b8489c2e38e508d7d081ef21df9f604e046b8fdece,DJI_0168,scene_03_DJI_0156-0219,train,train,train,2,2,0,1
DJI_0168_0_4.jpg,6f79ceb933d21c4266523b54f351c0f95c7b84f063b3a950c272788b75b2a746,DJI_0168,scene_03_DJI_0156-0219,train,train,train,1,1,0,1
DJI_0168_1_0.jpg,742ebaaad552a768183571df989a8a539dcb6bc77568953e4471137fd3094e1c,DJI_0168,scene_03_DJI_0156-0219,train,train,train,0,0,0,0
DJI_0168_1_1.jpg,082d038d5c903c4fd259549ff0c8acc2fb6ae512cff20136d1b0e0dc1cd2a48f,DJI_0168,scene_03_DJI_0156-0219,train,train,train,0,0,0,0
DJI_0168_1_2.jpg,59b8a19d87f07ce8f1b835f4a0daa709b25788e9134bd132b97d2b3f12735d65,DJI_0168,scene_03_DJI_0156-0219,train,train,train,1,1,0,1
DJI_0168_1_3.jpg,5c757320c7127bd76f594d2a2f3b7161f56f760d3bf01f1ef0be674d33d9bced,DJI_0168,scene_03_DJI_0156-0219,train,train,train,0,0,0,0
DJI_0168_1_4.jpg,bc3285280da0419b123972f08282728b534c2aa0a4952b099cff88b43012672e,DJI_0168,scene_03_DJI_0156-0219,train,train,train,0,0,0,0
DJI_0169_0_0.jpg,8a8760fc95033559d5933114e817c50f45d2a3aab464027d52ee267268058dd9,DJI_0169,scene_03_DJI_0156-0219,train,train,train,0,0,0,0
DJI_0169_0_1.jpg,fcb40b648a97ca6dcb16d67b64ea88466c1e375cf3a214e847e2ad164402f852,DJI_0169,scene_03_DJI_0156-0219,train,train,train,0,0,0,0
DJI_0169_0_2.jpg,5796f7a8560fea1bd8cb8f0d89291d9410a158a9dc4889a3c28c5b5b6a2d09d6,DJI_0169,scene_03_DJI_0156-0219,train,train,train,0,0,0,0
DJI_0169_0_3.jpg,93220525026bc5ecfd8dbf19aa6c6b68ea00b141559849ea09681b7619da7eeb,DJI_0169,scene_03_DJI_0156-0219,train,train,train,2,2,0,1
DJI_0169_0_4.jpg,d6d1a067d070838d5eac9f167732ffe9836fe5b7994dd77d383681af7402af16,DJI_0169,scene_03_DJI_0156-0219,train,train,train,1,1,0,1
DJI_0169_1_0.jpg,9bc06e0eb1783c36f9c9b948ead9ded20dc38a37d17b4a80dd282e515b4297dc,DJI_0169,scene_03_DJI_0156-0219,train,train,train,0,0,0,0
DJI_0169_1_1.jpg,25ef00341e305b8e37f818773e1e9a57d31f10e1ace77ee9180c1ec5569f77a3,DJI_0169,scene_03_DJI_0156-0219,train,train,train,0,0,0,0
DJI_0169_1_2.jpg,80b9526c7283c951e5cb19608ed6c12f0488242926db8472dd0d0a3efb822911,DJI_0169,scene_03_DJI_0156-0219,train,train,train,1,1,0,1
DJI_0169_1_3.jpg,d5ef4be35d3b5ac77ed2e3cc9e91476895c13aecf7660121b1d2b7cb84e4208a,DJI_0169,scene_03_DJI_0156-0219,train,train,train,0,0,0,0
DJI_0169_1_4.jpg,2fdac9fc8fcfc72520bec6b84206acfa5a3d78e6d392a359d3f684a082249ec7,DJI_0169,scene_03_DJI_0156-0219,train,train,train,0,0,0,0
DJI_0170_0_0.jpg,bdbc0aa407f2fbde3157d000dbabdb8f11c8215e13e4272bd9526cf8c8e6ee3a,DJI_0170,scene_03_DJI_0156-0219,train,train,train,0,0,0,0
DJI_0170_0_1.jpg,9f6b7e319b9ad4900eb5d063dcac3be0a749d51969ef181fae422a6949f97dee,DJI_0170,scene_03_DJI_0156-0219,train,train,train,0,0,0,0
DJI_0170_0_2.jpg,5d25172eb906ddd4f1cce01304433bce124b652af9cf19e430bbb56be7aa77a1,DJI_0170,scene_03_DJI_0156-0219,train,train,train,0,0,0,0
DJI_0170_0_3.jpg,b319120a006065d97917b8453d3cdbc9f735908adc268bdbcdd8173b0a615409,DJI_0170,scene_03_DJI_0156-0219,train,train,train,2,2,0,1
DJI_0170_0_4.jpg,67d2cf421fd2898f61ae25664a8027ebc8f2eee83687e1f67f40bca4cf613b75,DJI_0170,scene_03_DJI_0156-0219,train,train,train,0,0,0,0
DJI_0170_1_0.jpg,773e8204f9594b225b04ea54a6318965db451eb0a1a75ebefd1594699430ba76,DJI_0170,scene_03_DJI_0156-0219,train,train,train,0,0,0,0
DJI_0170_1_1.jpg,de58a429b13ab49a6c2ba31725dce9a8b981e62a4f1df1bc03ad64074da1e9ab,DJI_0170,scene_03_DJI_0156-0219,train,train,train,0,0,0,0
DJI_0170_1_2.jpg,04775cf928c48dd89b1afd824610d9065b5910df2733c4cd9a21d1a9359fc849,DJI_0170,scene_03_DJI_0156-0219,train,train,train,0,0,0,0
DJI_0170_1_3.jpg,c5b4343260a81b45c52ffa596787459300a48c9d238f7781a981e8658a85ebda,DJI_0170,scene_03_DJI_0156-0219,train,train,train,0,0,0,0
DJI_0170_1_4.jpg,d6c9ae0b837968e35b72b5116bb56e317da33db88a8ff70e49d8c466feeb6c70,DJI_0170,scene_03_DJI_0156-0219,train,train,train,1,1,0,1
DJI_0171_0_0.jpg,c2d01ff3d9c6716f3fef9f0b5bacdcd89f654c03310a6ae877a00fc5a9451eef,DJI_0171,scene_03_DJI_0156-0219,train,train,train,0,0,0,0
DJI_0171_0_1.jpg,8ea7577556296622e1189345f2936ad4f14dd462c1b617b59b737563dc85a517,DJI_0171,scene_03_DJI_0156-0219,train,train,train,0,0,0,0
DJI_0171_0_2.jpg,11ff506ddd4c5f459f7dbc793dd181887a6a555b371baedce351d8be0f7213be,DJI_0171,scene_03_DJI_0156-0219,train,train,train,1,1,0,1
DJI_0171_0_3.jpg,1ff608c4c6997fc605d273a7b896f257f9748e82cbdd2d1ae3f25cfa243c8aec,DJI_0171,scene_03_DJI_0156-0219,train,train,train,2,2,0,1
DJI_0171_0_4.jpg,4fef42fdfed8f86fd90164967723b0bafb7ae0b040936c493361b66bdf87fe43,DJI_0171,scene_03_DJI_0156-0219,train,train,train,0,0,0,0
DJI_0171_1_0.jpg,9e23c66710375dd1af731810b4e475348bccc8c30be5617a221cfafb99485f21,DJI_0171,scene_03_DJI_0156-0219,train,train,train,0,0,0,0
DJI_0171_1_1.jpg,dbd2b9b41a5b2d8a9dcd36213fb1acf61623fe3c6a9bb80fdf33399571372a7b,DJI_0171,scene_03_DJI_0156-0219,train,train,train,0,0,0,0
DJI_0171_1_2.jpg,11bcef84d9c99adb5d9a63fe3af71235dedb3af31f0a2d1e33e65a1ba6eb2a62,DJI_0171,scene_03_DJI_0156-0219,train,train,train,0,0,0,0
DJI_0171_1_3.jpg,3f220787d4589351dca0a8a914c9fb7aa5d37a3ce77a623fcd8d35e52ddad7ff,DJI_0171,scene_03_DJI_0156-0219,train,train,train,0,0,0,0
DJI_0171_1_4.jpg,0ca94f95374734c1681bfe34c9638bead9b98112d27c79c172028fe5c14878d0,DJI_0171,scene_03_DJI_0156-0219,train,train,train,1,1,0,1
DJI_0172_0_0.jpg,e929761a0ad1b4063859531a31a6dd75ad974dd4acfab46dbda19ce4784798a6,DJI_0172,scene_03_DJI_0156-0219,train,train,train,0,0,0,0
DJI_0172_0_1.jpg,5ef87832d445cd3e03a3583333c33dfc7c84caff6f303c76bd0d7604dc3efccb,DJI_0172,scene_03_DJI_0156-0219,train,train,train,0,0,0,0
DJI_0172_0_2.jpg,abcd810819beaa72b03543d79ce7ca93b33c7124853d6f8d112c703189f5547b,DJI_0172,scene_03_DJI_0156-0219,train,train,train,1,1,0,1
DJI_0172_0_3.jpg,d6bb8613177d7e2313d2196c5e3b1b89f4a37d0f20d7135dc2d5aab3e65c6e23,DJI_0172,scene_03_DJI_0156-0219,train,train,train,2,2,0,1
DJI_0172_0_4.jpg,631c630fef061705de7950166c5d96607066296e92e1329f2f0d3bbf0efb8060,DJI_0172,scene_03_DJI_0156-0219,train,train,train,0,0,0,0
DJI_0172_1_0.jpg,f5961bb27a6d5c976412561b08f26d39e1f93082560062a6edea2aaec77031ac,DJI_0172,scene_03_DJI_0156-0219,train,train,train,0,0,0,0
DJI_0172_1_1.jpg,bca92071d64397d3f276ad0e81c081ca8d3f017797eef6cafa06b7cb094729ed,DJI_0172,scene_03_DJI_0156-0219,train,train,train,0,0,0,0
DJI_0172_1_2.jpg,81749efdd661f122d084ebc8f3ca235e604fedb28c5a2c73c4c3170f46e50d77,DJI_0172,scene_03_DJI_0156-0219,train,train,train,0,0,0,0
DJI_0172_1_3.jpg,08d8d0f94bd815dc7939c243500b36eaf5d7ff086a4734403cce75c4cc64aa50,DJI_0172,scene_03_DJI_0156-0219,train,train,train,0,0,0,0
DJI_0172_1_4.jpg,3bf40a3dedf73c015ec93bf9072155bf04595639f442b7be7f1d92b74be1e02c,DJI_0172,scene_03_DJI_0156-0219,train,train,train,1,1,0,1
DJI_0173_0_0.jpg,01a9e4864a1a98acbdb13db3ff61c5ada5931d02f762dadc03c0aeb3cc7f3ba9,DJI_0173,scene_03_DJI_0156-0219,train,train,train,0,0,0,0
DJI_0173_0_1.jpg,1a6c6c2c9cc97e13c5bf478baa4bdfba67204d15888eae97fc8c7ba32d95439e,DJI_0173,scene_03_DJI_0156-0219,train,train,train,0,0,0,0
DJI_0173_0_2.jpg,363315f82984c52a226dd6d3ae772317cab75dbb8f6c3715da17fdadfd7c851a,DJI_0173,scene_03_DJI_0156-0219,train,train,train,2,2,0,1
DJI_0173_0_3.jpg,bef56d4dddcbff0b682bac89c05224d693cc123c4972fa7650792b2e6a508f4d,DJI_0173,scene_03_DJI_0156-0219,train,train,train,0,0,0,0
DJI_0173_0_4.jpg,999ed104b98556495ad4c30c5d8af7f90c186bec78d97c9547cd636b171cde3c,DJI_0173,scene_03_DJI_0156-0219,train,train,train,0,0,0,0
DJI_0173_1_0.jpg,1ba993b6ee8cc8d2c5a47709fed4bbf8d15044a2b31bfc92273949fa296d2059,DJI_0173,scene_03_DJI_0156-0219,train,train,train,0,0,0,0
DJI_0173_1_1.jpg,fe96986aeedd8cebe1585e4b548b3631c0c22a264c5809ef19d1b85b2b90b7b1,DJI_0173,scene_03_DJI_0156-0219,train,train,train,0,0,0,0
DJI_0173_1_2.jpg,3536f6f9844f9c4611c905ec9a2de647072e253f5a33dd85fe7654497e5d6933,DJI_0173,scene_03_DJI_0156-0219,train,train,train,0,0,0,0
DJI_0173_1_3.jpg,267ae1d466932342b45373cb9733b0f6ee233e0b38d88afff6f9432065e2f983,DJI_0173,scene_03_DJI_0156-0219,train,train,train,2,2,0,1
DJI_0173_1_4.jpg,4b8fe969d86b81ce6f1edfc2c070d4a97feab215fefd5f0b6c4076bbf5817ac3,DJI_0173,scene_03_DJI_0156-0219,train,train,train,0,0,0,0
DJI_0174_0_0.jpg,c6e931f4fec2180ba99dc84af13af963af5b0b3e49998e8a4dcdee186e315bca,DJI_0174,scene_03_DJI_0156-0219,train,train,train,0,0,0,0
DJI_0174_0_1.jpg,8a8331a2246e6aa0c40e35b0faea02259fba493501041b0c48151587d75196f6,DJI_0174,scene_03_DJI_0156-0219,train,train,train,0,0,0,0
DJI_0174_0_2.jpg,0c47a50c425f62c5c51d7db57ed845f7aff6415f956cc8aeddef0c0ac42b5563,DJI_0174,scene_03_DJI_0156-0219,train,train,train,2,1,1,1
DJI_0174_0_3.jpg,87bebbcd21e3a32044af0aae2c8982d665ee838bf163ac84df2c6f6e4df9b572,DJI_0174,scene_03_DJI_0156-0219,train,train,train,0,0,0,0
DJI_0174_0_4.jpg,207ae6dbd614cf8f079d2ac236f842650bc53de56e9c2feb3626ef9097a4d17c,DJI_0174,scene_03_DJI_0156-0219,train,train,train,0,0,0,0
DJI_0174_1_0.jpg,4055f67494486d5f5605118dde16341780f37b62cb33e880969b578b4aab4641,DJI_0174,scene_03_DJI_0156-0219,train,train,train,0,0,0,0
DJI_0174_1_1.jpg,c14805f0879c6398c509b81b422e43d5f396bee76e2154107973ad4d6583af2e,DJI_0174,scene_03_DJI_0156-0219,train,train,train,0,0,0,0
DJI_0174_1_2.jpg,c3964eb3b512fe7f2f38e731621cf0cf8d2ab26dc12170263723775892ff4d20,DJI_0174,scene_03_DJI_0156-0219,train,train,train,1,1,0,1
DJI_0174_1_3.jpg,7cbba0368c9d2cde88375f3e80e14bc03d3c616636d8f17377c1cb05ac589eee,DJI_0174,scene_03_DJI_0156-0219,train,train,train,2,2,0,1
DJI_0174_1_4.jpg,0b625ef3c0a9bb3c4dd2869ec79787f2b0084d81591ad57e8961b343b6eee17b,DJI_0174,scene_03_DJI_0156-0219,train,train,train,0,0,0,0
DJI_0175_0_0.jpg,e61dfb8a7e46fbfd3ed32bfa9c808af7c9351ab08c03345ea68168c25e1f1cbe,DJI_0175,scene_03_DJI_0156-0219,train,train,train,0,0,0,0
DJI_0175_0_1.jpg,75721e2e3297284bac37c68f74a74805f4abd01656d6aa82bebd447d1359487d,DJI_0175,scene_03_DJI_0156-0219,train,train,train,0,0,0,0
DJI_0175_0_2.jpg,0fa52b8487f8c6b74886d07c9a011dc2f4907ee73142fe3b0092b4ad6aaa5380,DJI_0175,scene_03_DJI_0156-0219,train,train,train,1,1,0,1
DJI_0175_0_3.jpg,e9a1620b6873a5f930eaf87c00e530b63503ccc442440833ad489203c66e8175,DJI_0175,scene_03_DJI_0156-0219,train,train,train,0,0,0,0
DJI_0175_0_4.jpg,0b1b1f1b2a843d383300b4d0f4fe008e5b96927ae6543792edfc1b0c7b574390,DJI_0175,scene_03_DJI_0156-0219,train,train,train,0,0,0,0
DJI_0175_1_0.jpg,f4d43034948a6aa37ceb245451104c54637162ddecf99bb4364abfa5dd7600c3,DJI_0175,scene_03_DJI_0156-0219,train,train,train,0,0,0,0
DJI_0175_1_1.jpg,cdd20332a12e6c115f22d81e35b66385a46aca2d7b6188fccbdf3acc52739760,DJI_0175,scene_03_DJI_0156-0219,train,train,train,0,0,0,0
DJI_0175_1_2.jpg,ad0e172bd518a0470a2d3d9addd1238977334a957823c0cab67162ded8f2790f,DJI_0175,scene_03_DJI_0156-0219,train,train,train,3,3,0,1
DJI_0175_1_3.jpg,cf58eef7ae758759e3bb3f79154442368db5b558707e5c7145640d7c3c1fdbd0,DJI_0175,scene_03_DJI_0156-0219,train,train,train,0,0,0,0
DJI_0175_1_4.jpg,929ba47af46e5e05af593335cc5b22aaf88c5a721f39c8c048606fb1ae155b51,DJI_0175,scene_03_DJI_0156-0219,train,train,train,0,0,0,0
DJI_0176_0_0.jpg,250773d2e16774e1c7f66a0e4eab6849ac496a8d70d2fb5d288ea7e574eed869,DJI_0176,scene_03_DJI_0156-0219,train,train,train,0,0,0,0
DJI_0176_0_1.jpg,28e9c1753558268b248e9e44dc0973abfbcdf884ccf235756a1c18ff58c1fb03,DJI_0176,scene_03_DJI_0156-0219,train,train,train,0,0,0,0
DJI_0176_0_2.jpg,5ee7fd9bfd262b6bd05e4c66c6dd6ec60cb3d68f53fdbaa4fd4c79344bc93fc9,DJI_0176,scene_03_DJI_0156-0219,train,train,train,1,1,0,1
DJI_0176_0_3.jpg,a6140bab4446065d0d067027902095a96c518397371cc7bb2346c9e81da0da2c,DJI_0176,scene_03_DJI_0156-0219,train,train,train,0,0,0,0
DJI_0176_0_4.jpg,ebd544752aaf8b8fcceaa46002e8d0423702dda53e97296cfc88120dd13d79e6,DJI_0176,scene_03_DJI_0156-0219,train,train,train,0,0,0,0
DJI_0176_1_0.jpg,9d47ee48175a111104882296e5ff60907ae6a5c4d70696de9acc11f108a75d80,DJI_0176,scene_03_DJI_0156-0219,train,train,train,0,0,0,0
DJI_0176_1_1.jpg,5d93514bb86f5f1f4d4ef4301ded600173088850a44376cee23be03e2749c04f,DJI_0176,scene_03_DJI_0156-0219,train,train,train,0,0,0,0
DJI_0176_1_2.jpg,303e5935d05815f9200ed1eb8ce1fa161e0037717b14233cb1ecf35153b6a5de,DJI_0176,scene_03_DJI_0156-0219,train,train,train,1,1,0,1
DJI_0176_1_3.jpg,1e80a91f2baf7bdab7240eb1b64ce9654c39fc407598f45d6fb6404578b85aac,DJI_0176,scene_03_DJI_0156-0219,train,train,train,0,0,0,0
DJI_0176_1_4.jpg,9e8701ad445e91088fd95beae5793b2af01102aa85092064e81edaf15f99e859,DJI_0176,scene_03_DJI_0156-0219,train,train,train,0,0,0,0
DJI_0177_0_0.jpg,1902b9b9f736d54cd02ef7aa2ed7c31c07f40daf64fbc3cb7390d53e9dcd2970,DJI_0177,scene_03_DJI_0156-0219,train,train,train,0,0,0,0
DJI_0177_0_1.jpg,82cc372d3d21d08450eb6ddd942ff4f764be9f8552a5127b30f8587f2f827502,DJI_0177,scene_03_DJI_0156-0219,train,train,train,0,0,0,0
DJI_0177_0_2.jpg,18ab6be734276d4626fe2ec3d2828ffab5424f5bef339f522155fb8dda245f4f,DJI_0177,scene_03_DJI_0156-0219,train,train,train,1,1,0,1
DJI_0177_0_3.jpg,8ff76f94e858c8d5e617293cf90111b829b77641fe04b739cd775fec02eb7519,DJI_0177,scene_03_DJI_0156-0219,train,train,train,0,0,0,0
DJI_0177_0_4.jpg,7e9c777af7d30c97a705d843c8dc9370109ef96825c7df4855e221312b80d262,DJI_0177,scene_03_DJI_0156-0219,train,train,train,0,0,0,0
DJI_0177_1_0.jpg,201d435f2ad0bde0bf39e84f99848d47781529b346412413c646f3684c48834a,DJI_0177,scene_03_DJI_0156-0219,train,train,train,0,0,0,0
DJI_0177_1_1.jpg,154e441b1f57a2c330871587731c5a868b1dcdeaada7405659a072585b50b744,DJI_0177,scene_03_DJI_0156-0219,train,train,train,0,0,0,0
DJI_0177_1_2.jpg,c7a7d0a2528fa84c4e427fc78da17613142a415bbe1b75bd80511ebf77805b8a,DJI_0177,scene_03_DJI_0156-0219,train,train,train,1,1,0,1
DJI_0177_1_3.jpg,85eb184f775cfd537f4b92a552027cbf07dd348b1f1f63d8dfe34cfdac03c2d9,DJI_0177,scene_03_DJI_0156-0219,train,train,train,0,0,0,0
DJI_0177_1_4.jpg,566619268a4d842a9a061d7a786ad4275b2a7b0303fc9b5a336ef40c0e2fd36b,DJI_0177,scene_03_DJI_0156-0219,train,train,train,0,0,0,0
DJI_0179_0_0.jpg,9ad51e4f1e763957f3e6a5d8c996cd401bad8c533ec49397ab9d17473e4d172b,DJI_0179,scene_03_DJI_0156-0219,train,train,train,0,0,0,0
DJI_0179_0_1.jpg,cc97f7546c70a69f9b497637cb606353d6dc23950c77bb3766256e6666dda389,DJI_0179,scene_03_DJI_0156-0219,train,train,train,0,0,0,0
DJI_0179_0_2.jpg,f7464314a31a0df126d7deaa612b8b18ff2f921edcacabfc2331d186ca6cad47,DJI_0179,scene_03_DJI_0156-0219,train,train,train,0,0,0,0
DJI_0179_0_3.jpg,cf269e04643ea703a437d46953e21a47f352ec2f16d24cd7fa42f650b7e5d262,DJI_0179,scene_03_DJI_0156-0219,train,train,train,0,0,0,0
DJI_0179_0_4.jpg,2aecf8ce5c96106b148701da5bbdc54a0459ddfe09002240d3433c8b145c287c,DJI_0179,scene_03_DJI_0156-0219,train,train,train,0,0,0,0
DJI_0179_1_0.jpg,6cdd469bcad2aa688c99604797c5dbf637ae69118fbd61787caa27a58c4b2257,DJI_0179,scene_03_DJI_0156-0219,train,train,train,0,0,0,0
DJI_0179_1_1.jpg,4bb84a2c1a7b80f87ff8d9c9e84a2078a6bd37a4061dcc7aa2fa18b0564a1063,DJI_0179,scene_03_DJI_0156-0219,train,train,train,0,0,0,0
DJI_0179_1_2.jpg,f30e51cc0e4a62f027712736a4b17be125daf8c0574cf36b869335d2fa5768e7,DJI_0179,scene_03_DJI_0156-0219,train,train,train,1,1,0,1
DJI_0179_1_3.jpg,53a545f9b746f87be4528d7ae94a10b3f78d204978561c34f98c6aef11a38bed,DJI_0179,scene_03_DJI_0156-0219,train,train,train,0,0,0,0
DJI_0179_1_4.jpg,e74302d541039bc9f57dfc4937b7ef0fc62de0750367e3d996ed26196b590932,DJI_0179,scene_03_DJI_0156-0219,train,train,train,0,0,0,0
DJI_0180_0_0.jpg,11b984788bcee216cfbab12ccb00c8b640d9a515d4a154973af25281774bfd84,DJI_0180,scene_03_DJI_0156-0219,train,train,train,0,0,0,0
DJI_0180_0_1.jpg,2063cb04414747477b37df6a327717c6260b89cd9444ede0aa905b79dd790be1,DJI_0180,scene_03_DJI_0156-0219,train,train,train,0,0,0,0
DJI_0180_0_2.jpg,fb2836c68dc6955ce12c836cc8f42869664a8d6f1bda3e5b51a286e2635a28e0,DJI_0180,scene_03_DJI_0156-0219,train,train,train,0,0,0,0
DJI_0180_0_3.jpg,40c4463c70530ed4fdd36e480db193c8cf95b557e4251125ba332563fe3774d3,DJI_0180,scene_03_DJI_0156-0219,train,train,train,0,0,0,0
DJI_0180_0_4.jpg,1397da8e20c616f5eee8fc9deabdfe8723b6ec3ad9131fdc8f81616ca2610b68,DJI_0180,scene_03_DJI_0156-0219,train,train,train,0,0,0,0
DJI_0180_1_0.jpg,81fc3748ffacf6834dfd9622409731863a68895ba0e51b0377dc0820e7a49637,DJI_0180,scene_03_DJI_0156-0219,train,train,train,0,0,0,0
DJI_0180_1_1.jpg,04dacb5e56ca51506bf578b32a07267e1809f431f1082b68918362c92e78bd54,DJI_0180,scene_03_DJI_0156-0219,train,train,train,1,1,0,1
DJI_0180_1_2.jpg,28109c69a6afef5e47c880a9b6837ff93bc6f64ff035fcae4a2000995d926f17,DJI_0180,scene_03_DJI_0156-0219,train,train,train,0,0,0,0
DJI_0180_1_3.jpg,a6fff441e59abd9f2f39848a60626d8da65af8ac9c66b08f33cb4ac5978bf9a3,DJI_0180,scene_03_DJI_0156-0219,train,train,train,0,0,0,0
DJI_0180_1_4.jpg,174ea1d9c6d3949eccebfeb80a9042f214a0b1cc50241a2bf17758e95974e1d0,DJI_0180,scene_03_DJI_0156-0219,train,train,train,0,0,0,0
DJI_0181_0_0.jpg,66be8d28979b832bad5bd21c8df9515d2b1bdf5390e86e25f60ce6939e0527af,DJI_0181,scene_03_DJI_0156-0219,train,train,train,0,0,0,0
DJI_0181_0_1.jpg,838adf5dcf5cd7120a4d6e70ce2f2ad7938a4aef6e1475bdf08b4b3e0466f16c,DJI_0181,scene_03_DJI_0156-0219,train,train,train,0,0,0,0
DJI_0181_0_2.jpg,4bfee108eb86fb68efce6c422017fdcd5ad6875a5e6a053fc6006943a2a02aac,DJI_0181,scene_03_DJI_0156-0219,train,train,train,0,0,0,0
DJI_0181_0_3.jpg,be5b016e0b2570cb14382ed62ae51103e1017eda033a8458067d754a6e098981,DJI_0181,scene_03_DJI_0156-0219,train,train,train,0,0,0,0
DJI_0181_0_4.jpg,7c9d6ee07cedd432604f34e22dab09d6da4594f91d5ec6a7861fffdc55059bfd,DJI_0181,scene_03_DJI_0156-0219,train,train,train,0,0,0,0
DJI_0181_1_0.jpg,d916a97e8058e8084b5b218d46a6ac52c0618d17b3d2dfe511c0c85962585a9e,DJI_0181,scene_03_DJI_0156-0219,train,train,train,0,0,0,0
DJI_0181_1_1.jpg,991d1e463683b299a8796e2577418b4603a5c929eb6b06fffe8a5d7727787c1d,DJI_0181,scene_03_DJI_0156-0219,train,train,train,1,1,0,1
DJI_0181_1_2.jpg,7d45ff8cc8b05a9fa3c9deb54b0704d5a6b42dd5ab94c4fb4593f1ff2cb0bdbf,DJI_0181,scene_03_DJI_0156-0219,train,train,train,0,0,0,0
DJI_0181_1_3.jpg,3070ad55503c0e24de35f386a7bbd69f9e396840f018406684f2b9cb308c5e3d,DJI_0181,scene_03_DJI_0156-0219,train,train,train,0,0,0,0
DJI_0181_1_4.jpg,f3abec786edf44632abe467e32c8d171bde33efb6ee17d4c5e857acc43a132e9,DJI_0181,scene_03_DJI_0156-0219,train,train,train,0,0,0,0
DJI_0182_0_0.jpg,0166bba46639101da1bede5c10ac1aede2fca7a0695a0b3576f0d6cf5447950e,DJI_0182,scene_03_DJI_0156-0219,train,train,train,0,0,0,0
DJI_0182_0_1.jpg,6ed51a5afd5d502a5750b83dc5fd1d9c4941cf71eb251fb9c18c398f5b70844a,DJI_0182,scene_03_DJI_0156-0219,train,train,train,0,0,0,0
DJI_0182_0_2.jpg,df353c6c4bd9a690a68f8019c926ff4075f6114d7dd9d1e0c7858f5299e02df4,DJI_0182,scene_03_DJI_0156-0219,train,train,train,0,0,0,0
DJI_0182_0_3.jpg,5a10b3c913f8cedb9b7a873f0b883e5037e5ae69c5bfa1efe62fa6e3be09950c,DJI_0182,scene_03_DJI_0156-0219,train,train,train,0,0,0,0
DJI_0182_0_4.jpg,883b7a4dc4b0aee03031c77d96503f8ce56a5bdee55e585ec69b5b30e52ad9b5,DJI_0182,scene_03_DJI_0156-0219,train,train,train,0,0,0,0
DJI_0182_1_0.jpg,af84ef13df3302a49d323a66949c39f6f6d1e8886c610eb73af2f9570a517391,DJI_0182,scene_03_DJI_0156-0219,train,train,train,1,1,0,1
DJI_0182_1_1.jpg,d4653e7c04509754a75fcb014e94e5c34d2ed9721a02ace0bbd17ed64b3db021,DJI_0182,scene_03_DJI_0156-0219,train,train,train,0,0,0,0
DJI_0182_1_2.jpg,3d53b97a8cf63265cc37f421136e8490cb204c4a37d397538d8ded6f221fef30,DJI_0182,scene_03_DJI_0156-0219,train,train,train,0,0,0,0
DJI_0182_1_3.jpg,fbf28133a575138c6b0fb4a472b7ef433763284f3a88930ad81decf2731dc725,DJI_0182,scene_03_DJI_0156-0219,train,train,train,0,0,0,0
DJI_0182_1_4.jpg,b94b4c0acecd217d223fa798c38cb05a80c9fc004d7aecdae967b80214b87b94,DJI_0182,scene_03_DJI_0156-0219,train,train,train,0,0,0,0
DJI_0183_0_0.jpg,efa495822f058bdb3910264bdd3ec3af061bb5b29eb99ad87cf0272d5d8a3bd3,DJI_0183,scene_03_DJI_0156-0219,train,train,train,0,0,0,0
DJI_0183_0_1.jpg,74f182bdfbd3f7ed6ea33f4c2697e91b1e536a7152074a936d296b48382b320e,DJI_0183,scene_03_DJI_0156-0219,train,train,train,0,0,0,0
DJI_0183_0_2.jpg,6f174da68ddd6b9bd6a4f7300db7e3ef096488f90b7bb0fcc0c6dd335fa749a8,DJI_0183,scene_03_DJI_0156-0219,train,train,train,0,0,0,0
DJI_0183_0_3.jpg,7d0b8256b4d151803310227c4a44fafeb5a4504959f15cf3f4fbb0b4234df3e0,DJI_0183,scene_03_DJI_0156-0219,train,train,train,0,0,0,0
DJI_0183_0_4.jpg,652609e7c1beb4cb8f0d31dcfad9ecf71daa77dab5c770daf53a9dafdf48a7ac,DJI_0183,scene_03_DJI_0156-0219,train,train,train,0,0,0,0
DJI_0183_1_0.jpg,ec9d6b7303a093a1eb209a42c75aa3c8aa3515016cafc24249442348e9b49de4,DJI_0183,scene_03_DJI_0156-0219,train,train,train,0,0,0,0
DJI_0183_1_1.jpg,3d86c1d2bbb855b07378f59f1c57e96a931313b758ca6d0e335af9bc722d7a50,DJI_0183,scene_03_DJI_0156-0219,train,train,train,1,1,0,1
DJI_0183_1_2.jpg,be7236ccea8596786ac708179a5e961a7388e75c33819bc8b5e96425fc8354f8,DJI_0183,scene_03_DJI_0156-0219,train,train,train,0,0,0,0
DJI_0183_1_3.jpg,4abb1d9f7ca9c355a3c7879cc14afcb2331df9ad8259e0410c0ddbb77781bb1a,DJI_0183,scene_03_DJI_0156-0219,train,train,train,0,0,0,0
DJI_0183_1_4.jpg,c991c0d762f34c1cbd9abfcb851b2f75608a05a2e605ba403b7566cf92c629b3,DJI_0183,scene_03_DJI_0156-0219,train,train,train,0,0,0,0
DJI_0184_0_0.jpg,f32257c0959d8212fddf1535089a5dacd1830df0848d0b9152f686a39774ea5f,DJI_0184,scene_03_DJI_0156-0219,train,train,train,1,1,0,1
DJI_0184_0_1.jpg,f623b695f9e6d7b2cf981bcc61914847baa228eb0bc9a6568d45ffcab632b78b,DJI_0184,scene_03_DJI_0156-0219,train,train,train,0,0,0,0
DJI_0184_0_2.jpg,75c434cd11b6319271b9d121ad86b2a72e545532b09cf02f28fbe2869086810a,DJI_0184,scene_03_DJI_0156-0219,train,train,train,0,0,0,0
DJI_0184_0_3.jpg,1390d31e0b08368519ea30c795f82c04e5984c7491361b02ce2d67c593d14652,DJI_0184,scene_03_DJI_0156-0219,train,train,train,0,0,0,0
DJI_0184_0_4.jpg,64e8c397d9c9d2e9a5e783959177d3732358d1b8ef3b7c2ea480ab0adf735ec9,DJI_0184,scene_03_DJI_0156-0219,train,train,train,0,0,0,0
DJI_0184_1_0.jpg,16b73c0cb051d3a76df993564ae327be7caaeaedf488696c51f4f0f63733c2bf,DJI_0184,scene_03_DJI_0156-0219,train,train,train,0,0,0,0
DJI_0184_1_1.jpg,5899bdae4a05ecb82eceadfb7a7666bf877ea9c76f98317ae5cfd4d65d6f18be,DJI_0184,scene_03_DJI_0156-0219,train,train,train,0,0,0,0
DJI_0184_1_2.jpg,b6d2d29255baa8683d9ee87fb7b23ce9b9d66b149225f4126611e135f2dd26c8,DJI_0184,scene_03_DJI_0156-0219,train,train,train,0,0,0,0
DJI_0184_1_3.jpg,d27b7ce2e51d707b41e2b477edefea0a7f262494c807f276cb4ee2d8fb10270c,DJI_0184,scene_03_DJI_0156-0219,train,train,train,0,0,0,0
DJI_0184_1_4.jpg,77c529f5b8080547411f6d6f1b47843051c6c8f88e814281d70aaf25684e0857,DJI_0184,scene_03_DJI_0156-0219,train,train,train,0,0,0,0
DJI_0185_0_0.jpg,7da5f5bac949df86a5a89e72412a122205b3fac041bd158a7e5744062cbaa0ee,DJI_0185,scene_03_DJI_0156-0219,train,train,train,1,1,0,1
DJI_0185_0_1.jpg,32e7b553db66fa34269da51fb2241e9e92b6d7d5ea20033657c3dab692104506,DJI_0185,scene_03_DJI_0156-0219,train,train,train,0,0,0,0
DJI_0185_0_2.jpg,9ce4e3ca582511fa1794c02849e569e4f948913b429ebff1a832ded887ede5bd,DJI_0185,scene_03_DJI_0156-0219,train,train,train,0,0,0,0
DJI_0185_0_3.jpg,185e63faa65476f75c1a18325c00358c050984a3c54f26ef2e71f1fc2a3ac380,DJI_0185,scene_03_DJI_0156-0219,train,train,train,0,0,0,0
DJI_0185_0_4.jpg,835d1ff43fb5d901bc77f21251950b2f66bc609dcfb11597cc0fb42cf06e13a4,DJI_0185,scene_03_DJI_0156-0219,train,train,train,0,0,0,0
DJI_0185_1_0.jpg,d58bdfa4e1f15251480a178469fa8ea9e6c0a12f7d7fe5466c4e9c141088594a,DJI_0185,scene_03_DJI_0156-0219,train,train,train,0,0,0,0
DJI_0185_1_1.jpg,79ef2011019e0b6aa9a4325b240448adf44d753e7008c23e1f6eb0713ee023f7,DJI_0185,scene_03_DJI_0156-0219,train,train,train,0,0,0,0
DJI_0185_1_2.jpg,b811855ad110f6d8f6d26cfbcd007a8ada58bb8dd554e839dc06f96f56eab480,DJI_0185,scene_03_DJI_0156-0219,train,train,train,0,0,0,0
DJI_0185_1_3.jpg,57d374b0ce9b6ff59a799ea3153a9827734eb132a92e438c66f29a4c24a811c7,DJI_0185,scene_03_DJI_0156-0219,train,train,train,0,0,0,0
DJI_0185_1_4.jpg,15dfe4290092585d0846e0500a99572f859f1b662cba064d7e1f7bcd815ac324,DJI_0185,scene_03_DJI_0156-0219,train,train,train,0,0,0,0
DJI_0189_0_0.jpg,c0822158b1fc6f443a415a525f464370ec3e22cbc776ca67e25a6c55d180b3c3,DJI_0189,scene_03_DJI_0156-0219,train,train,train,0,0,0,0
DJI_0189_0_1.jpg,67ba402c14cd38e98b441675a4b720831588abe91dea11b6629fa95f1f4a7c65,DJI_0189,scene_03_DJI_0156-0219,train,train,train,0,0,0,0
DJI_0189_0_2.jpg,353f395d9e8e256232d26b7e2d0cb3c96f5347fb567367bb11ab9864296b16d9,DJI_0189,scene_03_DJI_0156-0219,train,train,train,0,0,0,0
DJI_0189_0_3.jpg,4e91ab6e45eaff6880af843d7fae72b3d5b41c055b6f83b5703443647160eeb6,DJI_0189,scene_03_DJI_0156-0219,train,train,train,0,0,0,0
DJI_0189_0_4.jpg,503bbb921200a28b307fdabdadaa57133ae64e2f322fb7c36ed6ca4b785f54ba,DJI_0189,scene_03_DJI_0156-0219,train,train,train,0,0,0,0
DJI_0189_1_0.jpg,24faef019031b88ad0d1cd6d63a60e971b629f4e2ae75d50daf821e98d0f2238,DJI_0189,scene_03_DJI_0156-0219,train,train,train,1,1,0,1
DJI_0189_1_1.jpg,b51f4e569e5dc46b1d7d1fd8423f954b9b7ddda882289fb6c2597ed8f73a7ae6,DJI_0189,scene_03_DJI_0156-0219,train,train,train,0,0,0,0
DJI_0189_1_2.jpg,f10e56d554fa7d91f0921f97daa353f7fa0ba204c76470212247ab09a99d72af,DJI_0189,scene_03_DJI_0156-0219,train,train,train,0,0,0,0
DJI_0189_1_3.jpg,ffa37fe2a4178f2b062156df18b0212b06db9bdebd5b4b0da96f86d77f4550a2,DJI_0189,scene_03_DJI_0156-0219,train,train,train,0,0,0,0
DJI_0189_1_4.jpg,89ba8ae8e2264bc58b3f1fc0cf8f0a53e6cdf848ffd66ccce3b1bcbe761f8423,DJI_0189,scene_03_DJI_0156-0219,train,train,train,0,0,0,0
DJI_0190_0_0.jpg,bd0b3b504f9c61786a0b92a847bc9688664589202582d01c0ded922ce977b512,DJI_0190,scene_03_DJI_0156-0219,train,train,train,0,0,0,0
DJI_0190_0_1.jpg,47b60ebccc2c6c63870fc808cf43999b98595575b389de00c1556791d2f7daa2,DJI_0190,scene_03_DJI_0156-0219,train,train,train,0,0,0,0
DJI_0190_0_2.jpg,c3fd0b865ecbce4a1bcaefa90734a1d615e5c40e822e505db15b07cde417a176,DJI_0190,scene_03_DJI_0156-0219,train,train,train,0,0,0,0
DJI_0190_0_3.jpg,c26a73a1f116d7b5f263300d0183849015dc2b6cb54268bdf73e469ba3132f0a,DJI_0190,scene_03_DJI_0156-0219,train,train,train,0,0,0,0
DJI_0190_0_4.jpg,c41bd351cc99872528b60e45be5b76cc317f1aadd23b040f147e4051c8db65fc,DJI_0190,scene_03_DJI_0156-0219,train,train,train,0,0,0,0
DJI_0190_1_0.jpg,8d9ece9ed2dde98f0a5b12c47e733c3b6dbc8328135bd496e0d2040722872a22,DJI_0190,scene_03_DJI_0156-0219,train,train,train,1,1,0,1
DJI_0190_1_1.jpg,fc0ee99183fa8aadce64229449a04f06da614d3363265ddcf4fffd369c56389a,DJI_0190,scene_03_DJI_0156-0219,train,train,train,0,0,0,0
DJI_0190_1_2.jpg,598e83429e536da3ddebf8a2000b5e03ad7f945c0177e783afe72024819f6d94,DJI_0190,scene_03_DJI_0156-0219,train,train,train,1,1,0,1
DJI_0190_1_3.jpg,f423d6a522b3c1f3454e8d4ae3dc287c9fc2e81a705faf8ddf6efe7557f5ba9a,DJI_0190,scene_03_DJI_0156-0219,train,train,train,0,0,0,0
DJI_0190_1_4.jpg,bbdfcddadebe8ae5f48fb01d200bde71795bf608b0be2caf3616a1638f46d278,DJI_0190,scene_03_DJI_0156-0219,train,train,train,0,0,0,0
DJI_0191_0_0.jpg,b7b3912b34b2dc25223259db61cb0af78f2eea5d8f7dbe98275b805ca57dcdea,DJI_0191,scene_03_DJI_0156-0219,train,train,train,0,0,0,0
DJI_0191_0_1.jpg,792515ac6b2c6dbb7a4b79c02ef1eb591b40007e53d4b211c2f77fda9a04d393,DJI_0191,scene_03_DJI_0156-0219,train,train,train,0,0,0,0
DJI_0191_0_2.jpg,8b3231bf3516a301de0eae8dac118eccd8816a5a42c44e4437df8e195b7d1cc6,DJI_0191,scene_03_DJI_0156-0219,train,train,train,0,0,0,0
DJI_0191_0_3.jpg,3ede0ad469b3d2aa6a48ee94e41b4c24b77a276e0e75224ccaa4984c4573420e,DJI_0191,scene_03_DJI_0156-0219,train,train,train,0,0,0,0
DJI_0191_0_4.jpg,27db3de03f0ee305cf9cc182c458935d4ed9e97f0bf2acd260939f6694da396c,DJI_0191,scene_03_DJI_0156-0219,train,train,train,0,0,0,0
DJI_0191_1_0.jpg,255e00912ce053b097218eadb88005589c6935d2180dd7840165f418a79c4f10,DJI_0191,scene_03_DJI_0156-0219,train,train,train,1,1,0,1
DJI_0191_1_1.jpg,76daa1dea49004ace3ad26199cdc7e78ad1708e72b847759b9fc7b7ef2e38c35,DJI_0191,scene_03_DJI_0156-0219,train,train,train,0,0,0,0
DJI_0191_1_2.jpg,832e0899f4db49db80fe6bd60510f2d8379bad958ecdf7e40ecead61879c980c,DJI_0191,scene_03_DJI_0156-0219,train,train,train,1,1,0,1
DJI_0191_1_3.jpg,8a8026c01001f413f807c9e82f72da766ef11338aecd5906e2e4d82a9dc6fcb6,DJI_0191,scene_03_DJI_0156-0219,train,train,train,0,0,0,0
DJI_0191_1_4.jpg,34c1251df2ace29208d152470fd86bc75772a219ea4c4958d7a6db6afaddc96d,DJI_0191,scene_03_DJI_0156-0219,train,train,train,0,0,0,0
DJI_0192_0_0.jpg,8c7cf2e4c2946f8d2a3107b52f3432de4455969a522d7edc6136c35b507c2c37,DJI_0192,scene_03_DJI_0156-0219,train,train,train,0,0,0,0
DJI_0192_0_1.jpg,f70471db8c045ecd949554a9f9330b165c962ed2a24aea9bc69e7339c6b187fc,DJI_0192,scene_03_DJI_0156-0219,train,train,train,0,0,0,0
DJI_0192_0_2.jpg,8687c958bf6dd703639fdb64d8239869f02578ec7085f39393f69bd2e8d141aa,DJI_0192,scene_03_DJI_0156-0219,train,train,train,0,0,0,0
DJI_0192_0_3.jpg,c3f6aa6010d628acc9fd339cdcd48362c04445877cb8bcccbb97f629e227bb58,DJI_0192,scene_03_DJI_0156-0219,train,train,train,0,0,0,0
DJI_0192_0_4.jpg,f1beaac62efd12695587ea2da33cdf4bfbecf6d965d71286d5d1df067b28153e,DJI_0192,scene_03_DJI_0156-0219,train,train,train,0,0,0,0
DJI_0192_1_0.jpg,7238cc3977d050f9cca1e9344a576bcb2d93795f838e23789a329df4c0315d8a,DJI_0192,scene_03_DJI_0156-0219,train,train,train,1,1,0,1
DJI_0192_1_1.jpg,f5c4bc7a08d9bb6e8ea4167abc462f143a04340f642565d14673358fb43cd090,DJI_0192,scene_03_DJI_0156-0219,train,train,train,0,0,0,0
DJI_0192_1_2.jpg,b4f1007b7a82a535554ec801e6a2106e5a3219119f0a3053d4871b5b5bf1135f,DJI_0192,scene_03_DJI_0156-0219,train,train,train,0,0,0,0
DJI_0192_1_3.jpg,f244d234deeb5b3c3a8b669fa8a93eb1957c587280c54eac00985f32ed8253bc,DJI_0192,scene_03_DJI_0156-0219,train,train,train,1,1,0,1
DJI_0192_1_4.jpg,9bbf41e1e02b0271fadaabebcfcf8de1d3a240cebc41ac696231c11f5d90da88,DJI_0192,scene_03_DJI_0156-0219,train,train,train,0,0,0,0
DJI_0193_0_0.jpg,3c2edfaee1c7ef1719b3f4e407e47b51be1d635b5ce21d66741042c8e1fa3bc7,DJI_0193,scene_03_DJI_0156-0219,train,train,train,0,0,0,0
DJI_0193_0_1.jpg,cdaf2f3cb432cc902d4e6c66ec84048d92797b2cffc8e08a3ad35555877a008d,DJI_0193,scene_03_DJI_0156-0219,train,train,train,0,0,0,0
DJI_0193_0_2.jpg,3cd32b4af18639b717156a4de8972ece7645152d24484113986a365e854020a7,DJI_0193,scene_03_DJI_0156-0219,train,train,train,0,0,0,0
DJI_0193_0_3.jpg,cde5698e54f49f5f6a536527b5c61de21e23dcc1a49eb2998483f1213e48fb61,DJI_0193,scene_03_DJI_0156-0219,train,train,train,0,0,0,0
DJI_0193_0_4.jpg,a6bcbfa9d60a2af2d9d814ee6c09ffbd161c15c88a94df490448115d9ca31ce3,DJI_0193,scene_03_DJI_0156-0219,train,train,train,0,0,0,0
DJI_0193_1_0.jpg,c34d3cf317c69be5dee1b88baec0bc4c341c8f8f2f07902c4d27605d3f840c0b,DJI_0193,scene_03_DJI_0156-0219,train,train,train,0,0,0,0
DJI_0193_1_1.jpg,de56fb5aab87e310364340fd8b2e1c0c33c62a6f3baced404b3ce75e258c3fa4,DJI_0193,scene_03_DJI_0156-0219,train,train,train,1,1,0,1
DJI_0193_1_2.jpg,2d71d76a04b0aea75fb565a6de0f75b52b70823d181789154e3803ea3c604381,DJI_0193,scene_03_DJI_0156-0219,train,train,train,0,0,0,0
DJI_0193_1_3.jpg,5f0722e3bd14d8eb43fd09be60a5a91d46ed3b687fca90fbe19d548bd92f000e,DJI_0193,scene_03_DJI_0156-0219,train,train,train,1,1,0,1
DJI_0193_1_4.jpg,823892f8718bd1ad3e232fab52dd39154196b061a01c41e7e9e5417a269c1c20,DJI_0193,scene_03_DJI_0156-0219,train,train,train,0,0,0,0
DJI_0194_0_0.jpg,1cbf7899421594a20d73f6ecb927615bba799fc241683525b3333d57a1e7afdd,DJI_0194,scene_03_DJI_0156-0219,train,train,train,0,0,0,0
DJI_0194_0_1.jpg,319f1c1086e6296417f3f551fd18952bfa5e0f0edd9b55e7ed87c9c98a96db75,DJI_0194,scene_03_DJI_0156-0219,train,train,train,0,0,0,0
DJI_0194_0_2.jpg,1c0638a2981a7f14a581b6daef929d51bf94a98eaa1bc0e3eb0ae1230d40a477,DJI_0194,scene_03_DJI_0156-0219,train,train,train,0,0,0,0
DJI_0194_0_3.jpg,b7386cfedd341ab3ee2bbeabb0147106d95f90f0dcca3e8693a124fa552cc2ef,DJI_0194,scene_03_DJI_0156-0219,train,train,train,0,0,0,0
DJI_0194_0_4.jpg,d917d8f271fc0af05b10b2392529892ccf3c05ecc3cc95a0318b42c98390707d,DJI_0194,scene_03_DJI_0156-0219,train,train,train,0,0,0,0
DJI_0194_1_0.jpg,4dc476be10c06f7351d393043261ff1af001745658fc4234b8e14409f46707de,DJI_0194,scene_03_DJI_0156-0219,train,train,train,0,0,0,0
DJI_0194_1_1.jpg,72887f6474f961822a2fface47b3064ddda4eb2ec412c542146ac6934bfd36ad,DJI_0194,scene_03_DJI_0156-0219,train,train,train,1,1,0,1
DJI_0194_1_2.jpg,182fbe22400418a4cfa0cfcd3c724109dbf13740c05df4c2c4f6cb9c41960679,DJI_0194,scene_03_DJI_0156-0219,train,train,train,0,0,0,0
DJI_0194_1_3.jpg,ef65bd55f42863422d1143c45d1d4ec225ef8f33b1c375a75ee1860165158aff,DJI_0194,scene_03_DJI_0156-0219,train,train,train,0,0,0,0
DJI_0194_1_4.jpg,cc2b3fa3b3f9d00b98300dfb83803f18ba5137b675e8249ec500dff4bae98794,DJI_0194,scene_03_DJI_0156-0219,train,train,train,1,1,0,1
DJI_0195_0_0.jpg,4be45fcae365a919bd0f5cdc7607cab20d53c028802720652091603c6c0f0d00,DJI_0195,scene_03_DJI_0156-0219,train,train,train,0,0,0,0
DJI_0195_0_1.jpg,90af014892561efb2107eb8e4b061df0ca26ba6a8f43eb245b95bcf4639c08dd,DJI_0195,scene_03_DJI_0156-0219,train,train,train,0,0,0,0
DJI_0195_0_2.jpg,54b7df2e12b3953b13a365477b3364c616325ce762ce82036c177c4538e8216c,DJI_0195,scene_03_DJI_0156-0219,train,train,train,0,0,0,0
DJI_0195_0_3.jpg,67f752f7c31bcfb0292961381f974946ad26d93735db2e7882822d49477389e0,DJI_0195,scene_03_DJI_0156-0219,train,train,train,0,0,0,0
DJI_0195_0_4.jpg,aadb5e7ac4d38bfa3cf791b8bf2acb87ea32c615e1bb57d798ab85f9711517db,DJI_0195,scene_03_DJI_0156-0219,train,train,train,0,0,0,0
DJI_0195_1_0.jpg,9c047d7aea86a5c4e0490f08794131bba7a2fee88040ba651cde2cd860e0297b,DJI_0195,scene_03_DJI_0156-0219,train,train,train,0,0,0,0
DJI_0195_1_1.jpg,f4dc61d1771bcf3faf9f519606f43152c7c99a83e809e4f77bf8eb7d506c4e5f,DJI_0195,scene_03_DJI_0156-0219,train,train,train,0,0,0,0
DJI_0195_1_2.jpg,55751d8210313945816d3a96cc66d5de6559d2432d4c1d288ad0483145e60ccf,DJI_0195,scene_03_DJI_0156-0219,train,train,train,1,1,0,1
DJI_0195_1_3.jpg,097cf3a9bd02705962f4ee786bf92c5be38ab3a3262f78ca4bf24fdeff1bbc2c,DJI_0195,scene_03_DJI_0156-0219,train,train,train,0,0,0,0
DJI_0195_1_4.jpg,e072bea1a4633e11a3783057d0808a9ad09141c138d719078ca7544474373a48,DJI_0195,scene_03_DJI_0156-0219,train,train,train,1,1,0,1
DJI_0196_0_0.jpg,aa384d6da6643124df40bce0292e9f909cbf72377a392c0d082f925ecd07b1b1,DJI_0196,scene_03_DJI_0156-0219,train,train,train,0,0,0,0
DJI_0196_0_1.jpg,6b31d208b781c8c77ec50b54a7eb1191245160351601cb74ddbf558393709eaf,DJI_0196,scene_03_DJI_0156-0219,train,train,train,0,0,0,0
DJI_0196_0_2.jpg,682126b1043e5f35c2ad35c92a0672ea924c5b3903732e074a3ba3454a6138be,DJI_0196,scene_03_DJI_0156-0219,train,train,train,0,0,0,0
DJI_0196_0_3.jpg,58a11ce0376d2409232da7a948665b02c20d954bfc68ea03fee3e463936b07a2,DJI_0196,scene_03_DJI_0156-0219,train,train,train,0,0,0,0
DJI_0196_0_4.jpg,9366be2fe65616161bb6f5bb7f392a90ba5f9bafb2147e311d37e53acf01a97b,DJI_0196,scene_03_DJI_0156-0219,train,train,train,0,0,0,0
DJI_0196_1_0.jpg,59b6d7009434bb43b5d4eabf96a85d1cb8cd86851ba22d9eaede47692a6fcc98,DJI_0196,scene_03_DJI_0156-0219,train,train,train,0,0,0,0
DJI_0196_1_1.jpg,72dde22ed14c8c8cdff138c77588050b5b2f6a9b0cd99b6aa8f55be1ef05fd50,DJI_0196,scene_03_DJI_0156-0219,train,train,train,0,0,0,0
DJI_0196_1_2.jpg,9730a2e678fe05691fd8158b3fb28763e3099527ec6839017582da1d419c5c2d,DJI_0196,scene_03_DJI_0156-0219,train,train,train,1,1,0,1
DJI_0196_1_3.jpg,467dc05bb0d2606c914232bdf1e0e0dc73e8110b44055e31ae82980cef6e5157,DJI_0196,scene_03_DJI_0156-0219,train,train,train,0,0,0,0
DJI_0196_1_4.jpg,d344aaa7dd56a93fc5184975d94a53006cb6c44c91db1a342b2d99fb9f637221,DJI_0196,scene_03_DJI_0156-0219,train,train,train,1,1,0,1
DJI_0197_0_0.jpg,def6f1713bfd4ca6269112db3e476fb9fe73dfd9b849b90ab8720685d19f9b68,DJI_0197,scene_03_DJI_0156-0219,train,train,train,0,0,0,0
DJI_0197_0_1.jpg,1094b12a2362f9c0890922b34ccd322d9bc1d04625134e920baf4d3b70c684f9,DJI_0197,scene_03_DJI_0156-0219,train,train,train,0,0,0,0
DJI_0197_0_2.jpg,60a819a16105dada96a46b32ee184253a3fc684b3695a96bc52a00e9320ea8b9,DJI_0197,scene_03_DJI_0156-0219,train,train,train,0,0,0,0
DJI_0197_0_3.jpg,039b8cd0cc81067b18c51d5077c4ce6013585e8489ae052eca701a9232442117,DJI_0197,scene_03_DJI_0156-0219,train,train,train,0,0,0,0
DJI_0197_0_4.jpg,dc15af06e4e24405af174b458beb0c675ac2c8527916eb68e2e65df899b90d5c,DJI_0197,scene_03_DJI_0156-0219,train,train,train,0,0,0,0
DJI_0197_1_0.jpg,897ad238dd25c4ecdb0abedf05dcd49a1fa81b843ec120c3ac7310a60175fa4c,DJI_0197,scene_03_DJI_0156-0219,train,train,train,0,0,0,0
DJI_0197_1_1.jpg,2123af5ee428db96986bd236946bfd29118114ae2784f03380ae860337d0786c,DJI_0197,scene_03_DJI_0156-0219,train,train,train,1,1,0,1
DJI_0197_1_2.jpg,b19cac6fd5001cf6d27a2c3b6905479812b9986788cb6a8bc339e2b9d2c82187,DJI_0197,scene_03_DJI_0156-0219,train,train,train,1,1,0,1
DJI_0197_1_3.jpg,774fe84ac0a7706f59f34a31748f40c4e1ee960aba08ecd5d955ccc4a38bcc88,DJI_0197,scene_03_DJI_0156-0219,train,train,train,0,0,0,0
DJI_0197_1_4.jpg,581b19188191721873e331d44fa3b9115e2797c79ceab2eae42eb321a351c2fc,DJI_0197,scene_03_DJI_0156-0219,train,train,train,1,1,0,1
DJI_0198_0_0.jpg,10a86baa4b73d60ebbf9c5c0d85a8366b999de55513e90f46f1707179aa325ff,DJI_0198,scene_03_DJI_0156-0219,train,train,train,0,0,0,0
DJI_0198_0_1.jpg,55fad1929b171ec05664043b46729b569b64812d83be9ac6d63b133ed42a56a0,DJI_0198,scene_03_DJI_0156-0219,train,train,train,0,0,0,0
DJI_0198_0_2.jpg,5fba939a0f4fe363d3a50d800a304ad73c2224fdfb9f43222718852793e08b0f,DJI_0198,scene_03_DJI_0156-0219,train,train,train,0,0,0,0
DJI_0198_0_3.jpg,7e68314bcdae33fdd183bea9100861bffad4b5be5a423852de11ec7504f7b930,DJI_0198,scene_03_DJI_0156-0219,train,train,train,0,0,0,0
DJI_0198_0_4.jpg,d0ca4b62ce7b9a6c0482d3e4a69af9b37f74382d6c6060cc7832719563d3e028,DJI_0198,scene_03_DJI_0156-0219,train,train,train,0,0,0,0
DJI_0198_1_0.jpg,873541d8e65ba45fd34dabbc30552434166dbba722cdea6de96276525fb1a3cd,DJI_0198,scene_03_DJI_0156-0219,train,train,train,0,0,0,0
DJI_0198_1_1.jpg,1b4d7b35a9c0022bc2714586ed37579dbae5f859025551b7e59d6ed3937ce464,DJI_0198,scene_03_DJI_0156-0219,train,train,train,1,1,0,1
DJI_0198_1_2.jpg,24bd9d1bc2791cab5b0b3c0832ae2ca097d9f72ee2bf64d2606b0178a7a0f2f7,DJI_0198,scene_03_DJI_0156-0219,train,train,train,0,0,0,0
DJI_0198_1_3.jpg,d83feff94d8129d0d10df3e147401a0073af00d474ad199aa2b73470e5708b63,DJI_0198,scene_03_DJI_0156-0219,train,train,train,1,1,0,1
DJI_0198_1_4.jpg,6e666d97a97da58d161daac1785e9a8d6bc00043e9e6de14bbd4db08271fb542,DJI_0198,scene_03_DJI_0156-0219,train,train,train,0,0,0,0
DJI_0199_0_0.jpg,77d66f2234afb1fc2bb91befd0f1efd91b6af2437421ac6ac2f1014d642066ca,DJI_0199,scene_03_DJI_0156-0219,train,train,train,0,0,0,0
DJI_0199_0_1.jpg,89702f05a89cc0a30e2e56e8084736ac44c222ca61f9e7c40d31aca2ea459775,DJI_0199,scene_03_DJI_0156-0219,train,train,train,0,0,0,0
DJI_0199_0_2.jpg,bd5ca44230acb25c3d20ce5721790bc7f5d74303ff7a88d2682bc9c156d1287c,DJI_0199,scene_03_DJI_0156-0219,train,train,train,0,0,0,0
DJI_0199_0_3.jpg,ebbd0382142b4589ce7b8891b8ec4f4309fd3e40d15e1a1fd65cce1fbcef48ed,DJI_0199,scene_03_DJI_0156-0219,train,train,train,0,0,0,0
DJI_0199_0_4.jpg,783bec3bd441a75453e9a445c8c18912bad938b7b0a98950f85e8d0fab7882fd,DJI_0199,scene_03_DJI_0156-0219,train,train,train,0,0,0,0
DJI_0199_1_0.jpg,0f80ea20a54ff9ac8494f18f1658ae4f750944733a12a10cd73d32da24b8a2c8,DJI_0199,scene_03_DJI_0156-0219,train,train,train,0,0,0,0
DJI_0199_1_1.jpg,26a65d56d96cc0334230e990722c36ad81c6ab0c789e7a15c4995ece064cebe3,DJI_0199,scene_03_DJI_0156-0219,train,train,train,1,1,0,1
DJI_0199_1_2.jpg,053a2dcf0c0603f4809470b4d6c64c8e7067bb51fed83ca053d52839455cebc5,DJI_0199,scene_03_DJI_0156-0219,train,train,train,0,0,0,0
DJI_0199_1_3.jpg,65c31b064d5419e9eab658be8ef95815b71f98a5e9e9905a04ed49dcfdd54810,DJI_0199,scene_03_DJI_0156-0219,train,train,train,1,1,0,1
DJI_0199_1_4.jpg,40e017aebffa90f2d621a420e57409e3e1e4f690e3508c0f438f1d72c1615ddc,DJI_0199,scene_03_DJI_0156-0219,train,train,train,0,0,0,0
DJI_0200_0_0.jpg,321bb117f69d267ef4f600f8299c79ca37d4424ff268c9e4a72d1d9c00fd3cac,DJI_0200,scene_03_DJI_0156-0219,train,train,train,0,0,0,0
DJI_0200_0_1.jpg,12a6a1e9e925f8e3e8b63f7a72425595a38f2d5369d9bbc45d984e0dc927d3fd,DJI_0200,scene_03_DJI_0156-0219,train,train,train,0,0,0,0
DJI_0200_0_2.jpg,7e7b9f19ab64085206f1f69be62d78e8bafb057dba9599add336cc6ca1da8ec4,DJI_0200,scene_03_DJI_0156-0219,train,train,train,1,1,0,1
DJI_0200_0_3.jpg,419ec378efabef3f2e961be725fb691c94259a646d9cd78c70415dafdfdf0606,DJI_0200,scene_03_DJI_0156-0219,train,train,train,1,0,1,0
DJI_0200_0_4.jpg,a4511e26ef2a9c67bbce419447b1366dadfa649fb1a4732be24f21538d077e13,DJI_0200,scene_03_DJI_0156-0219,train,train,train,0,0,0,0
DJI_0200_1_0.jpg,d5766e328a244fd517ec21469b874417b8eeacbd91f0db94302b9cb9913b9c8a,DJI_0200,scene_03_DJI_0156-0219,train,train,train,0,0,0,0
DJI_0200_1_1.jpg,7dc1fb1c63764e2864f2aba98e08f4bb070694c92ff6fbeb6b6dcc8e982006e3,DJI_0200,scene_03_DJI_0156-0219,train,train,train,1,1,0,1
DJI_0200_1_2.jpg,1c6bed334498eca00e62808e51b1064ff910a05bfd8bc8c72c116b266cde2df6,DJI_0200,scene_03_DJI_0156-0219,train,train,train,2,2,0,1
DJI_0200_1_3.jpg,f312f50a7a567688bb2353008aeed901e764a37374473b40ba7dfa1fc2eb138e,DJI_0200,scene_03_DJI_0156-0219,train,train,train,1,0,1,0
DJI_0200_1_4.jpg,7ef1453d5973634e24403a89b728be2ac614954666f62b96e2c60c925601b37b,DJI_0200,scene_03_DJI_0156-0219,train,train,train,0,0,0,0
DJI_0201_0_0.jpg,a31cdaa04b6f33b724064bdb995d1ecba2c0f01cc5612c7aaffc499458cbd662,DJI_0201,scene_03_DJI_0156-0219,train,train,train,0,0,0,0
DJI_0201_0_1.jpg,3c5a252f3e0242e187ff8299197371bc3f4557671382361d761fad011d78a95e,DJI_0201,scene_03_DJI_0156-0219,train,train,train,0,0,0,0
DJI_0201_0_2.jpg,080f586087918c0ce01f242c4c9996e4f3ea58eca7455954907caf6f4dfd7269,DJI_0201,scene_03_DJI_0156-0219,train,train,train,0,0,0,0
DJI_0201_0_3.jpg,4ec74193c8b7809cc490ae52a98d4ede4a51fb8469c2933ea1fe5ce11e8354f1,DJI_0201,scene_03_DJI_0156-0219,train,train,train,0,0,0,0
DJI_0201_0_4.jpg,2bed5a9f5d17a2ac0ba850b7e623a06c2f65f4409b37db7c4328736455ca58fb,DJI_0201,scene_03_DJI_0156-0219,train,train,train,0,0,0,0
DJI_0201_1_0.jpg,c9b1839f8440b3bbfde2ed88ab9cef9215530ac1ac9087a47c810b81f7198627,DJI_0201,scene_03_DJI_0156-0219,train,train,train,0,0,0,0
DJI_0201_1_1.jpg,9361155204a18e24e2feebaa02e01811e7eab0a01edc52216350a001813feb53,DJI_0201,scene_03_DJI_0156-0219,train,train,train,0,0,0,0
DJI_0201_1_2.jpg,a9447b171bfdc04b05eb385c469ba0a16298e43c439922cb63ab6e1a5eee34b2,DJI_0201,scene_03_DJI_0156-0219,train,train,train,1,1,0,1
DJI_0201_1_3.jpg,2bcda81fd4549e303abe0bc3bb76efeca227faf671d1074df12ef601c8b8d750,DJI_0201,scene_03_DJI_0156-0219,train,train,train,0,0,0,0
DJI_0201_1_4.jpg,5fd8cc7d625ecd30d44dad981812a10788ea2ec35a6be10cbdaea2863e77cae9,DJI_0201,scene_03_DJI_0156-0219,train,train,train,0,0,0,0
DJI_0202_0_0.jpg,9161bcfd2d36b28af974c0db1a12e1ac2da36e7fd580add99fe6c5a45248276a,DJI_0202,scene_03_DJI_0156-0219,train,train,train,0,0,0,0
DJI_0202_0_1.jpg,b20c2fb5b81554399162a62d4c5e3c2273a50e669eb8f31d8ac317bc92f7c3ef,DJI_0202,scene_03_DJI_0156-0219,train,train,train,0,0,0,0
DJI_0202_0_2.jpg,8576f4734033ee89b6be18a41125453700207be6eac703c8737a199c2dc11a14,DJI_0202,scene_03_DJI_0156-0219,train,train,train,2,2,0,1
DJI_0202_0_3.jpg,26d9f2bb06b89570dbcdd7efab72ad6052638db018c9f4231ca3ca29833e4569,DJI_0202,scene_03_DJI_0156-0219,train,train,train,0,0,0,0
DJI_0202_0_4.jpg,f7fd9ebd56aea6870958638d7eef081555d993cab7afe4d94cc3267303b8f383,DJI_0202,scene_03_DJI_0156-0219,train,train,train,0,0,0,0
DJI_0202_1_0.jpg,aada67a69ac4081e394e912bee4f3bc758a68842784980107da038193a01a427,DJI_0202,scene_03_DJI_0156-0219,train,train,train,0,0,0,0
DJI_0202_1_1.jpg,4046d0bb8165d9034600cbb27889e024d678a13d80b633f523acaf0395ca1dbb,DJI_0202,scene_03_DJI_0156-0219,train,train,train,0,0,0,0
DJI_0202_1_2.jpg,21a671fa02d8ae9e495bc3296335523a639eb3f661d12783e759596f3d36329f,DJI_0202,scene_03_DJI_0156-0219,train,train,train,1,1,0,1
DJI_0202_1_3.jpg,f47b7d57402b56d0446d469aef7b442a28afb36f552da3573fd6364896108260,DJI_0202,scene_03_DJI_0156-0219,train,train,train,0,0,0,0
DJI_0202_1_4.jpg,7e2e3f12a50940241700528676eff429b373c0e94d3bd7a997172ddb39a205a6,DJI_0202,scene_03_DJI_0156-0219,train,train,train,0,0,0,0
DJI_0203_0_0.jpg,a41621b9134a36459a104febe456147a9b7e8f4869e38216b98eec0c942ab3df,DJI_0203,scene_03_DJI_0156-0219,train,train,train,0,0,0,0
DJI_0203_0_1.jpg,4d2b3d4202739c97318b42ed47f88e4839b2b6337665c60cb42e3fab748b8ecc,DJI_0203,scene_03_DJI_0156-0219,train,train,train,0,0,0,0
DJI_0203_0_2.jpg,ed91d418d48aa51ea590bd9a05b382e0df1b82fad52b4be1c2ecf09c0f5f288c,DJI_0203,scene_03_DJI_0156-0219,train,train,train,2,2,0,1
DJI_0203_0_3.jpg,83bd2559d0bf2b553cda29a00c2ee6c3462e17fbdcf3bd0379bca8c06c6070a3,DJI_0203,scene_03_DJI_0156-0219,train,train,train,0,0,0,0
DJI_0203_0_4.jpg,92b517169200325081937924f3497f6355a9cc7130d7cfb9a59991b0c8fb2e76,DJI_0203,scene_03_DJI_0156-0219,train,train,train,0,0,0,0
DJI_0203_1_0.jpg,8403e951f420e7ab90a0b40d7ed13829ff1e7777743d6a340414fceb413aa0c4,DJI_0203,scene_03_DJI_0156-0219,train,train,train,0,0,0,0
DJI_0203_1_1.jpg,8b9759a2ed644e98d70a2547aad5c983902ce720997a926334932ac5f20361cd,DJI_0203,scene_03_DJI_0156-0219,train,train,train,0,0,0,0
DJI_0203_1_2.jpg,a3cedb4906e76f31cf31562b1868ea97bd01f55ea347bceb58bf6d082e1756f0,DJI_0203,scene_03_DJI_0156-0219,train,train,train,1,1,0,1
DJI_0203_1_3.jpg,dbc36d1541efc04c7329748c16aee4742f86a3fee1e26bd614a3d2a4aad9ac65,DJI_0203,scene_03_DJI_0156-0219,train,train,train,0,0,0,0
DJI_0203_1_4.jpg,79cb383ab20352eb49246b816873742a43cb0d4adce9735cf457dcdc270d0de2,DJI_0203,scene_03_DJI_0156-0219,train,train,train,0,0,0,0
DJI_0204_0_0.jpg,ed8fc50af68ac30cd049dd11329bbc0f0bf1e4387aa6ecd385965c01d86a6a12,DJI_0204,scene_03_DJI_0156-0219,train,train,train,0,0,0,0
DJI_0204_0_1.jpg,8a0294116f19b27726e318c50ee2239cabcdf8c3d19dabf3e0eda5dc05fea518,DJI_0204,scene_03_DJI_0156-0219,train,train,train,0,0,0,0
DJI_0204_0_2.jpg,08c0f8ac6a098593707ed9fb72e7cf04bc645243c8ac97a9e346336e5f78ce25,DJI_0204,scene_03_DJI_0156-0219,train,train,train,1,1,0,1
DJI_0204_0_3.jpg,a94102faca8f7bcb0a1b53b01b6fa3275e1873a5d485a0da226313b1db71f6de,DJI_0204,scene_03_DJI_0156-0219,train,train,train,0,0,0,0
DJI_0204_0_4.jpg,534ce4c4775dd5e53980fa6f41f2e771d8009ff51016ffac127d6af43edcbbea,DJI_0204,scene_03_DJI_0156-0219,train,train,train,0,0,0,0
DJI_0204_1_0.jpg,16f68c6ea7bb3ab6b04f9bf53582c808c3f73293599147703726824782a7aa6a,DJI_0204,scene_03_DJI_0156-0219,train,train,train,0,0,0,0
DJI_0204_1_1.jpg,dbe28ede74a296b76119fa60f2504d998ba8284c2ada54067c9e1060f927caa1,DJI_0204,scene_03_DJI_0156-0219,train,train,train,0,0,0,0
DJI_0204_1_2.jpg,f47375ecb3aa50c461a9f2bfc3299001c95169fe75ef8c22dd4e97da8ec6365f,DJI_0204,scene_03_DJI_0156-0219,train,train,train,6,6,0,1
DJI_0204_1_3.jpg,98f227e4c2077af0ceb28f262ca4802042d16faf581be90496614a16ed7b38d9,DJI_0204,scene_03_DJI_0156-0219,train,train,train,0,0,0,0
DJI_0204_1_4.jpg,7de767624b9434d1346db8e8ad8cac7b5b6da4d946e800fc7d9dbf8b37d6d9dd,DJI_0204,scene_03_DJI_0156-0219,train,train,train,0,0,0,0
DJI_0205_0_0.jpg,bcdf19e4f13f9ca3c8f98199d5d21835ef4d75c772d3770ca9359f51c5e9b969,DJI_0205,scene_03_DJI_0156-0219,train,train,train,0,0,0,0
DJI_0205_0_1.jpg,0ac104e22a58e4af8c0f5a6e2dc0f9b82b203fc6fa5e6bc76bf122134fe0fc06,DJI_0205,scene_03_DJI_0156-0219,train,train,train,0,0,0,0
DJI_0205_0_2.jpg,7908f8f350091e8483a2f664adf31776a677ace2e4896ffbe668a6690d6c517e,DJI_0205,scene_03_DJI_0156-0219,train,train,train,0,0,0,0
DJI_0205_0_3.jpg,e62cd7cc0da4ff8c8dca78e8a711109cea37331588396f1bde0081d05e5026db,DJI_0205,scene_03_DJI_0156-0219,train,train,train,0,0,0,0
DJI_0205_0_4.jpg,cc1b523c7974cec79432d5b8f11949742ce3edf936a182bfda8edb23d906d9c5,DJI_0205,scene_03_DJI_0156-0219,train,train,train,0,0,0,0
DJI_0205_1_0.jpg,dedeaa18abcbb340bdb1e1413289fdc6d1af532efaea05cae24ffe61762d2c3c,DJI_0205,scene_03_DJI_0156-0219,train,train,train,0,0,0,0
DJI_0205_1_1.jpg,b48518e623f460387b8377732c417dba8b9e849b25ee3d337bf9883399fae48b,DJI_0205,scene_03_DJI_0156-0219,train,train,train,0,0,0,0
DJI_0205_1_2.jpg,9ce3a6da26db58fa5976936adcbca2bcff0b54ac4202e792825ed22af5481293,DJI_0205,scene_03_DJI_0156-0219,train,train,train,7,7,0,1
DJI_0205_1_3.jpg,583db5f0cf896a01f12426a7da3c6eba3ae6cfb2252c59dc626a0c7ff708a272,DJI_0205,scene_03_DJI_0156-0219,train,train,train,0,0,0,0
DJI_0205_1_4.jpg,40d89b449367d83e1895b5ead43f2a9e78da7bcb80bbd1cc297b804a96c5a58b,DJI_0205,scene_03_DJI_0156-0219,train,train,train,0,0,0,0
DJI_0206_0_0.jpg,dada0b10d2716911869c19f48f7196ffe54365b42a04b5e0f1e9137c03841e46,DJI_0206,scene_03_DJI_0156-0219,train,train,train,0,0,0,0
DJI_0206_0_1.jpg,f13b25cf5b7a79928ad019786810740849ca3c7d2ce35dfd28b3981b890fb207,DJI_0206,scene_03_DJI_0156-0219,train,train,train,0,0,0,0
DJI_0206_0_2.jpg,e14da95f8a9db14f149d3a7365b5b2783dcf1409937493f17dabe29339701c92,DJI_0206,scene_03_DJI_0156-0219,train,train,train,2,2,0,1
DJI_0206_0_3.jpg,682143b70b2d5ff1e3dff7a90eb48e44dc5bc5f7e3a480fa9b1b6ccbe50bbb3e,DJI_0206,scene_03_DJI_0156-0219,train,train,train,0,0,0,0
DJI_0206_0_4.jpg,0efabb5b4cbd5a2209596c9408a1112d1100656da0232e8062ce23757caf926d,DJI_0206,scene_03_DJI_0156-0219,train,train,train,0,0,0,0
DJI_0206_1_0.jpg,e3c34c545f15c9f4163f0e3e63dc35233aab98c100462067574dcf1515dec9d8,DJI_0206,scene_03_DJI_0156-0219,train,train,train,0,0,0,0
DJI_0206_1_1.jpg,0f0e893de6aafef3cd6dbfdefc3cc002768037ff0b4ecdb4fa565fe4095863a7,DJI_0206,scene_03_DJI_0156-0219,train,train,train,0,0,0,0
DJI_0206_1_2.jpg,a6fb98c18ef3a8229bbc48c8c8ceefa95e8622c84faab186de2c0c4184061eaa,DJI_0206,scene_03_DJI_0156-0219,train,train,train,3,3,0,1
DJI_0206_1_3.jpg,f69a6404fc9fc9bca5871a0d2616af1c400493324f8b0b6681e30fa9d1db771d,DJI_0206,scene_03_DJI_0156-0219,train,train,train,0,0,0,0
DJI_0206_1_4.jpg,04a68b739901febfac2adb976b1cf7a5e4ca864535779485a345916f26f9a2c2,DJI_0206,scene_03_DJI_0156-0219,train,train,train,0,0,0,0
DJI_0207_0_0.jpg,233389a725aa3989d302aa670c520ff773cdc4721276fb276eb7f37793455a13,DJI_0207,scene_03_DJI_0156-0219,train,train,train,0,0,0,0
DJI_0207_0_1.jpg,d5d8b6acf1c28da5f9173f142f8a405476eca5978f261bf5063e94b60dc597ae,DJI_0207,scene_03_DJI_0156-0219,train,train,train,0,0,0,0
DJI_0207_0_2.jpg,137d896ae82d07cdc4f0f8c5b69ac02c0cf613b73f11f36b664f0c4576d88364,DJI_0207,scene_03_DJI_0156-0219,train,train,train,0,0,0,0
DJI_0207_0_3.jpg,7f14691c135131f2fa959aa215f098262c61a32e64a8301c8ec04f27eb0ceb0d,DJI_0207,scene_03_DJI_0156-0219,train,train,train,0,0,0,0
DJI_0207_0_4.jpg,2a70559000346308afddeadfd7cb9b37f50eccdaeaeaf06f686c5a12960f3d3e,DJI_0207,scene_03_DJI_0156-0219,train,train,train,0,0,0,0
DJI_0207_1_0.jpg,3889e6eb7152cc23b0e52f30e88a8e3e930ec2b9a211a9516e16e8632b515242,DJI_0207,scene_03_DJI_0156-0219,train,train,train,0,0,0,0
DJI_0207_1_1.jpg,35a6e8fdf5c03bbf7f669e35098ad0e57ac7374656b7ba9a766b002f1d500091,DJI_0207,scene_03_DJI_0156-0219,train,train,train,0,0,0,0
DJI_0207_1_2.jpg,223894b4fcd7545e44648ddaac4dbb0b2aa02b17ca5cbc4bbe6dce5a0d6217e5,DJI_0207,scene_03_DJI_0156-0219,train,train,train,1,1,0,1
DJI_0207_1_3.jpg,c6c230991f96d16f3a7882d5cadb989c399f1a98fa052c64567f9b57e4040090,DJI_0207,scene_03_DJI_0156-0219,train,train,train,0,0,0,0
DJI_0207_1_4.jpg,c6502af37a7ff283a2370374c72ee15a0e933def633318ce9d6665a9346ee2da,DJI_0207,scene_03_DJI_0156-0219,train,train,train,0,0,0,0
DJI_0208_0_0.jpg,a7945de969ddbfcbcd32717622648f60869d132774f6f673fb12bb36d83aa3c2,DJI_0208,scene_03_DJI_0156-0219,train,train,train,0,0,0,0
DJI_0208_0_1.jpg,7dbd62e33d132f07aa0cdcbb3eb201e6a20b9f3ea9d14c72569b44c6b5e7bdbc,DJI_0208,scene_03_DJI_0156-0219,train,train,train,0,0,0,0
DJI_0208_0_2.jpg,5584d9483a3a3010cbdc969ed890a6ed1381ae9a399f1f0527e421bcf6e74240,DJI_0208,scene_03_DJI_0156-0219,train,train,train,0,0,0,0
DJI_0208_0_3.jpg,1892551a2538512ba74381a870afe7299efce7a8b78143dc984c5fc1634567d5,DJI_0208,scene_03_DJI_0156-0219,train,train,train,1,1,0,1
DJI_0208_0_4.jpg,a7cac7f32c54ff8a007c81e8f7573631eceb8c4b46b5fd3f15d9c394c5284081,DJI_0208,scene_03_DJI_0156-0219,train,train,train,0,0,0,0
DJI_0208_1_0.jpg,909cdeab5f60c8a743d47f2b1a54eef6decefb1c570ee0baeb96fcaecf1b801f,DJI_0208,scene_03_DJI_0156-0219,train,train,train,0,0,0,0
DJI_0208_1_1.jpg,3266ce53cf0ecd905a9b9195a500cbd5c9e8dce3b49be335ab99e164182b7413,DJI_0208,scene_03_DJI_0156-0219,train,train,train,0,0,0,0
DJI_0208_1_2.jpg,fdfac6a55576d82c43e34a797d2f4398f0d2c2a9fc1962cef4774899b441fb9f,DJI_0208,scene_03_DJI_0156-0219,train,train,train,0,0,0,0
DJI_0208_1_3.jpg,49a34c5c9f380863475036c6faf84496280621d09f2d421bc3e7c3643fb81fd9,DJI_0208,scene_03_DJI_0156-0219,train,train,train,2,2,0,1
DJI_0208_1_4.jpg,a5f3abb37714033a313a49b9849e0e565b2826d4d7780d3259c7e6f9c21e708f,DJI_0208,scene_03_DJI_0156-0219,train,train,train,0,0,0,0
DJI_0209_0_0.jpg,03d3467f1e5959b94a9f5f67fcb392203117e0c29a117eb50572a48679738e09,DJI_0209,scene_03_DJI_0156-0219,train,train,train,0,0,0,0
DJI_0209_0_1.jpg,5583912ea012a8c2b076b948c07dac68c316f06d8ae9a0207d30696257dd1f9f,DJI_0209,scene_03_DJI_0156-0219,train,train,train,0,0,0,0
DJI_0209_0_2.jpg,b3c9a30b9072983aac295c0324f4dcd78501f19c5b753241a0cc6765bd63f5ad,DJI_0209,scene_03_DJI_0156-0219,train,train,train,0,0,0,0
DJI_0209_0_3.jpg,ebe66827c2cc00623dcf522590247b85b1b55a37ded073640fe8797290239b32,DJI_0209,scene_03_DJI_0156-0219,train,train,train,0,0,0,0
DJI_0209_0_4.jpg,1ae41b5a40b45152ac7946b241267594b1cd3e1983d9f662e1fe5f52d079c5ee,DJI_0209,scene_03_DJI_0156-0219,train,train,train,0,0,0,0
DJI_0209_1_0.jpg,1819e84c2c7f8de92561088b7d7676f5ce519dbff3538c661ecd1a7071b0214b,DJI_0209,scene_03_DJI_0156-0219,train,train,train,0,0,0,0
DJI_0209_1_1.jpg,76999e5f660803f98b51c7c6a6c27dc8f9c57b48874d462feb766012ab1f0fc7,DJI_0209,scene_03_DJI_0156-0219,train,train,train,0,0,0,0
DJI_0209_1_2.jpg,173592163bfa832bfcd060cd2681d87440c1f0325da4eeb145e92855be80df75,DJI_0209,scene_03_DJI_0156-0219,train,train,train,0,0,0,0
DJI_0209_1_3.jpg,d22409a102f4e8cfe6b7e08c6d11914fe87ec756b04e7cc35a899c76c8612f07,DJI_0209,scene_03_DJI_0156-0219,train,train,train,1,1,0,1
DJI_0209_1_4.jpg,e0fdfeed9543a11571b60eea09a3a448c0dc07ede6487cfbca86eab91055558c,DJI_0209,scene_03_DJI_0156-0219,train,train,train,0,0,0,0
DJI_0210_0_0.jpg,43abe3582c4d371b531a21826b4f569d6c0f8ecc6612bbf45856ae78d3d67d39,DJI_0210,scene_03_DJI_0156-0219,train,train,train,0,0,0,0
DJI_0210_0_1.jpg,3e05642c6870644afd8078b35db1e992aacee8d22f16ccaee706840b6c50ed5d,DJI_0210,scene_03_DJI_0156-0219,train,train,train,0,0,0,0
DJI_0210_0_2.jpg,af1df7d21a92aeda9a3cdee89214855dd10af4392c83b224078d3208dc64649e,DJI_0210,scene_03_DJI_0156-0219,train,train,train,2,2,0,1
DJI_0210_0_3.jpg,4c8578cc53a78af1f0cafa1c6b0969b010ce6e8975b16f62e33f5ebade1f7eab,DJI_0210,scene_03_DJI_0156-0219,train,train,train,0,0,0,0
DJI_0210_0_4.jpg,92b8f3c640b0e5c61c39bc3f754e1601d6a4ed1920a5a0c32be1b160e30255fe,DJI_0210,scene_03_DJI_0156-0219,train,train,train,0,0,0,0
DJI_0210_1_0.jpg,5805f3bd4f88fdad8d5717ca8ee37dd27ad6129175dc26aca0e6eb8fcd709e87,DJI_0210,scene_03_DJI_0156-0219,train,train,train,0,0,0,0
DJI_0210_1_1.jpg,46cd502f4e6c754a716eff34a2829bcead1c01056eaf10821336c178993335f2,DJI_0210,scene_03_DJI_0156-0219,train,train,train,0,0,0,0
DJI_0210_1_2.jpg,09c9949488f0a3635a36e6acbfbfa4fb1d490e2771d1a8695617f44be81ce0cb,DJI_0210,scene_03_DJI_0156-0219,train,train,train,0,0,0,0
DJI_0210_1_3.jpg,c47354c3b42c5296bc413bd9c16eeef6664f23c0adb89b2b38b45bca751a8c8a,DJI_0210,scene_03_DJI_0156-0219,train,train,train,0,0,0,0
DJI_0210_1_4.jpg,64ea99d8c37d35fccea6a191ab8f705c4e8181ace8b9a15a5137319d8abf9a4f,DJI_0210,scene_03_DJI_0156-0219,train,train,train,0,0,0,0
DJI_0211_0_0.jpg,e8679eb072d2d5e7e575f0208a45c50e1b00fe494a117144f4b7baadc67f9ec8,DJI_0211,scene_03_DJI_0156-0219,train,train,train,0,0,0,0
DJI_0211_0_1.jpg,98af9c6484878772b4b83452d1c32f77744831b45ec073737d202f9ed0751ffc,DJI_0211,scene_03_DJI_0156-0219,train,train,train,0,0,0,0
DJI_0211_0_2.jpg,cf4d1d351087764753505cfd532f2ce383ae87b80b496a655a2387df66a95cc1,DJI_0211,scene_03_DJI_0156-0219,train,train,train,3,3,0,1
DJI_0211_0_3.jpg,12a25f11a69484052c26922cb7ee7e3c0ef51c55239012e425b9048fc917db7d,DJI_0211,scene_03_DJI_0156-0219,train,train,train,0,0,0,0
DJI_0211_0_4.jpg,6449e75c010306e85421a2fb1dd79b4f927df791b950a28c374085ee4594e319,DJI_0211,scene_03_DJI_0156-0219,train,train,train,0,0,0,0
DJI_0211_1_0.jpg,6cfb16226f621068683e69c017daec71307cbf9bf7ec7d7579bbb59a0be91cb9,DJI_0211,scene_03_DJI_0156-0219,train,train,train,0,0,0,0
DJI_0211_1_1.jpg,3d263f5546c0d666fd200e57706355b2dba47f964619918825a88ae03c8eb72a,DJI_0211,scene_03_DJI_0156-0219,train,train,train,0,0,0,0
DJI_0211_1_2.jpg,043a42ecd6769bc48c3aac3d5ed2ee12c850c51a686081046b5e45fcd8b9c7b3,DJI_0211,scene_03_DJI_0156-0219,train,train,train,0,0,0,0
DJI_0211_1_3.jpg,71de74cc05b971355faf03d55e6e19328d4524238248935218c03007a2934e13,DJI_0211,scene_03_DJI_0156-0219,train,train,train,0,0,0,0
DJI_0211_1_4.jpg,bfa690b24a2dfa8c6bf829bfea387c5f952a40a848c1db11a4927cc2af9bd83d,DJI_0211,scene_03_DJI_0156-0219,train,train,train,0,0,0,0
DJI_0212_0_0.jpg,458f437f74c91df55e6138000ad46321a12453c53ac11a24638ef170733d1915,DJI_0212,scene_03_DJI_0156-0219,train,train,train,0,0,0,0
DJI_0212_0_1.jpg,efff3a5090ecb5dd5aff0ccaf4c51993c7bb869ba30470ebbf3a1622bbdc222b,DJI_0212,scene_03_DJI_0156-0219,train,train,train,0,0,0,0
DJI_0212_0_2.jpg,76ebd5427b93d56020230741029a296e9421cc347954aa0fad1fc87ffdae495f,DJI_0212,scene_03_DJI_0156-0219,train,train,train,2,2,0,1
DJI_0212_0_3.jpg,4ea874e9ca1b37cd8d3ba01eefa7833f6848f0a82d7acd2586f2f8fb1e45e3bb,DJI_0212,scene_03_DJI_0156-0219,train,train,train,0,0,0,0
DJI_0212_0_4.jpg,ee10a9faa87d226c7954640c09ca3068abbbaaada2f607d335593d2fec135b01,DJI_0212,scene_03_DJI_0156-0219,train,train,train,0,0,0,0
DJI_0212_1_0.jpg,f1c25065aea3a22d897ebb4864f1e25e90b7c39e13229b4012bd11d3f37fc5db,DJI_0212,scene_03_DJI_0156-0219,train,train,train,0,0,0,0
DJI_0212_1_1.jpg,a2689514d91fa596438e0b9d8699e4d2b6883113e9284d53a923980893264515,DJI_0212,scene_03_DJI_0156-0219,train,train,train,0,0,0,0
DJI_0212_1_2.jpg,7e311a80a12da93a41bdc526be617bcd317eb9470b2259a862481054b5d71434,DJI_0212,scene_03_DJI_0156-0219,train,train,train,2,2,0,1
DJI_0212_1_3.jpg,2e358d3b2144f1d48fc81a34160d3826e805e49ae9ac69858c81fdf245402552,DJI_0212,scene_03_DJI_0156-0219,train,train,train,0,0,0,0
DJI_0212_1_4.jpg,672dbb2af5f2f3daffb21bc18276590209d1432e962f199dc9c78ab34b51cece,DJI_0212,scene_03_DJI_0156-0219,train,train,train,0,0,0,0
DJI_0213_0_0.jpg,73b1c187c737459331d1d8f69dda9e1171f57c7eebe2b55da372f9efdbe3f620,DJI_0213,scene_03_DJI_0156-0219,train,train,train,0,0,0,0
DJI_0213_0_1.jpg,3dee2d188df5270339e8a104458ab84f15ed7ac82a00ba865ea75837da56baf7,DJI_0213,scene_03_DJI_0156-0219,train,train,train,0,0,0,0
DJI_0213_0_2.jpg,73bf8b1e50c9289aedae994f6d0fca58c6f2ef1402d074134c3d1c37629fe758,DJI_0213,scene_03_DJI_0156-0219,train,train,train,2,2,0,1
DJI_0213_0_3.jpg,d7901b21e12b325e8b3fce0379316bf1ff2cd8c7e706965ddf4fa46aebe9e73a,DJI_0213,scene_03_DJI_0156-0219,train,train,train,0,0,0,0
DJI_0213_0_4.jpg,e44e1d6441d6da293b5d9d4a6d5948a88806f01cf8b899c35738bdb2c7a2e614,DJI_0213,scene_03_DJI_0156-0219,train,train,train,0,0,0,0
DJI_0213_1_0.jpg,e431acfe2ceab09badb7c8241c69cf6ba4f7ea3cea3aba627848c454a2ba0bff,DJI_0213,scene_03_DJI_0156-0219,train,train,train,0,0,0,0
DJI_0213_1_1.jpg,7bb19eb5b351cdeb46042196b6d334e502728beb3b5fc7d6d20fe35e32d184b0,DJI_0213,scene_03_DJI_0156-0219,train,train,train,0,0,0,0
DJI_0213_1_2.jpg,b9ddfb307502f69d1390ea5705c5a02ac01259e8105697ad74e5e7dc9d4bd0f6,DJI_0213,scene_03_DJI_0156-0219,train,train,train,2,2,0,1
DJI_0213_1_3.jpg,0426528561dc8f3be937dae3c5b50390a147f70e66d746935394c6f2e35ae275,DJI_0213,scene_03_DJI_0156-0219,train,train,train,0,0,0,0
DJI_0213_1_4.jpg,d447ba9724919887d7875116625636b32035a05636638e1d95db94133958b8ed,DJI_0213,scene_03_DJI_0156-0219,train,train,train,0,0,0,0
DJI_0214_0_0.jpg,f365fa9936e466bcb60b3b76e94fa41c4f4876e3b794e5383b23802541f79b74,DJI_0214,scene_03_DJI_0156-0219,train,train,train,0,0,0,0
DJI_0214_0_1.jpg,3c8206f6e8bf38c373bbca67a6e3d00594164682b7f52ce074ac28786d51e970,DJI_0214,scene_03_DJI_0156-0219,train,train,train,0,0,0,0
DJI_0214_0_2.jpg,b267b6d703babb8d68d9d81b12413942ae7ea1af3685a0428ad4b229e4489db2,DJI_0214,scene_03_DJI_0156-0219,train,train,train,1,1,0,1
DJI_0214_0_3.jpg,2b8d612dac4fbfb48d7eb3c4431d0fc410aa6c18c053076b3eef4e25845c344f,DJI_0214,scene_03_DJI_0156-0219,train,train,train,0,0,0,0
DJI_0214_0_4.jpg,2b4da65eb7b1dda92bd2f77b642a03cfe6e6c5c2fc539c4420eeb50a1e4fb1d4,DJI_0214,scene_03_DJI_0156-0219,train,train,train,0,0,0,0
DJI_0214_1_0.jpg,a9cbd0ad732c826eccf8d4e1704212d57bbc913c5e0fdc61e492adcc0d7bf3fa,DJI_0214,scene_03_DJI_0156-0219,train,train,train,0,0,0,0
DJI_0214_1_1.jpg,9e3952788c6255b246283b97a6968f62d5f5be68b90a7954c0e05cee5df415c5,DJI_0214,scene_03_DJI_0156-0219,train,train,train,0,0,0,0
DJI_0214_1_2.jpg,1faee4f01b657ce9fda739b0ab2878f19bbb80ac15d573b0e3a70910c0dfb9fe,DJI_0214,scene_03_DJI_0156-0219,train,train,train,2,2,0,1
DJI_0214_1_3.jpg,7c6d5d6dcd8af45dbee996b4bac7bee75142b5eb587f9269cfc3e830f5a76326,DJI_0214,scene_03_DJI_0156-0219,train,train,train,0,0,0,0
DJI_0214_1_4.jpg,a451f92d7df0491c57a0600d4834e612dc52ba6fff3d1375ddfd5bf15dd5668a,DJI_0214,scene_03_DJI_0156-0219,train,train,train,0,0,0,0
DJI_0215_0_0.jpg,6f4043f4154f81f518b46037245a8ed1fbc09379f059ae1c528abf7dd72ba401,DJI_0215,scene_03_DJI_0156-0219,train,train,train,0,0,0,0
DJI_0215_0_1.jpg,a2e5207f539a69303a1ff6a867deba0635be139f5542025091ada7bb90ab7108,DJI_0215,scene_03_DJI_0156-0219,train,train,train,0,0,0,0
DJI_0215_0_2.jpg,bcce1f5826bc0f87cbb49ba781d4313b0b58c7b84c66a20f485e4904308acef1,DJI_0215,scene_03_DJI_0156-0219,train,train,train,0,0,0,0
DJI_0215_0_3.jpg,86c7f7377627e286c5026dc514a1da69565e5b7afac2f62429d1303b70cba395,DJI_0215,scene_03_DJI_0156-0219,train,train,train,0,0,0,0
DJI_0215_0_4.jpg,3d46fe8465b073931c1cfe260e908a26cc39ab3f9a9f8e783a59ddf63f6dac65,DJI_0215,scene_03_DJI_0156-0219,train,train,train,0,0,0,0
DJI_0215_1_0.jpg,a1778ac934ce312508202ad2536d6f84f4cc41148d111eef5e4919b0eca56d99,DJI_0215,scene_03_DJI_0156-0219,train,train,train,0,0,0,0
DJI_0215_1_1.jpg,1deb709b7b21776037eaa395e2a7c389107e376349a57e9efbbbfa82a56667ef,DJI_0215,scene_03_DJI_0156-0219,train,train,train,0,0,0,0
DJI_0215_1_2.jpg,c7c9d2f9c25491aa9f343799eadf12c765423612917d3a72790f52aaf7b92f50,DJI_0215,scene_03_DJI_0156-0219,train,train,train,1,1,0,1
DJI_0215_1_3.jpg,44e71882199bb32d79e6aa70ab592e14fb93372fbc6a0423f9f7e040707678b6,DJI_0215,scene_03_DJI_0156-0219,train,train,train,0,0,0,0
DJI_0215_1_4.jpg,dc37e8acb91830d17fd1f24aee0743f421c6efa7bf36dc8d91b8d9310d61d2ef,DJI_0215,scene_03_DJI_0156-0219,train,train,train,0,0,0,0
DJI_0216_0_0.jpg,1659319e20a6b570b91dd442707f0632fb5fe1ede71d0324a4bd5434dad553db,DJI_0216,scene_03_DJI_0156-0219,train,train,train,0,0,0,0
DJI_0216_0_1.jpg,4ac355112633930d3403174c604d6745078d945a727e75d18e559dd17692d236,DJI_0216,scene_03_DJI_0156-0219,train,train,train,0,0,0,0
DJI_0216_0_2.jpg,9401a360844bb36be1f11b98cd4b635daec52e4cea702a582aa0685f41b0f74b,DJI_0216,scene_03_DJI_0156-0219,train,train,train,0,0,0,0
DJI_0216_0_3.jpg,fc0776bb1bf2c6e9da46a33fc1243de3e75410f8a81a0f7de770b13cfeb777ba,DJI_0216,scene_03_DJI_0156-0219,train,train,train,0,0,0,0
DJI_0216_0_4.jpg,ce6ef7cb729c3483356402fdfa07f600f635729a158289c421bbcd0752ba8df5,DJI_0216,scene_03_DJI_0156-0219,train,train,train,0,0,0,0
DJI_0216_1_0.jpg,4007e8f7b5048e72abacb2340ea25ee2f30f8d3cd9ccb4d40f19c07e829f25bf,DJI_0216,scene_03_DJI_0156-0219,train,train,train,0,0,0,0
DJI_0216_1_1.jpg,380e25da6e95635b7c2a878f6757ba73c978ec79f0304ba5c3e721f27bbf9240,DJI_0216,scene_03_DJI_0156-0219,train,train,train,0,0,0,0
DJI_0216_1_2.jpg,0762f30a0c62870b3aff7adf4e84c1d490d1965e81921f9a33435c8379ecc7f7,DJI_0216,scene_03_DJI_0156-0219,train,train,train,1,1,0,1
DJI_0216_1_3.jpg,30a536cba56e1e396ed21dd47983e7988a856cda0e3efb702993e8cb9399cdf1,DJI_0216,scene_03_DJI_0156-0219,train,train,train,0,0,0,0
DJI_0216_1_4.jpg,76496ba26d53ec8a21d4167eb65a2a1ec07257fe5288680ab1e3777abf428e8d,DJI_0216,scene_03_DJI_0156-0219,train,train,train,0,0,0,0
DJI_0217_0_0.jpg,272a2b9abbe403ceaed1504de7fab955ed2866cc35239504ff9117b197084e68,DJI_0217,scene_03_DJI_0156-0219,train,train,train,0,0,0,0
DJI_0217_0_1.jpg,7550460204510e56af648a953f1557c9dc97087937fc2592f8dab9f3bebf1c27,DJI_0217,scene_03_DJI_0156-0219,train,train,train,0,0,0,0
DJI_0217_0_2.jpg,6b658d57a5d9f895ef7656c44fbf9c35d720cf1dd8d4d3f535a6c3e289f21cd2,DJI_0217,scene_03_DJI_0156-0219,train,train,train,0,0,0,0
DJI_0217_0_3.jpg,4cdad7b6c7d286360c06f4ab9d52b4cbbd86c4661f3d4627067ea20677cbf6f0,DJI_0217,scene_03_DJI_0156-0219,train,train,train,0,0,0,0
DJI_0217_0_4.jpg,6193f598bffdd5b91313aa209900e42290d920f2798a9541081307fffcef1717,DJI_0217,scene_03_DJI_0156-0219,train,train,train,0,0,0,0
DJI_0217_1_0.jpg,41421e0ad8238f25cd7c471adf9c51b7fa70d19a0564993cfc921768d6d6b887,DJI_0217,scene_03_DJI_0156-0219,train,train,train,0,0,0,0
DJI_0217_1_1.jpg,8b3cea375f4bfb9fedaf5893fb081f78330f4a3af2d280814a023e7f11133fb3,DJI_0217,scene_03_DJI_0156-0219,train,train,train,0,0,0,0
DJI_0217_1_2.jpg,fb12125789f9910eaebb480d9ee6b3ce3e409c94072070a0e115fbc5413adba3,DJI_0217,scene_03_DJI_0156-0219,train,train,train,0,0,0,0
DJI_0217_1_3.jpg,1f4963c8381ad4c13f386f859cd6be86e6a4739744caf3806fb8a5d0c7e5fcc2,DJI_0217,scene_03_DJI_0156-0219,train,train,train,0,0,0,0
DJI_0217_1_4.jpg,3f1f6e42b5f96ae556e834cab2f8d4108f88ae220b3bddbad7c4f0af66225747,DJI_0217,scene_03_DJI_0156-0219,train,train,train,0,0,0,0
DJI_0219_0_0.jpg,87e88b403075270b04b5fdb03472d1d78bd53280c2f801df313a69e4455fc470,DJI_0219,scene_03_DJI_0156-0219,train,train,train,0,0,0,0
DJI_0219_0_1.jpg,8f1edabbc4d70c7b1fe1af481cb44f40be8f23b3c8c1a3055d1db2a6a0312cd0,DJI_0219,scene_03_DJI_0156-0219,train,train,train,0,0,0,0
DJI_0219_0_2.jpg,e52a28a38902f969a2e4a941c6083a5a192d7adb6b4f123c1479ceecaa1a13e3,DJI_0219,scene_03_DJI_0156-0219,train,train,train,0,0,0,0
DJI_0219_0_3.jpg,a2db5a71a3203aabe42630b96dcfd3203f327a0ba1ccf6e8966a77fdd4020ee0,DJI_0219,scene_03_DJI_0156-0219,train,train,train,0,0,0,0
DJI_0219_0_4.jpg,039e4f8d55ff70648316a895d8f89c79017d3c233097ffe3f52733e2497b47eb,DJI_0219,scene_03_DJI_0156-0219,train,train,train,0,0,0,0
DJI_0219_1_0.jpg,0a60eb74428b6267134c1d7318dd9f98ea3c6bee05edd2e04d4e16156b55bf32,DJI_0219,scene_03_DJI_0156-0219,train,train,train,0,0,0,0
DJI_0219_1_1.jpg,500690f1fa0ea95ea0b544b038a5927f5ae0c569afac2472d884d1d8b334f466,DJI_0219,scene_03_DJI_0156-0219,train,train,train,0,0,0,0
DJI_0219_1_2.jpg,ca5372e1b0ed6147f0054528c4bd34f8ffd255aefde29c899331d597eb036cff,DJI_0219,scene_03_DJI_0156-0219,train,train,train,0,0,0,0
DJI_0219_1_3.jpg,c0a4695ba60a825784657ccc3f2ce9196bfc631b1808f80b6b71411d51dc4beb,DJI_0219,scene_03_DJI_0156-0219,train,train,train,0,0,0,0
DJI_0219_1_4.jpg,3b57611e7bfd84a7bf2dfe13e71e5e6ea402c626664fe16bb289af59c32486e7,DJI_0219,scene_03_DJI_0156-0219,train,train,train,0,0,0,0
DJI_0357_0_0.jpg,58cc2447cc9c9f77f55309df8f0158e7124a7b22c7764e2570fcad3f45b8b4e2,DJI_0357,scene_06_DJI_0357-0361,train,id_val,val,0,0,0,0
DJI_0357_0_1.jpg,34b6059e78e6cfaff7f4467a1700060425fad5e02e80a352e592d999cda7f68e,DJI_0357,scene_06_DJI_0357-0361,train,id_val,val,0,0,0,0
DJI_0357_0_2.jpg,ed634aecc9fc00aaa3fd308a830e56e83f3ada572b0d36d3424020fcbc561369,DJI_0357,scene_06_DJI_0357-0361,train,id_val,val,0,0,0,0
DJI_0357_0_3.jpg,f5e9f86125d49fe3895cdac95f2352296d060077c3e619ef25fb535494dfa29c,DJI_0357,scene_06_DJI_0357-0361,train,id_val,val,1,1,0,1
DJI_0357_0_4.jpg,3907090d5f30477d7e9628045f740e4048c2033fc9001bff98c4f49481946fea,DJI_0357,scene_06_DJI_0357-0361,train,id_val,val,0,0,0,0
DJI_0357_1_0.jpg,6b0d64d4bc7a99f247d283e57d087cfd68bb74c5ef91e7880cd86f1b959bed7a,DJI_0357,scene_06_DJI_0357-0361,train,id_val,val,0,0,0,0
DJI_0357_1_1.jpg,bd42f0672cbd526b204c46abfac486ffe5a7f05a0ce84b037b59ba41c4ab3ef6,DJI_0357,scene_06_DJI_0357-0361,train,id_val,val,0,0,0,0
DJI_0357_1_2.jpg,e771e4b525d4fc1745084b8eee542ea2edaacc010da32bce7293c4362d04c3d1,DJI_0357,scene_06_DJI_0357-0361,train,id_val,val,0,0,0,0
DJI_0357_1_3.jpg,1f6d558f851f4213aaa03ab3faa3316ee7987f99a4f6766a1e4ef7dacd733d90,DJI_0357,scene_06_DJI_0357-0361,train,id_val,val,0,0,0,0
DJI_0357_1_4.jpg,7433513d446f85f3a46d9277f70d8cea9d9ec1d8409d3dd916da668aa6333f49,DJI_0357,scene_06_DJI_0357-0361,train,id_val,val,0,0,0,0
DJI_0358_0_0.jpg,a7ad34714493dc1d787943219534661a1b8b590d7ae4a049235fa1959328b679,DJI_0358,scene_06_DJI_0357-0361,train,id_val,val,0,0,0,0
DJI_0358_0_1.jpg,1f25125c33f384e59bf5fc4993303a5b0f319d7daa6a446401e4e2a6d62f8c47,DJI_0358,scene_06_DJI_0357-0361,train,id_val,val,0,0,0,0
DJI_0358_0_2.jpg,b069d588c68c77fd26537f604fa86603b6e0a20be5c919e4764537ead13615ae,DJI_0358,scene_06_DJI_0357-0361,train,id_val,val,1,1,0,1
DJI_0358_0_3.jpg,2128e71bf335272d2ae4c651a864cd0fe1f761eea9aee06a61d5ca89e9faf276,DJI_0358,scene_06_DJI_0357-0361,train,id_val,val,0,0,0,0
DJI_0358_0_4.jpg,4ac2ea44de67a90fbb286e21688baf66408b1760b8ed63bac7cab9caf29a568c,DJI_0358,scene_06_DJI_0357-0361,train,id_val,val,0,0,0,0
DJI_0358_1_0.jpg,6835fc65f65a9173e195c83ee7d4c690c4af9446e3d9d77627e22ecaaabaeb48,DJI_0358,scene_06_DJI_0357-0361,train,id_val,val,0,0,0,0
DJI_0358_1_1.jpg,702d59e66bf1bacd09b6d189c080c717d07ac2ec443b9fa0b032215df1b863d2,DJI_0358,scene_06_DJI_0357-0361,train,id_val,val,0,0,0,0
DJI_0358_1_2.jpg,033750b0e4656b533dd9173c17067409a8bff2eaef514f4240d0be9f2c21bac7,DJI_0358,scene_06_DJI_0357-0361,train,id_val,val,0,0,0,0
DJI_0358_1_3.jpg,8a18d0fbb3a4320780e6da03c1a6ef1f29831db8cd0a39b7cd6a1a740fd1fc34,DJI_0358,scene_06_DJI_0357-0361,train,id_val,val,0,0,0,0
DJI_0358_1_4.jpg,e704d2cff53bb1072142731156fcc646c43a561f82e711f9b4522a23e4689f7b,DJI_0358,scene_06_DJI_0357-0361,train,id_val,val,0,0,0,0
DJI_0359_0_0.jpg,8d6994853c45442500636d74678a9b9669d9f4d99af470619ecda6050b86fa44,DJI_0359,scene_06_DJI_0357-0361,train,id_val,val,0,0,0,0
DJI_0359_0_1.jpg,b3d827b78fc9f5038f3e0c41c5a1dec5af1252036152d2a264f097955c2309b7,DJI_0359,scene_06_DJI_0357-0361,train,id_val,val,0,0,0,0
DJI_0359_0_2.jpg,f0625c70b51d1a35898ddd3d898bc89a292a65916f02e88a11446a851218d4e1,DJI_0359,scene_06_DJI_0357-0361,train,id_val,val,0,0,0,0
DJI_0359_0_3.jpg,8ac959d6328885dd7888f10c778388224448c1effbec7a0dd0066ae28f4a3024,DJI_0359,scene_06_DJI_0357-0361,train,id_val,val,0,0,0,0
DJI_0359_0_4.jpg,523b0eb1d6eea9b46ae036df32ce727daf7d1129a3919a731e16c132e87ef9f6,DJI_0359,scene_06_DJI_0357-0361,train,id_val,val,0,0,0,0
DJI_0359_1_0.jpg,7f782080ddaf5ba724d23b55546878352c68c9b18b098cdc06304fb6f129a53c,DJI_0359,scene_06_DJI_0357-0361,train,id_val,val,0,0,0,0
DJI_0359_1_1.jpg,d78a71ef82d0646658e59fb8c69d46f5a736480787a2903c12bafb309c03538a,DJI_0359,scene_06_DJI_0357-0361,train,id_val,val,0,0,0,0
DJI_0359_1_2.jpg,d5c918feb69812bca37216c3f96b262a8641860a1560c144fd75eec238a0abe7,DJI_0359,scene_06_DJI_0357-0361,train,id_val,val,1,1,0,1
DJI_0359_1_3.jpg,2aba34f66522ddaff776c30e7dcac5616770aec39c17e3e196e3511015db93dd,DJI_0359,scene_06_DJI_0357-0361,train,id_val,val,0,0,0,0
DJI_0359_1_4.jpg,69ebe9627e1514d39be260497f96762e6e600a1e95f0e6e070fe4bacc117bfa5,DJI_0359,scene_06_DJI_0357-0361,train,id_val,val,0,0,0,0
DJI_0360_0_0.jpg,ddf6d4dc7c7e7ae5194d1986b9e3eee4e24a99f70cf57fa2c7a1e1c4fce5ef92,DJI_0360,scene_06_DJI_0357-0361,train,id_val,val,0,0,0,0
DJI_0360_0_1.jpg,34a92a3a03d9e5de60abf41a33922fc7dd1528de51bc72cb8d6ad1ade4c0c464,DJI_0360,scene_06_DJI_0357-0361,train,id_val,val,0,0,0,0
DJI_0360_0_2.jpg,2dc33ed081ab35164864ebd9acb76a39ad912e81e8f3a0e6d23e892909a9bf0b,DJI_0360,scene_06_DJI_0357-0361,train,id_val,val,0,0,0,0
DJI_0360_0_3.jpg,0556a6f31dd6c14fd971b5b04b40c1d1d3e200e7482866c04918e75037aa9796,DJI_0360,scene_06_DJI_0357-0361,train,id_val,val,0,0,0,0
DJI_0360_0_4.jpg,dc1e3df3d59c74d367a60cd683de438b8a7a0c391f3eed92caed0ba44bbe2e32,DJI_0360,scene_06_DJI_0357-0361,train,id_val,val,0,0,0,0
DJI_0360_1_0.jpg,4d680dfa7ec5db4854f26559f8db6d6897720f42e1dd9e74afb1df15165e7a53,DJI_0360,scene_06_DJI_0357-0361,train,id_val,val,0,0,0,0
DJI_0360_1_1.jpg,4ae7b6987059cfbb3acdd22d09b2a6d4bfc689bc33d0713ab9e2d65085871e2d,DJI_0360,scene_06_DJI_0357-0361,train,id_val,val,0,0,0,0
DJI_0360_1_2.jpg,c8f4ac8cbf19fbaee690235406ded975b3c0843df010ef72a54aa6bd9606f485,DJI_0360,scene_06_DJI_0357-0361,train,id_val,val,1,1,0,1
DJI_0360_1_3.jpg,ccc98a832177198f3788e09149a4814d88ac9cc96da4bc59a037f0a17e1a21e9,DJI_0360,scene_06_DJI_0357-0361,train,id_val,val,0,0,0,0
DJI_0360_1_4.jpg,448882faacc13c4ca04b671a0abcfa1a872666e5fe8bd7f11a45ddb5fbc9b8a5,DJI_0360,scene_06_DJI_0357-0361,train,id_val,val,0,0,0,0
DJI_0361_0_0.jpg,d76db87ca236b6e266acdd99026a0374c2a718eeeb24e101bccb3057b0539c70,DJI_0361,scene_06_DJI_0357-0361,train,id_val,val,0,0,0,0
DJI_0361_0_1.jpg,edb50c1be74a30d1f6e576e371a0c12177a72ed1fb385555242ed9610f0d4859,DJI_0361,scene_06_DJI_0357-0361,train,id_val,val,0,0,0,0
DJI_0361_0_2.jpg,d648ca85374492f5740b109545366f93b5de820ba96afb626a09e53c5f9aa7fb,DJI_0361,scene_06_DJI_0357-0361,train,id_val,val,0,0,0,0
DJI_0361_0_3.jpg,5c667c3046d9a24da078e99164fd13ad5a9ed5ca7136e07f75dadd23e3e6fb37,DJI_0361,scene_06_DJI_0357-0361,train,id_val,val,0,0,0,0
DJI_0361_0_4.jpg,3f916b13b50f95e992238ba1ff87b12e50f99fe95b0f2208f606e9de5cd83a13,DJI_0361,scene_06_DJI_0357-0361,train,id_val,val,0,0,0,0
DJI_0361_1_0.jpg,b40bdf00d8a5cd37a03f36c28fbcf0163876c7b78deb5ecd3e2c2a08ea35319b,DJI_0361,scene_06_DJI_0357-0361,train,id_val,val,0,0,0,0
DJI_0361_1_1.jpg,a6c2ecb833bb29534b9a16c73495240fac63a3dcbdce48d186e4198355994dca,DJI_0361,scene_06_DJI_0357-0361,train,id_val,val,0,0,0,0
DJI_0361_1_2.jpg,d5d683cc3e961d59ce738488cb59bac8d65e85784c9a7136321254636276e64a,DJI_0361,scene_06_DJI_0357-0361,train,id_val,val,1,1,0,1
DJI_0361_1_3.jpg,e5615cf7a8b4e7e740de3434268f4808cb3c7c44357e83d12359fd28c830984d,DJI_0361,scene_06_DJI_0357-0361,train,id_val,val,0,0,0,0
DJI_0361_1_4.jpg,a33ed50b01a0b1122d14870bfa5c7f4ce3d1ad161ad6f30d76c646684bb80f51,DJI_0361,scene_06_DJI_0357-0361,train,id_val,val,0,0,0,0
DJI_0375_0_0.jpg,1b0a6ea1757666a16029d9cf54c43c55e9df2f982411b3e46b35e8765d0e25bd,DJI_0375,scene_07_DJI_0375-0396,train,id_val,val,0,0,0,0
DJI_0375_0_1.jpg,770623e1039738cb75d283b7725b5065f9633c408365c6a62bcbb5c0e9d9cffe,DJI_0375,scene_07_DJI_0375-0396,train,id_val,val,0,0,0,0
DJI_0375_0_2.jpg,87be42b23781950bc08d3dc43f6ebe00e3baaee9827f1918de66d090a2da0ac0,DJI_0375,scene_07_DJI_0375-0396,train,id_val,val,0,0,0,0
DJI_0375_0_3.jpg,9bc1db3ea6e9e52cf55c744bb3fdb1daa3e2c60715e7fd4699264b1b5a42e2dc,DJI_0375,scene_07_DJI_0375-0396,train,id_val,val,0,0,0,0
DJI_0375_0_4.jpg,c3fd62b722bda60651985ef68d7ece59d172e4c40a021696495aa143f414cada,DJI_0375,scene_07_DJI_0375-0396,train,id_val,val,1,1,0,1
DJI_0375_1_0.jpg,238dc84a76bdc1b477528e604032e1d0ab19ba80402b74b3d59637c79f62e957,DJI_0375,scene_07_DJI_0375-0396,train,id_val,val,0,0,0,0
DJI_0375_1_1.jpg,e3101e7a01544d9c6c14cbb376f85412e3a2c718678ab4a6f633035598ad3a68,DJI_0375,scene_07_DJI_0375-0396,train,id_val,val,0,0,0,0
DJI_0375_1_2.jpg,c0c39451b0fe1d8016ab063a4e1b29bf02ee7177a50af772aa336e795a174536,DJI_0375,scene_07_DJI_0375-0396,train,id_val,val,0,0,0,0
DJI_0375_1_3.jpg,14ebdca7cf696e4066b93738d46e1f1376b6e824e132f91dfa1a235571b80679,DJI_0375,scene_07_DJI_0375-0396,train,id_val,val,0,0,0,0
DJI_0375_1_4.jpg,476aaeb4a789c9cee0774c12565fc8f53f7445a2c40e5db0f575740bf2b60396,DJI_0375,scene_07_DJI_0375-0396,train,id_val,val,0,0,0,0
DJI_0376_0_0.jpg,0b933591db1d5735725cfbcb3be77e1dd711e7b68c0ab83bae728f913efd210f,DJI_0376,scene_07_DJI_0375-0396,train,id_val,val,0,0,0,0
DJI_0376_0_1.jpg,de883d862e9e38b3413c299f171d4dc4155ca6d653f14d50fca3608f19cdea78,DJI_0376,scene_07_DJI_0375-0396,train,id_val,val,0,0,0,0
DJI_0376_0_2.jpg,e612525255e826164c9170c776023ce5e8c4c5e069db1ca3d992eefb0c968855,DJI_0376,scene_07_DJI_0375-0396,train,id_val,val,0,0,0,0
DJI_0376_0_3.jpg,7d7684ab5e3d2348cef5c1867af9e3c293a421daa970885d7035dbdce4dc0a62,DJI_0376,scene_07_DJI_0375-0396,train,id_val,val,0,0,0,0
DJI_0376_0_4.jpg,937987bdbd907af4f08a4ba94e6318b0f56ef78b174edf51c8b857f977c9ada3,DJI_0376,scene_07_DJI_0375-0396,train,id_val,val,0,0,0,0
DJI_0376_1_0.jpg,a70fdec5777e94cedbbd6f507ff746d7bec314a8673a90de5f9b2fb8ec4d0ebb,DJI_0376,scene_07_DJI_0375-0396,train,id_val,val,0,0,0,0
DJI_0376_1_1.jpg,476f048056890fc087f461b8027e18a1f49988f8e73c0fd5fdb65ba051c4eab9,DJI_0376,scene_07_DJI_0375-0396,train,id_val,val,0,0,0,0
DJI_0376_1_2.jpg,5b44b1be50d77e1201fb4953bb41b39fb4ae5b67af67fcd1541a005917d0eaa8,DJI_0376,scene_07_DJI_0375-0396,train,id_val,val,0,0,0,0
DJI_0376_1_3.jpg,d2aa83ba2c926c995a05d5d9d81c0884069d07beb089e0ed5bd184df4c713ffa,DJI_0376,scene_07_DJI_0375-0396,train,id_val,val,0,0,0,0
DJI_0376_1_4.jpg,36dc5a6993f91c3061f193c409b69261242030d1be74c520587c6f7c55f6e015,DJI_0376,scene_07_DJI_0375-0396,train,id_val,val,0,0,0,0
DJI_0377_0_0.jpg,706689796885cea15b2e6d923708cf66c1d21e2ca3c765bf84dc4badbe3708c8,DJI_0377,scene_07_DJI_0375-0396,train,id_val,val,0,0,0,0
DJI_0377_0_1.jpg,520c954f035e066d6c9bb64e07161b153fc82785fd674b2b996c77815b88a155,DJI_0377,scene_07_DJI_0375-0396,train,id_val,val,0,0,0,0
DJI_0377_0_2.jpg,3486ef49c36e44315185c3d92c34dddf9f4184168014827dbdd5132436850e72,DJI_0377,scene_07_DJI_0375-0396,train,id_val,val,0,0,0,0
DJI_0377_0_3.jpg,3495496df986b772dcad9d7f4fd8e82ec3c72bf72630f7caa6d882008038d44a,DJI_0377,scene_07_DJI_0375-0396,train,id_val,val,0,0,0,0
DJI_0377_0_4.jpg,9152b58513c5f6f7209cd8aaa7a514fde882175d0a55e6bee302f3ca2a78d1b6,DJI_0377,scene_07_DJI_0375-0396,train,id_val,val,2,2,0,1
DJI_0377_1_0.jpg,6ebfef86d858704cf079eb6307a31783b7d424c339fb2a12a71e791fee270ab0,DJI_0377,scene_07_DJI_0375-0396,train,id_val,val,0,0,0,0
DJI_0377_1_1.jpg,25412910c1881fb0a3a896901458ab7b5764b4eaae8cd50154d467daafe2cf4b,DJI_0377,scene_07_DJI_0375-0396,train,id_val,val,0,0,0,0
DJI_0377_1_2.jpg,8e1677bbd61dae1ec3b0901d28c9e8c23c8caeb36fca80347e0c0254dfb2690b,DJI_0377,scene_07_DJI_0375-0396,train,id_val,val,0,0,0,0
DJI_0377_1_3.jpg,5a5082a940318e6d65f0b1f7c4e603924803abba7634730a36e4c9dafa071343,DJI_0377,scene_07_DJI_0375-0396,train,id_val,val,0,0,0,0
DJI_0377_1_4.jpg,bf4aabd7c54eb9ca4257fd09f3e87c28f1425528fc3203dccab1b67a92e968b7,DJI_0377,scene_07_DJI_0375-0396,train,id_val,val,0,0,0,0
DJI_0378_0_0.jpg,8b851e6307e42ebca83781bbf41ec57f6a014e3af9cbd2d013842e7e31788762,DJI_0378,scene_07_DJI_0375-0396,train,id_val,val,0,0,0,0
DJI_0378_0_1.jpg,6233cd0b262fb41021eb8ba07daee36276d7f0ba8b8c1cc2f9218fa6cd03c720,DJI_0378,scene_07_DJI_0375-0396,train,id_val,val,0,0,0,0
DJI_0378_0_2.jpg,a80094e64c8302bc6602cf7adfa7b0e6f1f73c55a875431aa3660c0fe2e39df1,DJI_0378,scene_07_DJI_0375-0396,train,id_val,val,0,0,0,0
DJI_0378_0_3.jpg,76811648a2550021d5afcf25594b5c5d29c29033776f8efc57c48795b7440ac8,DJI_0378,scene_07_DJI_0375-0396,train,id_val,val,2,2,0,1
DJI_0378_0_4.jpg,d4a1b317a218533871b59bac292bf5435a23a2e46a929a01b0fb0d8cc5d73b28,DJI_0378,scene_07_DJI_0375-0396,train,id_val,val,0,0,0,0
DJI_0378_1_0.jpg,e1ca3133f66a08e0d1a5a8636577fef5e92c2e3a2261737ec61446e50d969d86,DJI_0378,scene_07_DJI_0375-0396,train,id_val,val,0,0,0,0
DJI_0378_1_1.jpg,8e718c34c91dd32e8a563d083298206b6e7c42cd21cc600f69c5efc9ad733404,DJI_0378,scene_07_DJI_0375-0396,train,id_val,val,0,0,0,0
DJI_0378_1_2.jpg,9a900e43d10f37ee5d48160ace416ddaf1368d65204d67326f93cb279467ff04,DJI_0378,scene_07_DJI_0375-0396,train,id_val,val,0,0,0,0
DJI_0378_1_3.jpg,2b924b0510e986abefe8ffb9d3276bf73423d795613d57c7527995693c8b7982,DJI_0378,scene_07_DJI_0375-0396,train,id_val,val,0,0,0,0
DJI_0378_1_4.jpg,1273276aca8884dd96ca48b385ab1b8b715b7fbe3ff7e49facf91fe51e0efd8d,DJI_0378,scene_07_DJI_0375-0396,train,id_val,val,0,0,0,0
DJI_0382_0_0.jpg,adca07896bb571c98285742fc2e29a3c1bf4c0c97e4caf2c52c650def9cff2a5,DJI_0382,scene_07_DJI_0375-0396,train,id_val,val,0,0,0,0
DJI_0382_0_1.jpg,3c02c593e55a5ef4f44e6a83fb5e72260a36b04763f50d0bb3e4561ef1e09b87,DJI_0382,scene_07_DJI_0375-0396,train,id_val,val,0,0,0,0
DJI_0382_0_2.jpg,50987daea77f9a1792050942b26df0c5444918aac64660b5518b896933857287,DJI_0382,scene_07_DJI_0375-0396,train,id_val,val,1,1,0,1
DJI_0382_0_3.jpg,8ced68dab002d9ecbc26b46c9cbbe9d331cf8bcfe0b9b7bfee326c7b239509ec,DJI_0382,scene_07_DJI_0375-0396,train,id_val,val,1,1,0,1
DJI_0382_0_4.jpg,9a680f6da917fbedf70229badcb7d5ee2e301b78d0cb5664aed62f390b044e04,DJI_0382,scene_07_DJI_0375-0396,train,id_val,val,0,0,0,0
DJI_0382_1_0.jpg,b1a4f4d84df49f73fb51a61e59e0f178ed8961d6424b2eebf4464b500db56a3b,DJI_0382,scene_07_DJI_0375-0396,train,id_val,val,0,0,0,0
DJI_0382_1_1.jpg,167a476183cc6886c878ccaf6fd18e2765b080cf6e4fd67ece81b3e039765ed2,DJI_0382,scene_07_DJI_0375-0396,train,id_val,val,0,0,0,0
DJI_0382_1_2.jpg,786bdf77e811f12d2b12af5bc51e58cef48697c15014055e7fb56c174f65fbf9,DJI_0382,scene_07_DJI_0375-0396,train,id_val,val,0,0,0,0
DJI_0382_1_3.jpg,d5335d923e1577feeacff968a61dc70bd10b531949172df57410c83b21370c9f,DJI_0382,scene_07_DJI_0375-0396,train,id_val,val,0,0,0,0
DJI_0382_1_4.jpg,bd6682c4faf8fb2426a3c3bca393debdbb0f710c76b8f3202c55c84742a997fc,DJI_0382,scene_07_DJI_0375-0396,train,id_val,val,0,0,0,0
DJI_0383_0_0.jpg,050989370649bdc0b9d185d25bb4de795949bbcd7d79961fc7e8a52bce95d2d1,DJI_0383,scene_07_DJI_0375-0396,train,id_val,val,0,0,0,0
DJI_0383_0_1.jpg,3f8142ca08f473ca48255af8b295560c3f2990c72a0d5e3b027fb660dfa0acf2,DJI_0383,scene_07_DJI_0375-0396,train,id_val,val,0,0,0,0
DJI_0383_0_2.jpg,a07b1e96780a6488e039bd985053838372cc02181a1ae5947606484155e883d6,DJI_0383,scene_07_DJI_0375-0396,train,id_val,val,0,0,0,0
DJI_0383_0_3.jpg,6361ffb15a1b8b5301e7f4791cdc6db592e52008022871c5301eb036f500ab44,DJI_0383,scene_07_DJI_0375-0396,train,id_val,val,2,2,0,1
DJI_0383_0_4.jpg,cac74d7ad56e7b79feb66aee516867a9cee27bdac68a4d0aa4b82a361d863c06,DJI_0383,scene_07_DJI_0375-0396,train,id_val,val,0,0,0,0
DJI_0383_1_0.jpg,22393bd012c20ed15ae3db0a37678b0dbd7a2657d89300893cfa3d55a1e6bb8c,DJI_0383,scene_07_DJI_0375-0396,train,id_val,val,0,0,0,0
DJI_0383_1_1.jpg,5d0b0e7c30c59c29ab00ed9ace835cac16f1a0e27b74ba1aea3de832f033d0c2,DJI_0383,scene_07_DJI_0375-0396,train,id_val,val,0,0,0,0
DJI_0383_1_2.jpg,20ef0a1e0afd7639f415c45baef769588bfd94f7a0611e2e4e38c571226bdf73,DJI_0383,scene_07_DJI_0375-0396,train,id_val,val,0,0,0,0
DJI_0383_1_3.jpg,f7e2a67a8ce2ad107673aaa68f3915818ae9ccef2a9fc63102419575e7c24813,DJI_0383,scene_07_DJI_0375-0396,train,id_val,val,0,0,0,0
DJI_0383_1_4.jpg,c442f9edbf052f3da1f7a5054d97d404510e3f2a2713b88fd4885558400598ef,DJI_0383,scene_07_DJI_0375-0396,train,id_val,val,0,0,0,0
DJI_0384_0_0.jpg,e4c19642cf82f9c29b228139306f3ee1dca9c7c2efd272727beb04a190ef235d,DJI_0384,scene_07_DJI_0375-0396,train,id_val,val,0,0,0,0
DJI_0384_0_1.jpg,d0f18b149653287e56fadd5e0aeb0cdbe6d9211f06d5834983c3a74fcfd5f981,DJI_0384,scene_07_DJI_0375-0396,train,id_val,val,0,0,0,0
DJI_0384_0_2.jpg,f14b193d781b95fe6f4e8dd7975c3aa62e24baa65a5537d3723614fe5f7ab049,DJI_0384,scene_07_DJI_0375-0396,train,id_val,val,0,0,0,0
DJI_0384_0_3.jpg,4ed6b019561d4c50703ae3b24f6352b888dace2600dff4d3249d8632f81b4000,DJI_0384,scene_07_DJI_0375-0396,train,id_val,val,2,2,0,1
DJI_0384_0_4.jpg,0c77b6b16edab6c43e1e76955306031c62d6ce6ac6d050e06daf5eade6c4d8c7,DJI_0384,scene_07_DJI_0375-0396,train,id_val,val,0,0,0,0
DJI_0384_1_0.jpg,3b7507e44dcaf962b16103c2255ff371a44c7f801053ff931ff19390bf8b8746,DJI_0384,scene_07_DJI_0375-0396,train,id_val,val,0,0,0,0
DJI_0384_1_1.jpg,aad1818f44a54dd49a32ae77554f3b63ef8ef193182cd50f8b955654dcb4cfcf,DJI_0384,scene_07_DJI_0375-0396,train,id_val,val,0,0,0,0
DJI_0384_1_2.jpg,c79304b7394a395fd6ac100e1650fcebdd9827fa8eae13231e787ea57135d018,DJI_0384,scene_07_DJI_0375-0396,train,id_val,val,0,0,0,0
DJI_0384_1_3.jpg,cab568aea842ae0b195bc332c793357e52491fe22b403ffa618d865d5c435fa7,DJI_0384,scene_07_DJI_0375-0396,train,id_val,val,0,0,0,0
DJI_0384_1_4.jpg,2c5ba75757ee89741192521602029189629e88f470ef6c70fb2abdfe127d79f5,DJI_0384,scene_07_DJI_0375-0396,train,id_val,val,0,0,0,0
DJI_0385_0_0.jpg,3ed51539dbe4eb3c9b6c99f35dd045da0d30f5d16da415bc259280cfe2078ee5,DJI_0385,scene_07_DJI_0375-0396,train,id_val,val,0,0,0,0
DJI_0385_0_1.jpg,f0efe34644c1d4077067ea7e075a8fe8c81195a3dd848d1a284dff18a82b2d57,DJI_0385,scene_07_DJI_0375-0396,train,id_val,val,0,0,0,0
DJI_0385_0_2.jpg,293ece51b72f41900a01ce9ab718713f6590314c1e470cd07748e25dccb2a5f6,DJI_0385,scene_07_DJI_0375-0396,train,id_val,val,0,0,0,0
DJI_0385_0_3.jpg,55626922c8c351e9e13c40447622d9e3b7c9e127cf411b5cdc80a53d2bcd3435,DJI_0385,scene_07_DJI_0375-0396,train,id_val,val,0,0,0,0
DJI_0385_0_4.jpg,5393ca8cf59230ea7f4b681de569a59e8cece227abafe1b285445a41460db7f9,DJI_0385,scene_07_DJI_0375-0396,train,id_val,val,2,2,0,1
DJI_0385_1_0.jpg,e32436ff2e9c1655c876e1d9af8e7a835f3d8cf44c85445a24acb894f86400e6,DJI_0385,scene_07_DJI_0375-0396,train,id_val,val,0,0,0,0
DJI_0385_1_1.jpg,971ff3f3ff888652cc9ce358d130f1df31491a7a1cd1420e034c8c07ad77621d,DJI_0385,scene_07_DJI_0375-0396,train,id_val,val,0,0,0,0
DJI_0385_1_2.jpg,f803fdb79a5ac398ae30ce32662b97cc6bb9e36ae9747258688f4361374525fc,DJI_0385,scene_07_DJI_0375-0396,train,id_val,val,0,0,0,0
DJI_0385_1_3.jpg,fe301c54e167e3d0755f3a6b05ed0c292b347a5266f1e5e0a4aa61cd434b894a,DJI_0385,scene_07_DJI_0375-0396,train,id_val,val,0,0,0,0
DJI_0385_1_4.jpg,18a9793ad519ee3b7d455c2b21120f19d36bdedd2ff13f29a74e9afd6ddb0a6a,DJI_0385,scene_07_DJI_0375-0396,train,id_val,val,0,0,0,0
DJI_0386_0_0.jpg,fa90a92a0bfcebcf6971baf532cd5305aceee498565c2b962d4b92081ca9637e,DJI_0386,scene_07_DJI_0375-0396,train,id_val,val,0,0,0,0
DJI_0386_0_1.jpg,9d56b78a24c6c3d71954bbbab42935b6e6981d1e9e3a91cc4b59162679c05aa9,DJI_0386,scene_07_DJI_0375-0396,train,id_val,val,0,0,0,0
DJI_0386_0_2.jpg,20633e4a6e48d38daea8b5b0f8a909faf2dc5253650b1fa9159f78bfd33d90d2,DJI_0386,scene_07_DJI_0375-0396,train,id_val,val,0,0,0,0
DJI_0386_0_3.jpg,83ea5556c2c77bfd997012d9fde40c821a8bb7737a8a9f5b494ca185b1a0fbc6,DJI_0386,scene_07_DJI_0375-0396,train,id_val,val,0,0,0,0
DJI_0386_0_4.jpg,ae35e511c0800dbed9a8dcff0e5c9c00fc43f264aebfbdb9d641b59d4f3f1c8e,DJI_0386,scene_07_DJI_0375-0396,train,id_val,val,1,1,0,1
DJI_0386_1_0.jpg,f7d2766b03245517f805206aabd9306b4d8e027028323d32f0ff04861e32daa6,DJI_0386,scene_07_DJI_0375-0396,train,id_val,val,0,0,0,0
DJI_0386_1_1.jpg,54b5d304c4dd6682c5986f0158d950356749da6e2d5d908b43f6bd71c5a9c5e2,DJI_0386,scene_07_DJI_0375-0396,train,id_val,val,0,0,0,0
DJI_0386_1_2.jpg,640e3b8b60bc324f73709f41152cf8c03bce0723b5e27149963695ef65cdaf5b,DJI_0386,scene_07_DJI_0375-0396,train,id_val,val,0,0,0,0
DJI_0386_1_3.jpg,f673211500c32e42d8de7e56067d8d7917db4c2e84f0ec5a49e73ee751e4af92,DJI_0386,scene_07_DJI_0375-0396,train,id_val,val,0,0,0,0
DJI_0386_1_4.jpg,dcb82594de5f2f523e6bf7cdb489f81287d7083f53c338b9d914ce137d3276fd,DJI_0386,scene_07_DJI_0375-0396,train,id_val,val,0,0,0,0
DJI_0388_0_0.jpg,a716a630bfca867267d1d05f19903e8a2d712459e706b9a86fd500059b45dbbd,DJI_0388,scene_07_DJI_0375-0396,train,id_val,val,0,0,0,0
DJI_0388_0_1.jpg,887cbe2b683573cb4c4c39d870fbbb5ed9da48500f6633c8fbaab06ed02756e8,DJI_0388,scene_07_DJI_0375-0396,train,id_val,val,0,0,0,0
DJI_0388_0_2.jpg,5c9a7ea52cebce935b998fe8095718faafc67fbed4a93721e73c96efbba5a0a6,DJI_0388,scene_07_DJI_0375-0396,train,id_val,val,0,0,0,0
DJI_0388_0_3.jpg,bfed5fa48d72d5da300b7745adfea8ed14be9511d34b83a28de4efe0efb7771e,DJI_0388,scene_07_DJI_0375-0396,train,id_val,val,0,0,0,0
DJI_0388_0_4.jpg,b9133408997ca6367056e63f7e317961edcf3cf52ff2e490df8d913efeda3c28,DJI_0388,scene_07_DJI_0375-0396,train,id_val,val,1,1,0,1
DJI_0388_1_0.jpg,78ccf646e94188ad2647cf822107fcb463d5820d5e64dc271a138987eeb9a6dc,DJI_0388,scene_07_DJI_0375-0396,train,id_val,val,0,0,0,0
DJI_0388_1_1.jpg,a5d53afe2c30c78624a3b5393f2811ee9342a153f9405e692eafe33da6076a87,DJI_0388,scene_07_DJI_0375-0396,train,id_val,val,0,0,0,0
DJI_0388_1_2.jpg,f6e9723382fe0419695a59446a30f0ac2b0de7a70bedbf6ba4a642474c8b2393,DJI_0388,scene_07_DJI_0375-0396,train,id_val,val,0,0,0,0
DJI_0388_1_3.jpg,7b816954b06edf46da0d2af8d69df136e75e1d921b91a3835dd155ab5127bbee,DJI_0388,scene_07_DJI_0375-0396,train,id_val,val,0,0,0,0
DJI_0388_1_4.jpg,5bc057805164cb0a1f6cbb5ef48a33d48d0c8bd8d88ed4ff3611df40af3c1ccf,DJI_0388,scene_07_DJI_0375-0396,train,id_val,val,0,0,0,0
DJI_0393_0_0.jpg,3566e95a12b0c808b44977a8ff69cabc75226901be85c630f3c4ee179a59511c,DJI_0393,scene_07_DJI_0375-0396,train,id_val,val,0,0,0,0
DJI_0393_0_1.jpg,aafedf1303b8a922a06c6de73d4cc497e3d694452f8de52e55b255c3ccb91fcc,DJI_0393,scene_07_DJI_0375-0396,train,id_val,val,0,0,0,0
DJI_0393_0_2.jpg,421c8fda69883925a54e6cf4763f925c05abb294d185197da1cdb295ae948f8a,DJI_0393,scene_07_DJI_0375-0396,train,id_val,val,0,0,0,0
DJI_0393_0_3.jpg,ff03f59e89765f5fd1c220cb0b5e4c089ecf82a60b863dbcfe6c2868000ac2ec,DJI_0393,scene_07_DJI_0375-0396,train,id_val,val,0,0,0,0
DJI_0393_0_4.jpg,6f9b30b3e60dc6bf9bdb1f38124859e6a3b3787d4d6fbf1135569c408071ab2c,DJI_0393,scene_07_DJI_0375-0396,train,id_val,val,2,1,1,1
DJI_0393_1_0.jpg,88a9f6af87befa1659bcdb6a1ee717b6de64cfd3e8e9a71d6d5155fed3a84665,DJI_0393,scene_07_DJI_0375-0396,train,id_val,val,0,0,0,0
DJI_0393_1_1.jpg,498b7b769a23484fb1a95f72530be80067bf0e65fa611f6c2444d969e35540e9,DJI_0393,scene_07_DJI_0375-0396,train,id_val,val,0,0,0,0
DJI_0393_1_2.jpg,3ad4e4d4b236a168660962f25b35245cc1194eafb27ab6ada514a78e452edad2,DJI_0393,scene_07_DJI_0375-0396,train,id_val,val,0,0,0,0
DJI_0393_1_3.jpg,01afbf81995525bb67ee5f44d76695c417e213cfff376d879fe526c346d096bd,DJI_0393,scene_07_DJI_0375-0396,train,id_val,val,0,0,0,0
DJI_0393_1_4.jpg,221c019908b45e66009004606719d3ca72862b2339d8670ba35fd9210837d6ee,DJI_0393,scene_07_DJI_0375-0396,train,id_val,val,0,0,0,0
DJI_0394_0_0.jpg,5a53e6f3b63ba93265d0d082ac03dcc0533449c243c3ad7684b3fcd2addd34ac,DJI_0394,scene_07_DJI_0375-0396,train,id_val,val,0,0,0,0
DJI_0394_0_1.jpg,5ab75698e4f9f8e88657481ed3debb95c169138b237bc3a0f13532930f5e9509,DJI_0394,scene_07_DJI_0375-0396,train,id_val,val,0,0,0,0
DJI_0394_0_2.jpg,6d293e48683c6e1dd14ede97cdc42f0c619cb09329ef1e4ecfe7c2a7274b52d0,DJI_0394,scene_07_DJI_0375-0396,train,id_val,val,0,0,0,0
DJI_0394_0_3.jpg,72f337b421532b041ed59de5b571efe6c628974831b5ac1ef4f7f7eb008e1af8,DJI_0394,scene_07_DJI_0375-0396,train,id_val,val,0,0,0,0
DJI_0394_0_4.jpg,bea9c2afb14c5a9a2fd351ff346b19afd378fb0e26c893cf3e4fdb319ca8f9cf,DJI_0394,scene_07_DJI_0375-0396,train,id_val,val,2,2,0,1
DJI_0394_1_0.jpg,14835a9d866dd53c3ad1873d91618ce3febc7c51927af8f88b35fda96c3c5d4f,DJI_0394,scene_07_DJI_0375-0396,train,id_val,val,0,0,0,0
DJI_0394_1_1.jpg,952e27faebf9e79568919f3304f8bbdece70213080ab9a8c2c456a56d8a5ae4c,DJI_0394,scene_07_DJI_0375-0396,train,id_val,val,0,0,0,0
DJI_0394_1_2.jpg,04046248aa89ac2ea56e18c7468ff1b18c583041ddffd2451927206f0fc48548,DJI_0394,scene_07_DJI_0375-0396,train,id_val,val,0,0,0,0
DJI_0394_1_3.jpg,65e4eb3cf3047e6928e093dea7b94b53e4eda4e7943264ed3d7196fae6d86c4e,DJI_0394,scene_07_DJI_0375-0396,train,id_val,val,0,0,0,0
DJI_0394_1_4.jpg,b07ba4690fe624ef5aee542e2ceb94cda56636551d8aa77563a57f1b39077876,DJI_0394,scene_07_DJI_0375-0396,train,id_val,val,0,0,0,0
DJI_0395_0_0.jpg,3bb1f0fa26181497e070ce330955c027ea2d121ecddda78e812981a46bfee448,DJI_0395,scene_07_DJI_0375-0396,train,id_val,val,0,0,0,0
DJI_0395_0_1.jpg,a8a8a4493c9fac0c3791f131f5850f3a96f848025f5a6bc1a294c82aec05159a,DJI_0395,scene_07_DJI_0375-0396,train,id_val,val,0,0,0,0
DJI_0395_0_2.jpg,74e2a56a4b1df0d6a5b5f108f189d0c986c7da681f882e18e5ba9bfcc2e70722,DJI_0395,scene_07_DJI_0375-0396,train,id_val,val,0,0,0,0
DJI_0395_0_3.jpg,a85d024d8fe660c9ca670e07969f209f778b8d082ff53ff9ecc661880332052d,DJI_0395,scene_07_DJI_0375-0396,train,id_val,val,1,1,0,1
DJI_0395_0_4.jpg,0603cdc492bb41249fe4b7dd2597ec8adb334f22da3d8fbb039160f8669ffade,DJI_0395,scene_07_DJI_0375-0396,train,id_val,val,1,1,0,1
DJI_0395_1_0.jpg,71e510f88f5f025d48c80c5aa05d8fc283df11b7c7f93139d2d715c301741da0,DJI_0395,scene_07_DJI_0375-0396,train,id_val,val,0,0,0,0
DJI_0395_1_1.jpg,5848e5072f28dcc0ce3d70ee161b405127853bdf1c9da65067a854a177dd36aa,DJI_0395,scene_07_DJI_0375-0396,train,id_val,val,0,0,0,0
DJI_0395_1_2.jpg,3124d3bf48b2d4f328bfdf1c213d544480dce7ebf436cd37c595826f923e82fe,DJI_0395,scene_07_DJI_0375-0396,train,id_val,val,0,0,0,0
DJI_0395_1_3.jpg,9f26b0500731705aa72a4cfe4872f41efb40652c0964101adb770ae4649d8ff6,DJI_0395,scene_07_DJI_0375-0396,train,id_val,val,0,0,0,0
DJI_0395_1_4.jpg,f19f9eb05f5aedee6fe317f4461829a196db2a0c97c42fd6e553d33d99ffafd5,DJI_0395,scene_07_DJI_0375-0396,train,id_val,val,0,0,0,0
DJI_0396_0_0.jpg,7ba94d589a998ed67531628e2fc69d36811e19ed5bfc9fcb04fbd2d476df577b,DJI_0396,scene_07_DJI_0375-0396,train,id_val,val,0,0,0,0
DJI_0396_0_1.jpg,91674ac522ae432782ff322d3e626306b81e7305202160d0eb8943d1ee377eb2,DJI_0396,scene_07_DJI_0375-0396,train,id_val,val,0,0,0,0
DJI_0396_0_2.jpg,61563b02ca2dd56b987abd2046faea0db34673e4d0e86d3115b268a3cf13da6e,DJI_0396,scene_07_DJI_0375-0396,train,id_val,val,0,0,0,0
DJI_0396_0_3.jpg,6256d86e085bb151c5a2119484c461ba61c645443688a9ab3497a77bfbf951d5,DJI_0396,scene_07_DJI_0375-0396,train,id_val,val,1,1,0,1
DJI_0396_0_4.jpg,f5ff9b96bfe2d743fa3b327eb4703f7531244347495a0939fee01bd936c0e7e6,DJI_0396,scene_07_DJI_0375-0396,train,id_val,val,2,2,0,1
DJI_0396_1_0.jpg,61952b5e894fb97c6bd82f4668d0be462d12a65f0c1f975403b2feab3344487b,DJI_0396,scene_07_DJI_0375-0396,train,id_val,val,0,0,0,0
DJI_0396_1_1.jpg,a18a91d82f26c49ef3f5ada48b4a22e660e4c9a36e86812fd08c695236b3fc89,DJI_0396,scene_07_DJI_0375-0396,train,id_val,val,0,0,0,0
DJI_0396_1_2.jpg,4b2cb5ebba02772bf6ba43ff97239fd7dea5dfba979691182b182fc4c6e5b8ec,DJI_0396,scene_07_DJI_0375-0396,train,id_val,val,0,0,0,0
DJI_0396_1_3.jpg,1f21139df1654ec048b792a0229079bde88d30eacb4da886602271f7268ab3bf,DJI_0396,scene_07_DJI_0375-0396,train,id_val,val,0,0,0,0
DJI_0396_1_4.jpg,85156df6d73ab11e42fe5edc0c0682d10b82b0c53af23c767809ed17d2cea858,DJI_0396,scene_07_DJI_0375-0396,train,id_val,val,0,0,0,0
DJI_0408_0_0.jpg,dc1bec2940c58b0b35befeaba5bbf89ae3d78759f8fb46bb4987d928cf693a3c,DJI_0408,scene_08_DJI_0408-0453,train,train,train,1,1,0,1
DJI_0408_0_1.jpg,3f599a065ce3c31710433de57aaa7d1636ebc2fb377c2d51ecfc79f3b1824468,DJI_0408,scene_08_DJI_0408-0453,train,train,train,0,0,0,0
DJI_0408_0_2.jpg,9445e7368228664157dd1b67be2977699fe948bfbb981d37eff21916771f7251,DJI_0408,scene_08_DJI_0408-0453,train,train,train,0,0,0,0
DJI_0408_0_3.jpg,a3d1fd01195d79584b51f63558cf3f7d8f509545d348915436b8997df36d2a64,DJI_0408,scene_08_DJI_0408-0453,train,train,train,0,0,0,0
DJI_0408_0_4.jpg,977152e97c1dab9b614da0251e5fd8ca88f3446fc0e47ab25801cc8d936d9716,DJI_0408,scene_08_DJI_0408-0453,train,train,train,0,0,0,0
DJI_0408_1_0.jpg,5ca31aaee7e1cb95a84b986148fa5132a7b7acf5aa6751867be6d0e1d16d1169,DJI_0408,scene_08_DJI_0408-0453,train,train,train,0,0,0,0
DJI_0408_1_1.jpg,2ce5e0147a3ede721fc99272db8ed92fc374e406b58c9bc38aeba5e44b89e616,DJI_0408,scene_08_DJI_0408-0453,train,train,train,0,0,0,0
DJI_0408_1_2.jpg,a983a4aca96f2a466547a8725c09876f5ea08f8352aa1113aed3edca46e276aa,DJI_0408,scene_08_DJI_0408-0453,train,train,train,0,0,0,0
DJI_0408_1_3.jpg,59030230f9e4606c1b40c314176655adc1b5e092db53841421017e9c746d1369,DJI_0408,scene_08_DJI_0408-0453,train,train,train,0,0,0,0
DJI_0408_1_4.jpg,a7aa9a641037c3de6fb35bdd5ee5789cd6d3274209a272aba9654fc1269e3649,DJI_0408,scene_08_DJI_0408-0453,train,train,train,0,0,0,0
DJI_0409_0_0.jpg,22a30d1a30f47ef48bc56cd67d1b9c0bd0a168e6e5b134e4e9306d3042c39a51,DJI_0409,scene_08_DJI_0408-0453,train,train,train,0,0,0,0
DJI_0409_0_1.jpg,3858e432e598e9b4fa2af4aa1490516d996f3d42616401e94ba413fd3dd0769a,DJI_0409,scene_08_DJI_0408-0453,train,train,train,1,1,0,1
DJI_0409_0_2.jpg,33e0310c6a82222c6dbad3cce51eb9d509fe47a84ae216ac3d6815eabff3c823,DJI_0409,scene_08_DJI_0408-0453,train,train,train,1,1,0,1
DJI_0409_0_3.jpg,d880de47f9f66eb7262db6a7e9a9adbe17cf0a94f5375db68826c45632d7656d,DJI_0409,scene_08_DJI_0408-0453,train,train,train,0,0,0,0
DJI_0409_0_4.jpg,a23ecc20541effb09435e8d96cb41e836ed27e725c8d13ab5c1a26e8fc940874,DJI_0409,scene_08_DJI_0408-0453,train,train,train,0,0,0,0
DJI_0409_1_0.jpg,b7d9d13e3cbaa67372e99650d0d738c4850940b1735d5e2da3c098b05455913b,DJI_0409,scene_08_DJI_0408-0453,train,train,train,0,0,0,0
DJI_0409_1_1.jpg,5ac523dd8dc6b0a2e1d0cacc904e0b8c688f123bb3456e959824362f586755c8,DJI_0409,scene_08_DJI_0408-0453,train,train,train,1,1,0,1
DJI_0409_1_2.jpg,e1b19ff9157c0abb9e9f2d0e0346d41254ba2eee5bc5be90b622b2a4c93dad77,DJI_0409,scene_08_DJI_0408-0453,train,train,train,1,1,0,1
DJI_0409_1_3.jpg,6b0256e6ecc9c3449f7b57b3e55739993e3a4ba4eedcee50b3827f9ecde69bfd,DJI_0409,scene_08_DJI_0408-0453,train,train,train,0,0,0,0
DJI_0409_1_4.jpg,5a4386332429b48f714d2eaff3bf345c051192ec9c3e6c3612537382b336b8ae,DJI_0409,scene_08_DJI_0408-0453,train,train,train,0,0,0,0
DJI_0410_0_0.jpg,590ac6d95cfde3f1dd812f7c667fcf553b7d0a0645029c372ec1d12f6ff7235e,DJI_0410,scene_08_DJI_0408-0453,train,train,train,0,0,0,0
DJI_0410_0_1.jpg,dcf172354df2eb32877c5c5b8f8b7ce16940cab7a1917e87e3bd78b2030ec8ee,DJI_0410,scene_08_DJI_0408-0453,train,train,train,0,0,0,0
DJI_0410_0_2.jpg,2e79af6aca1b476892ac7614df6d6e1b44f7e609a48a8ceb72934d6e04010c3d,DJI_0410,scene_08_DJI_0408-0453,train,train,train,1,1,0,1
DJI_0410_0_3.jpg,6056b7f4200829815b2f65f44296eedfd9dfa473389bef9e14a9b0a1676d7c1d,DJI_0410,scene_08_DJI_0408-0453,train,train,train,0,0,0,0
DJI_0410_0_4.jpg,c509bc7103992f726f3aea11b79b95c5f3ed9ccee64cd1c2bfd4171518179273,DJI_0410,scene_08_DJI_0408-0453,train,train,train,0,0,0,0
DJI_0410_1_0.jpg,85e53661398a086a4ea8681e592272e0459ed8b7dd6fac9a1a542f553f32bced,DJI_0410,scene_08_DJI_0408-0453,train,train,train,0,0,0,0
DJI_0410_1_1.jpg,e51f69901fb70a1865bc05f4ef7303f7d16dfb53b7f82fc8fa49bf8fef6b13b8,DJI_0410,scene_08_DJI_0408-0453,train,train,train,0,0,0,0
DJI_0410_1_2.jpg,3bf88c0d80cb15426b5c2d061a404c011f62df76babd87409d8fe26e4afd47ff,DJI_0410,scene_08_DJI_0408-0453,train,train,train,1,1,0,1
DJI_0410_1_3.jpg,2b8e9bc7d81d002a0edb0f070edf31c7f1216b43567b308d3046adecee6989d6,DJI_0410,scene_08_DJI_0408-0453,train,train,train,0,0,0,0
DJI_0410_1_4.jpg,5c84e1323f999399bf4e605a821b3d136a11b043638082f6ef654a3cb8e7a50e,DJI_0410,scene_08_DJI_0408-0453,train,train,train,0,0,0,0
DJI_0411_0_0.jpg,5b984af10ba3f668d2a9229bed3a3b3d268ec93b3957baded374b46383ff457c,DJI_0411,scene_08_DJI_0408-0453,train,train,train,0,0,0,0
DJI_0411_0_1.jpg,582a87bd82db18fbddb48bcf044a94fa60dd51df64372cbc1f8903cc550e2773,DJI_0411,scene_08_DJI_0408-0453,train,train,train,0,0,0,0
DJI_0411_0_2.jpg,62939588f4475f15f6583610d68f0940a2a61530f8267810520cddaede92fae0,DJI_0411,scene_08_DJI_0408-0453,train,train,train,1,1,0,1
DJI_0411_0_3.jpg,d5d590ab209e896c5428d8e37817b515372c0836ebff45b75c89fb635256de59,DJI_0411,scene_08_DJI_0408-0453,train,train,train,0,0,0,0
DJI_0411_0_4.jpg,bba48eb52b57ba9dc8bf71f4d2ced28544f33fc8103e14eb354982af8133b233,DJI_0411,scene_08_DJI_0408-0453,train,train,train,0,0,0,0
DJI_0411_1_0.jpg,f8e684bc49ed595b95f505a8794dc3539291024932a2a506c49e371a7eb9a9ed,DJI_0411,scene_08_DJI_0408-0453,train,train,train,0,0,0,0
DJI_0411_1_1.jpg,cdce4e5dc96edfc6817a72fbefa629f2c85e35b91ed01edb3336549bfdc5fbe5,DJI_0411,scene_08_DJI_0408-0453,train,train,train,0,0,0,0
DJI_0411_1_2.jpg,e75403c0dcdfaeb5ed5ab136f092b1f0d92ea09536d6e0dc0b1d5efb65f4490f,DJI_0411,scene_08_DJI_0408-0453,train,train,train,1,1,0,1
DJI_0411_1_3.jpg,c62485a1b430ef76baf0f72d8a41850839644ef2e2cbd7ad07c7d2f4f13ecc9a,DJI_0411,scene_08_DJI_0408-0453,train,train,train,0,0,0,0
DJI_0411_1_4.jpg,42a4ccd848d5c29922dc57de329fcf7836d04b4cbeb26113b1e7c97985f749cb,DJI_0411,scene_08_DJI_0408-0453,train,train,train,0,0,0,0
DJI_0412_0_0.jpg,6a74ca0cb9e7d651a5568838aa3c25740aec674181117b63ac4abe0abc583261,DJI_0412,scene_08_DJI_0408-0453,train,train,train,0,0,0,0
DJI_0412_0_1.jpg,56da6711729801baf22d83ec0b1f5ecfe8d6d2c2d1e5688cb947a107e716bfac,DJI_0412,scene_08_DJI_0408-0453,train,train,train,0,0,0,0
DJI_0412_0_2.jpg,f5c4977b4147537dc19b0ae23480aefe278ae36b08effedc541fcba09b782a26,DJI_0412,scene_08_DJI_0408-0453,train,train,train,0,0,0,0
DJI_0412_0_3.jpg,d53d7e59bcefeb221101e635982313350bbea8dd1d96b65981dc4839f4a23f43,DJI_0412,scene_08_DJI_0408-0453,train,train,train,0,0,0,0
DJI_0412_0_4.jpg,326e5a0cdff63ae50d5f582baae65e5762972b29c34028194ed13b856bd67c63,DJI_0412,scene_08_DJI_0408-0453,train,train,train,0,0,0,0
DJI_0412_1_0.jpg,738d0af10b2c57753af6aeed9bcc22027e56cd86287743738ef89aa83609dfc5,DJI_0412,scene_08_DJI_0408-0453,train,train,train,0,0,0,0
DJI_0412_1_1.jpg,31ef15313a483a8cd679a139c0d0b2afc38d0dc6af1cddfa03da362669c9b709,DJI_0412,scene_08_DJI_0408-0453,train,train,train,0,0,0,0
DJI_0412_1_2.jpg,1a2e4ee054423a772cf1fbe7573303683d6ce316d6ab66ca4bd6fe9ca15cd1c8,DJI_0412,scene_08_DJI_0408-0453,train,train,train,1,1,0,1
DJI_0412_1_3.jpg,e1e6b27e287247153c051d4c8a519a349dd0313c02dceea0d456c193c221deeb,DJI_0412,scene_08_DJI_0408-0453,train,train,train,1,1,0,1
DJI_0412_1_4.jpg,4c9b001a3a7c0dc0c48df7e669f24233db99566d700989e00830d7d24ec77f02,DJI_0412,scene_08_DJI_0408-0453,train,train,train,0,0,0,0
DJI_0413_0_0.jpg,c9b92d39cabe96cc134099c8f51ae2f1d949296cfd363717bb04f754db469cdf,DJI_0413,scene_08_DJI_0408-0453,train,train,train,0,0,0,0
DJI_0413_0_1.jpg,3d953d85ffcd0d01187dde97f86c653fb5d0a052389d2770275c6d3ea12d6b66,DJI_0413,scene_08_DJI_0408-0453,train,train,train,0,0,0,0
DJI_0413_0_2.jpg,25b12d63e810e913121489ca65e2c29d877d0f3732c53fb76002af06f3d231ee,DJI_0413,scene_08_DJI_0408-0453,train,train,train,1,1,0,1
DJI_0413_0_3.jpg,7fbfa42be28f93a891a3552163987afd134436abfb1ef5f6e847b27cdc7385d9,DJI_0413,scene_08_DJI_0408-0453,train,train,train,0,0,0,0
DJI_0413_0_4.jpg,c83663d8cbe09ac2850bd57fc208353bed1d06fee96553edaa960af1a07bc824,DJI_0413,scene_08_DJI_0408-0453,train,train,train,0,0,0,0
DJI_0413_1_0.jpg,1f10d2fc39db8887ffa93b1b578fb6d421a9f2aeddac68152c3cd1805d58ca8b,DJI_0413,scene_08_DJI_0408-0453,train,train,train,0,0,0,0
DJI_0413_1_1.jpg,892d00ac29642be17ead6e3573d6b0ed2dd314ffcbb18a32eb1b352b379101a7,DJI_0413,scene_08_DJI_0408-0453,train,train,train,0,0,0,0
DJI_0413_1_2.jpg,684901448655e919de327da9c9ac0fc9f23915aa0c59759dea265e112a0d7439,DJI_0413,scene_08_DJI_0408-0453,train,train,train,0,0,0,0
DJI_0413_1_3.jpg,64b676bc6da426e5d6fffc1fb6a242f76424566a620d45ca9394eebdb34ea967,DJI_0413,scene_08_DJI_0408-0453,train,train,train,1,1,0,1
DJI_0413_1_4.jpg,52a8de992b2b45edbd81b87d25327be29da5834745c8bdc8e13241c245b85608,DJI_0413,scene_08_DJI_0408-0453,train,train,train,0,0,0,0
DJI_0414_0_0.jpg,7a6ac08e9a5b2a7105249f1ad780d760d83fa8a06c0c168a641e5d29f337ac78,DJI_0414,scene_08_DJI_0408-0453,train,train,train,0,0,0,0
DJI_0414_0_1.jpg,e107a19f979750a26b6d739e7c7c0938cd1d9dac6c38179956ccbbe1de2de488,DJI_0414,scene_08_DJI_0408-0453,train,train,train,0,0,0,0
DJI_0414_0_2.jpg,1d45e8dc499eec7bbf4d27a54b80aebfaa01e1bc2fcd8b8f1a4159e0895ade85,DJI_0414,scene_08_DJI_0408-0453,train,train,train,0,0,0,0
DJI_0414_0_3.jpg,dd528dc4ee98b60d94ad2354ed425f66043aa9a1150cc2530d12b36971353b09,DJI_0414,scene_08_DJI_0408-0453,train,train,train,0,0,0,0
DJI_0414_0_4.jpg,44a98bd06a3c4159323d421cf5df9383c0bcb5404fdf4e196056495055ad9b1a,DJI_0414,scene_08_DJI_0408-0453,train,train,train,0,0,0,0
DJI_0414_1_0.jpg,0414fa3f3481b17afefb55af9491c7cc3bbc4075f45d3606355f8c5f7b64a416,DJI_0414,scene_08_DJI_0408-0453,train,train,train,0,0,0,0
DJI_0414_1_1.jpg,b63ffc692c0f3a62ed0d2edc422ee3f541b14a1ae938b7ec0a139b308934d858,DJI_0414,scene_08_DJI_0408-0453,train,train,train,0,0,0,0
DJI_0414_1_2.jpg,208347773ebe6fdfdd94ccd23ab19dde95bbe5d757bbabdbd15c885755b63f3f,DJI_0414,scene_08_DJI_0408-0453,train,train,train,0,0,0,0
DJI_0414_1_3.jpg,3e845025e905d8aec3920e076e711e8a9675072aa559abb98ad5954e5256096c,DJI_0414,scene_08_DJI_0408-0453,train,train,train,1,1,0,1
DJI_0414_1_4.jpg,1a22ce449a9382e925d3f49bea6ef06fca116f8a0570d14f3e389bef848cdd5a,DJI_0414,scene_08_DJI_0408-0453,train,train,train,1,1,0,1
DJI_0415_0_0.jpg,171b6e89597dee7f99e891b4cecd0977d3b96dfabd94c8181271fc920c3f15e3,DJI_0415,scene_08_DJI_0408-0453,train,train,train,0,0,0,0
DJI_0415_0_1.jpg,1cf43e36fcb9eba7defcafe7738177078b8a4484961525b872d945f6ee69259c,DJI_0415,scene_08_DJI_0408-0453,train,train,train,0,0,0,0
DJI_0415_0_2.jpg,5099053a210cb821fe6cf404747c4ad248c2457f08f1158637ee582e4ecf76b5,DJI_0415,scene_08_DJI_0408-0453,train,train,train,0,0,0,0
DJI_0415_0_3.jpg,9abd7f75f06a8877738a2e27bab77d4d614c5e3d0d157b305bb1478435531213,DJI_0415,scene_08_DJI_0408-0453,train,train,train,0,0,0,0
DJI_0415_0_4.jpg,ec1a39228b1cce481cb64e44d8f3864043b8bf1688a6c90fa8dcce145ee8d6be,DJI_0415,scene_08_DJI_0408-0453,train,train,train,0,0,0,0
DJI_0415_1_0.jpg,40110f6120db2960c79a8b3a149cccaab96d39a9e5726a53aee91fe3135c0602,DJI_0415,scene_08_DJI_0408-0453,train,train,train,0,0,0,0
DJI_0415_1_1.jpg,c527eec9127d80da82454f5dc1bad126abda6400fb07d1997062ccd4fe74f898,DJI_0415,scene_08_DJI_0408-0453,train,train,train,0,0,0,0
DJI_0415_1_2.jpg,4b2278cba593dfa1c614a48b3c8c57f5fdaf1ef5238385d23c2c2cc6d9e8cbed,DJI_0415,scene_08_DJI_0408-0453,train,train,train,0,0,0,0
DJI_0415_1_3.jpg,128871b1bc274b07322fe76b5231611df9347c1891f9d5976a0245e0d145f34b,DJI_0415,scene_08_DJI_0408-0453,train,train,train,1,1,0,1
DJI_0415_1_4.jpg,dc89bcfdc6ddf6e4fe225c4143e29fcd1b71b9c6b99d4e6913888e637d916555,DJI_0415,scene_08_DJI_0408-0453,train,train,train,0,0,0,0
DJI_0416_0_0.jpg,42592453b67392bca8bacc869a9ef140ff2b2446ae2c747199a0ccc94d07a159,DJI_0416,scene_08_DJI_0408-0453,train,train,train,0,0,0,0
DJI_0416_0_1.jpg,59c6ed55fd0d77cc474fa829e3ee2510b5c963e6e15431031a44ee17235d58ed,DJI_0416,scene_08_DJI_0408-0453,train,train,train,0,0,0,0
DJI_0416_0_2.jpg,862349c597ca1282e79b5fb86c66b96d5be52e84a1957b550cdb4c1ec54e44f1,DJI_0416,scene_08_DJI_0408-0453,train,train,train,0,0,0,0
DJI_0416_0_3.jpg,c3e975185bd99abbddb0eb03151119375a60a805d84f87101cbddcf3454ec0dd,DJI_0416,scene_08_DJI_0408-0453,train,train,train,0,0,0,0
DJI_0416_0_4.jpg,baccb4681ed6823f165f44ed1db75a3f17ce3b8e98159354a2bf6a0fa83fd76e,DJI_0416,scene_08_DJI_0408-0453,train,train,train,0,0,0,0
DJI_0416_1_0.jpg,4fba586245f660f974834e45d13ff6605f4e41f223b3933ec2dc07f1a7270d64,DJI_0416,scene_08_DJI_0408-0453,train,train,train,0,0,0,0
DJI_0416_1_1.jpg,d7557871f47ad2125038d53b8bbbebbf8d6857d4a1ead04e552776597932b788,DJI_0416,scene_08_DJI_0408-0453,train,train,train,0,0,0,0
DJI_0416_1_2.jpg,af973c44f3d1a4f16b139ec05aded074c1f1cfb2db15beb8c804a384823ef789,DJI_0416,scene_08_DJI_0408-0453,train,train,train,0,0,0,0
DJI_0416_1_3.jpg,07b35cb89ad7d2e6e89c3ab350396790a146090980da900bbc9714426b4a4efc,DJI_0416,scene_08_DJI_0408-0453,train,train,train,1,1,0,1
DJI_0416_1_4.jpg,630020c93a696d5e0efe3d7ac6d015b5068fb2c9b035211617090f158348c571,DJI_0416,scene_08_DJI_0408-0453,train,train,train,0,0,0,0
DJI_0417_0_0.jpg,fbe4a81311fe28aca85ddb2933c773c529c411e000f5b891a8fb135253352369,DJI_0417,scene_08_DJI_0408-0453,train,train,train,0,0,0,0
DJI_0417_0_1.jpg,0163a64e05250249f70cfcb22142146de9cb39fa5a2100019a20eabec331d395,DJI_0417,scene_08_DJI_0408-0453,train,train,train,0,0,0,0
DJI_0417_0_2.jpg,094c614b5461da19ab1682fd93f5b5d46daddc7655d83e7727618bb874337e84,DJI_0417,scene_08_DJI_0408-0453,train,train,train,0,0,0,0
DJI_0417_0_3.jpg,6c9e036301657b4e17231e59d178bde373d9fbc4848a752f6527903b7988f4fc,DJI_0417,scene_08_DJI_0408-0453,train,train,train,0,0,0,0
DJI_0417_0_4.jpg,e20ef692cf67df2faccd6321f7bf15219978555770c7e22421d00735b0243bc4,DJI_0417,scene_08_DJI_0408-0453,train,train,train,0,0,0,0
DJI_0417_1_0.jpg,6ca0b7567a87fd9a92696a86ade3c96ac7b8caf6c01314b2210e0b6aebafd6de,DJI_0417,scene_08_DJI_0408-0453,train,train,train,0,0,0,0
DJI_0417_1_1.jpg,68495ad2fdbf04daec30122a37cc059c9bb2abcb912d70b8475a8af818194c75,DJI_0417,scene_08_DJI_0408-0453,train,train,train,0,0,0,0
DJI_0417_1_2.jpg,d633797577eb27f4aad46d70e549565db6ed4bb46a0b75f45a93657b24b733de,DJI_0417,scene_08_DJI_0408-0453,train,train,train,0,0,0,0
DJI_0417_1_3.jpg,836d1c84817b654ab7eb1493d07b0db6c45b3f75bc162dadd1335bc2e5d9b476,DJI_0417,scene_08_DJI_0408-0453,train,train,train,0,0,0,0
DJI_0417_1_4.jpg,9d34245477bc8ec76245334da448dc57b68f6ddbbdbce6dfd6d918729b5e673c,DJI_0417,scene_08_DJI_0408-0453,train,train,train,1,1,0,1
DJI_0423_0_0.jpg,ffd58d6924d5a3e8a014ae16f9611a862d108e2a3a36547a26301d8976f1d019,DJI_0423,scene_08_DJI_0408-0453,train,train,train,0,0,0,0
DJI_0423_0_1.jpg,7fc662cb2dace7c3c47745abe286e7b4ffec113cfa54496e0e2e22c05ff6e43e,DJI_0423,scene_08_DJI_0408-0453,train,train,train,0,0,0,0
DJI_0423_0_2.jpg,9b69796bc73ad749b8d8a0987b758a497a47da7e482e14d57c4c9cb150f9e2c9,DJI_0423,scene_08_DJI_0408-0453,train,train,train,0,0,0,0
DJI_0423_0_3.jpg,a76e5b21bb6035c82b244bee455a5623077a5caa1a549ffccd99f3036abb19ed,DJI_0423,scene_08_DJI_0408-0453,train,train,train,0,0,0,0
DJI_0423_0_4.jpg,2e23c3f61b9c95f3b958a9a68a45ffbb51cce39f4eeba2cacba578348d0fae1d,DJI_0423,scene_08_DJI_0408-0453,train,train,train,0,0,0,0
DJI_0423_1_0.jpg,50b2d111f8edf6620bcba641f3f399c11d18c6461d52eff2862df852efea6c96,DJI_0423,scene_08_DJI_0408-0453,train,train,train,0,0,0,0
DJI_0423_1_1.jpg,c19b5e94d0a4a5fe03e846a5d70e7e321a28f38daf97d2cd5c68b4d4b1accc5b,DJI_0423,scene_08_DJI_0408-0453,train,train,train,0,0,0,0
DJI_0423_1_2.jpg,fd3e3a218b502011f01dcb517e84ca4e4cde6b72366baf4941201172346324d8,DJI_0423,scene_08_DJI_0408-0453,train,train,train,0,0,0,0
DJI_0423_1_3.jpg,d704ba995473daa7e40f7a9027e36b7a0e7b7a1f3e6fd85aeab026b6d2f0c10f,DJI_0423,scene_08_DJI_0408-0453,train,train,train,0,0,0,0
DJI_0423_1_4.jpg,08f31bc100a7fb936d9166794f0ee0aa22ac76ea8abbce52fdfae9dfc5da1236,DJI_0423,scene_08_DJI_0408-0453,train,train,train,1,1,0,1
DJI_0424_0_0.jpg,b36360fe18d10165ae5c39234568f15c757584d09627400938dc65905da11e55,DJI_0424,scene_08_DJI_0408-0453,train,train,train,0,0,0,0
DJI_0424_0_1.jpg,24eb75f3bd4e5fd508b911e770b35bd8f6963a784134d91fdecddbd107c2fccb,DJI_0424,scene_08_DJI_0408-0453,train,train,train,0,0,0,0
DJI_0424_0_2.jpg,834820db0b6568ffaa58e6c7f31a5995d6fd594a0f344f3246eb52f5868e8ba5,DJI_0424,scene_08_DJI_0408-0453,train,train,train,0,0,0,0
DJI_0424_0_3.jpg,e1f3036375ee068f839411e17c7b36f27f281346f7be1d705c41ccd5ceb8a017,DJI_0424,scene_08_DJI_0408-0453,train,train,train,0,0,0,0
DJI_0424_0_4.jpg,a8465888827211f9d130f0cf87315d09442a9a2b6af69f12fb3bf9cad6514e32,DJI_0424,scene_08_DJI_0408-0453,train,train,train,0,0,0,0
DJI_0424_1_0.jpg,709e08147e0de721efe1c62f69fa495f5be9e1d9b292f98c40641db4cbc1265d,DJI_0424,scene_08_DJI_0408-0453,train,train,train,0,0,0,0
DJI_0424_1_1.jpg,d50dbb775ba303df625a4f8a066c4089e0beedab1be2525120bbaaddbf9ed7b8,DJI_0424,scene_08_DJI_0408-0453,train,train,train,0,0,0,0
DJI_0424_1_2.jpg,6980d62fc6e7a6b4632371ed197541558178980f2521bc2f63fe006b22044206,DJI_0424,scene_08_DJI_0408-0453,train,train,train,0,0,0,0
DJI_0424_1_3.jpg,ca9ca044315124285cd6d1caa3c8e19baf2c370ec2c8f51d7e529527653ebd5b,DJI_0424,scene_08_DJI_0408-0453,train,train,train,1,1,0,1
DJI_0424_1_4.jpg,38ae6c53361c49867652bc60f5a764e32df2ee0b006066fea5f093b4c21c4f5f,DJI_0424,scene_08_DJI_0408-0453,train,train,train,1,1,0,1
DJI_0425_0_0.jpg,a6510e3f6c1459c92c3b64cae310efa814ffcd055fdba344817ac9ac20d64db6,DJI_0425,scene_08_DJI_0408-0453,train,train,train,0,0,0,0
DJI_0425_0_1.jpg,efa38157404e85019d609dbaed01deb36e62c9318af14ae00df3946635364c75,DJI_0425,scene_08_DJI_0408-0453,train,train,train,0,0,0,0
DJI_0425_0_2.jpg,b45de9ee6760d8d7ea117f90ad8b7a7befa3c137371155f91b34f526cb533014,DJI_0425,scene_08_DJI_0408-0453,train,train,train,0,0,0,0
DJI_0425_0_3.jpg,7a8bff843e4dda5e050aeee3f96857be2709f845b5a1b974abf0da7afe66fd0c,DJI_0425,scene_08_DJI_0408-0453,train,train,train,0,0,0,0
DJI_0425_0_4.jpg,e23fe2812f6db4172e244280c0c704fbff1377c28a648bd92ee92bfa3de5c5a5,DJI_0425,scene_08_DJI_0408-0453,train,train,train,0,0,0,0
DJI_0425_1_0.jpg,9e602c03b76a4bc59723cdbb0d0256d179dbbc5da0ddfeec9a9623735430fc15,DJI_0425,scene_08_DJI_0408-0453,train,train,train,0,0,0,0
DJI_0425_1_1.jpg,ac62f70b97492782cb16d9ba6fc3180ecdc4e8d17690eb53350e1c58e21e24b4,DJI_0425,scene_08_DJI_0408-0453,train,train,train,0,0,0,0
DJI_0425_1_2.jpg,4cf448eacfbc1ef2f626a43354f4cf738f30f6cc47ce2548d867e53a69af9e62,DJI_0425,scene_08_DJI_0408-0453,train,train,train,0,0,0,0
DJI_0425_1_3.jpg,c1bbcafd9d66c8d62bf35078e83e50ca5f35e549f6949675f99a1c374e093764,DJI_0425,scene_08_DJI_0408-0453,train,train,train,1,1,0,1
DJI_0425_1_4.jpg,dd132f774b873a9b6050f676722c607252d19c9717dac0c4da96b058823d5710,DJI_0425,scene_08_DJI_0408-0453,train,train,train,0,0,0,0
DJI_0426_0_0.jpg,e79ea9ca37dfa083c007a48ab33353dc178e9a979455f569aa815f6643a06feb,DJI_0426,scene_08_DJI_0408-0453,train,train,train,0,0,0,0
DJI_0426_0_1.jpg,04dd9c1083e07e41a33c45d0f16c0826cd906ea9ce1c84028a2b0fb96493eb7d,DJI_0426,scene_08_DJI_0408-0453,train,train,train,0,0,0,0
DJI_0426_0_2.jpg,52779f8aca93953fe9d034ada8a2e97cdb7892370f39b2bbd53c65bf1160f848,DJI_0426,scene_08_DJI_0408-0453,train,train,train,0,0,0,0
DJI_0426_0_3.jpg,f172000ce6e48b1dfa35aa7ca0e1d8d3c444b167c8757c6d3c3ee1d12f689cc7,DJI_0426,scene_08_DJI_0408-0453,train,train,train,0,0,0,0
DJI_0426_0_4.jpg,29da843f2320ea0a7197cd0b458137cbcd361d3f33695aa5f46382c2302e72cd,DJI_0426,scene_08_DJI_0408-0453,train,train,train,0,0,0,0
DJI_0426_1_0.jpg,16af1325f127d9f78a6158f576e2f779136d5bf9b423b6db72b32b6150ad136f,DJI_0426,scene_08_DJI_0408-0453,train,train,train,0,0,0,0
DJI_0426_1_1.jpg,d5a147be8c074951519076489d2bfef203ca2ab06655afdb785756468bb55366,DJI_0426,scene_08_DJI_0408-0453,train,train,train,0,0,0,0
DJI_0426_1_2.jpg,b7dfcbee42df0e608503a0e33c8fa574bec2bf3276e72c37d406cd756db9204e,DJI_0426,scene_08_DJI_0408-0453,train,train,train,0,0,0,0
DJI_0426_1_3.jpg,ca25461ce08ccb008841d6554034157b7ca014332ff3c5382edef961d68cdc62,DJI_0426,scene_08_DJI_0408-0453,train,train,train,1,1,0,1
DJI_0426_1_4.jpg,2d5a0764e98047a7b29eec24e4dcf09960f2aa654bd80e971ae38d6266291520,DJI_0426,scene_08_DJI_0408-0453,train,train,train,1,1,0,1
DJI_0427_0_0.jpg,5de3b20dbe7579b9e76516ded3e1b91b87e2d015b849a7b22bfe693c4106cbe9,DJI_0427,scene_08_DJI_0408-0453,train,train,train,0,0,0,0
DJI_0427_0_1.jpg,9b95caef44d7c28fc7ce59a9e201e84c02b476223ba21cff037dc95c5c57877b,DJI_0427,scene_08_DJI_0408-0453,train,train,train,0,0,0,0
DJI_0427_0_2.jpg,2848c1bf20b395cedd174905b3671a2fd949d8a824458c9bb523d1886e99e4a4,DJI_0427,scene_08_DJI_0408-0453,train,train,train,0,0,0,0
DJI_0427_0_3.jpg,745708eb97f08b802aa071e992bb47541dbd48adb8a7625d53771b5c11ea5d86,DJI_0427,scene_08_DJI_0408-0453,train,train,train,0,0,0,0
DJI_0427_0_4.jpg,2e89083bc7b12bbefcae4e8f55fd58093734514a7af28cf22f4dac876831322c,DJI_0427,scene_08_DJI_0408-0453,train,train,train,0,0,0,0
DJI_0427_1_0.jpg,26303b2e0f2a7c0b31eb4d3e543a7e0c96ec04927afb088a9c17851d99611979,DJI_0427,scene_08_DJI_0408-0453,train,train,train,0,0,0,0
DJI_0427_1_1.jpg,6373a0f18e5c4a37d41bc1b8d4195f2d9e3b716e63de06c25808322fe1ffa662,DJI_0427,scene_08_DJI_0408-0453,train,train,train,0,0,0,0
DJI_0427_1_2.jpg,bc7f29c978c4529d19437941eef45ab6ed35e3f6d47416e64f602bf46e8f37fa,DJI_0427,scene_08_DJI_0408-0453,train,train,train,1,1,0,1
DJI_0427_1_3.jpg,4bff1103718cba616efaae3f5fc27d98d47ada45f6a035833340eac29609c695,DJI_0427,scene_08_DJI_0408-0453,train,train,train,1,1,0,1
DJI_0427_1_4.jpg,ff1c7d5e84824a6a7766eeb5e2c2a09c296054d5d6875cc1f01072b1666f2c7b,DJI_0427,scene_08_DJI_0408-0453,train,train,train,1,1,0,1
DJI_0428_0_0.jpg,d017adc9a34db42934fa8d5adebb6c3823dc6f500cc1aab5c6fe1056e44b2e59,DJI_0428,scene_08_DJI_0408-0453,train,train,train,0,0,0,0
DJI_0428_0_1.jpg,ca2abe321915e98927cd73e58914aa382ef3f385934b98ab1206c8b8e7e91697,DJI_0428,scene_08_DJI_0408-0453,train,train,train,0,0,0,0
DJI_0428_0_2.jpg,03f59dd963dfafe0984d8d10dc748f436036b2d29d3d1e55d677f0275260b982,DJI_0428,scene_08_DJI_0408-0453,train,train,train,0,0,0,0
DJI_0428_0_3.jpg,d281cc882b7382cbf2920a960ec83323c14549b3649908c644caba8396a8381d,DJI_0428,scene_08_DJI_0408-0453,train,train,train,0,0,0,0
DJI_0428_0_4.jpg,4bbb6cd55f2bc1b05c5b257c6e5058ef1f2c4888e40353cafa29944c26830120,DJI_0428,scene_08_DJI_0408-0453,train,train,train,0,0,0,0
DJI_0428_1_0.jpg,41fe5cd218df8c9f338a055d03cc40be18539af0e30385870f8205bbbb40254b,DJI_0428,scene_08_DJI_0408-0453,train,train,train,0,0,0,0
DJI_0428_1_1.jpg,a97fb741d885c1ce74383f5408daba0c24a2788434ef95e2782c09b4d99dd90a,DJI_0428,scene_08_DJI_0408-0453,train,train,train,0,0,0,0
DJI_0428_1_2.jpg,42b166466e98b776fda0373f74207a977fd4a2d030e6158b143ad87e8c816fbc,DJI_0428,scene_08_DJI_0408-0453,train,train,train,0,0,0,0
DJI_0428_1_3.jpg,9f51dd17e9ca3f9c208f6c34b2e307bad30793992cbda2eb8dec8a2841e06af7,DJI_0428,scene_08_DJI_0408-0453,train,train,train,1,1,0,1
DJI_0428_1_4.jpg,7f86187b5dcc8f6a994c6308c0c04c40104f58a648882d0a11c9305250598f21,DJI_0428,scene_08_DJI_0408-0453,train,train,train,0,0,0,0
DJI_0429_0_0.jpg,5f97972611610e05a5f9b0a985764d05172236d89da572ae83fd16d46bf2625a,DJI_0429,scene_08_DJI_0408-0453,train,train,train,0,0,0,0
DJI_0429_0_1.jpg,2f8b44333b1eb70d50fb1ebb0292e1219c22b1f5a48da226cf06bd042ad5e4f4,DJI_0429,scene_08_DJI_0408-0453,train,train,train,0,0,0,0
DJI_0429_0_2.jpg,db2b8d755efc82ef5e583526b6b1d540ab393852da4ebdd46abab8acb233462c,DJI_0429,scene_08_DJI_0408-0453,train,train,train,0,0,0,0
DJI_0429_0_3.jpg,794c213ebeb2ca592a7ffaa1bc70ce1e7cef964ffed2ba0eabc93c4fd7919f96,DJI_0429,scene_08_DJI_0408-0453,train,train,train,0,0,0,0
DJI_0429_0_4.jpg,c625ff7035fdccec1ab98db19262b099234459178cc131ebf6afaefc991842ba,DJI_0429,scene_08_DJI_0408-0453,train,train,train,0,0,0,0
DJI_0429_1_0.jpg,b8c9854a77e5ec24f804c0430b6d384a239a0100b2584281fd8c383255c89be0,DJI_0429,scene_08_DJI_0408-0453,train,train,train,0,0,0,0
DJI_0429_1_1.jpg,8e357cbd95069660f2880d8c724ef3ade6550ed91ab3f1652eec3c94d794a7ba,DJI_0429,scene_08_DJI_0408-0453,train,train,train,0,0,0,0
DJI_0429_1_2.jpg,c0da262cb98583f7151212ac7ade51175ff009c05d5d5232730bb351372c714a,DJI_0429,scene_08_DJI_0408-0453,train,train,train,1,1,0,1
DJI_0429_1_3.jpg,ec9759a1a4d0ae5730f51aa0c66f6a93acd2189bb840500ffbec706bf725ccb8,DJI_0429,scene_08_DJI_0408-0453,train,train,train,1,0,1,0
DJI_0429_1_4.jpg,a2e158e3ce046174b12870a03fb4df00124756597a075d3806ac98f95c770a4c,DJI_0429,scene_08_DJI_0408-0453,train,train,train,1,1,0,1
DJI_0430_0_0.jpg,bf384a7c234532cba23ed9a11522413b6feff3a093cea0d18b5ba7eab88739bd,DJI_0430,scene_08_DJI_0408-0453,train,train,train,0,0,0,0
DJI_0430_0_1.jpg,e15db795eab8af3fb9403117a560b5405ee13d898612b25f22f879941c2d8c1d,DJI_0430,scene_08_DJI_0408-0453,train,train,train,0,0,0,0
DJI_0430_0_2.jpg,05abecd84b72ade388eb783ddf4c5fe7bdbb0d3d42ede69a1d1af11ce0bd4013,DJI_0430,scene_08_DJI_0408-0453,train,train,train,0,0,0,0
DJI_0430_0_3.jpg,86f8038f09513996364cdc11c5d7d56f428883d48b56e9c1473a128071056a78,DJI_0430,scene_08_DJI_0408-0453,train,train,train,0,0,0,0
DJI_0430_0_4.jpg,6aef0ede42cd90b33c4194c7b7b56de2a52f251d6bad52141f85b921f5e48484,DJI_0430,scene_08_DJI_0408-0453,train,train,train,0,0,0,0
DJI_0430_1_0.jpg,61f933fc870003da821936b61f39b56062d07cffd54982e38345a497ad317056,DJI_0430,scene_08_DJI_0408-0453,train,train,train,1,1,0,1
DJI_0430_1_1.jpg,138a643c01a148b03c104193f39b583d2f0471d6e422d45e7988b3c96238d714,DJI_0430,scene_08_DJI_0408-0453,train,train,train,1,1,0,1
DJI_0430_1_2.jpg,34dd398c5cc127dd7210a355271db716efcd5bc83a16cc0f26c19c432fe0ca32,DJI_0430,scene_08_DJI_0408-0453,train,train,train,0,0,0,0
DJI_0430_1_3.jpg,dbfa73a8362b576ebda38832411183833e055963be0df77ac66766be837b2d08,DJI_0430,scene_08_DJI_0408-0453,train,train,train,1,1,0,1
DJI_0430_1_4.jpg,2d2f85025fb47c98a2a103df71384d4574a2b3a7923cbf2884d192ddc36e6635,DJI_0430,scene_08_DJI_0408-0453,train,train,train,0,0,0,0
DJI_0431_0_0.jpg,f3d17e2b2b7ee6bc131547f7787fec947fc8d147afa11d466c5bbeb3afa74fa6,DJI_0431,scene_08_DJI_0408-0453,train,train,train,0,0,0,0
DJI_0431_0_1.jpg,496cf18b5b38bdc25b0e7198c9acdf48822aa39f5100773f306529a2fa0ef49c,DJI_0431,scene_08_DJI_0408-0453,train,train,train,0,0,0,0
DJI_0431_0_2.jpg,69bb5184faa4d278a6fa43aec54021e13b94efbc68e67fcd7a55fe1fb3a99a9a,DJI_0431,scene_08_DJI_0408-0453,train,train,train,0,0,0,0
DJI_0431_0_3.jpg,2fe6c1ee5538713b878e55a2f8525274cd1a57b8a3d402cfc9c5ab107bf59eac,DJI_0431,scene_08_DJI_0408-0453,train,train,train,0,0,0,0
DJI_0431_0_4.jpg,212c5791c40bcfd665883e1e9a297f3e151231232f7946413f69be702b29a15d,DJI_0431,scene_08_DJI_0408-0453,train,train,train,0,0,0,0
DJI_0431_1_0.jpg,422cfd63a2c5117dbcf56612b78ea2e538b40d20b6067401e551e41b782d5070,DJI_0431,scene_08_DJI_0408-0453,train,train,train,0,0,0,0
DJI_0431_1_1.jpg,08cdc830f6827f5f2b766f6a4a75064f035591252cfcebbd50170873003fbb8b,DJI_0431,scene_08_DJI_0408-0453,train,train,train,1,1,0,1
DJI_0431_1_2.jpg,96494ce57a0d0466dac0e07318336fddc4e344811055343f99496cec7daef019,DJI_0431,scene_08_DJI_0408-0453,train,train,train,0,0,0,0
DJI_0431_1_3.jpg,dd22de70c7b29e06a7fcbaaeda9ecf5d8cc37344fed264f6378cbe0f75fed1fd,DJI_0431,scene_08_DJI_0408-0453,train,train,train,0,0,0,0
DJI_0431_1_4.jpg,b19ea3cc386e98795c2d4c6d613ecfb7f43ea51209780c389e2e643a8c1b19e5,DJI_0431,scene_08_DJI_0408-0453,train,train,train,1,1,0,1
DJI_0432_0_0.jpg,32ec483316c67f175678a3e56ca39250a166a61c90b2fd5295869528cf073fa0,DJI_0432,scene_08_DJI_0408-0453,train,train,train,0,0,0,0
DJI_0432_0_1.jpg,53972da1e4ac25cf5d9a6540ae4f3781cd8f39ff7e14c38d01bc4854f60c4ee5,DJI_0432,scene_08_DJI_0408-0453,train,train,train,0,0,0,0
DJI_0432_0_2.jpg,da4ed0e0e45e9a306740e943110083ca8160371a2261ffff76cef3197be3e964,DJI_0432,scene_08_DJI_0408-0453,train,train,train,1,1,0,1
DJI_0432_0_3.jpg,2ad2a67964f1eaef5a6eaf2faa23d3cebf4f43c766532f722366567e1b697bdb,DJI_0432,scene_08_DJI_0408-0453,train,train,train,0,0,0,0
DJI_0432_0_4.jpg,26dfffb463428245f7746b8a3cd024e78e8ab5a03876087a4f48ded989510f24,DJI_0432,scene_08_DJI_0408-0453,train,train,train,0,0,0,0
DJI_0432_1_0.jpg,c4d2307b4026f41613dc36893fc465eb85dfdb10be38d6123815755595fd691a,DJI_0432,scene_08_DJI_0408-0453,train,train,train,1,1,0,1
DJI_0432_1_1.jpg,54315cb2e08dab3824ea0b20ab0bfcf52d0d6624ae2c73da7ac8e83c1adf9cf2,DJI_0432,scene_08_DJI_0408-0453,train,train,train,0,0,0,0
DJI_0432_1_2.jpg,78cd65b25fa22782e9051975bea06e3da8ba82b3d2b2e29565d7f241e323c642,DJI_0432,scene_08_DJI_0408-0453,train,train,train,1,1,0,1
DJI_0432_1_3.jpg,2351f5efd44b31d288427f122fabd8364c9cc083d5f3cbf81d9f456e8173c7ef,DJI_0432,scene_08_DJI_0408-0453,train,train,train,0,0,0,0
DJI_0432_1_4.jpg,b1e7940153d8277aa635f4627dc76882409d713af5a3d918190de8bec4c33e40,DJI_0432,scene_08_DJI_0408-0453,train,train,train,0,0,0,0
DJI_0433_0_0.jpg,31bdfb51a6ee6b3d14476789901a05234b7148c3b456945114eca56a13956894,DJI_0433,scene_08_DJI_0408-0453,train,train,train,0,0,0,0
DJI_0433_0_1.jpg,ba5ce82c481dc9f414f4754258c11291e140d096f114ba3a66c22d477e925141,DJI_0433,scene_08_DJI_0408-0453,train,train,train,0,0,0,0
DJI_0433_0_2.jpg,b658589e279548543a21c64020ae134d339a06e330b59df19d87081381f711ab,DJI_0433,scene_08_DJI_0408-0453,train,train,train,0,0,0,0
DJI_0433_0_3.jpg,519bfb5a561a316822fb1bd0ed6c0c7ecaea8121004ab0dab0e26237b127567e,DJI_0433,scene_08_DJI_0408-0453,train,train,train,0,0,0,0
DJI_0433_0_4.jpg,5da357e857509cecd42981bfeb3c602854d7b9e8ed76295a5a7a7cdd7d37cfdd,DJI_0433,scene_08_DJI_0408-0453,train,train,train,0,0,0,0
DJI_0433_1_0.jpg,858a84c051763b58d4d5ba193cc276fb2a0e280e619bf13d616d7e6d2f5eef45,DJI_0433,scene_08_DJI_0408-0453,train,train,train,0,0,0,0
DJI_0433_1_1.jpg,5bb3a444f25f2fd249773e24c718ea6dccf0727faafa2285fd872286841f714f,DJI_0433,scene_08_DJI_0408-0453,train,train,train,1,1,0,1
DJI_0433_1_2.jpg,3f77b4fc21441e4cfd5aa59824cd683f9997b330d8953c3fa380e5ddaa8d1c5d,DJI_0433,scene_08_DJI_0408-0453,train,train,train,0,0,0,0
DJI_0433_1_3.jpg,2fcbf5157b2b6c5b9bb11b8dd7d81bc7ad4e3611a54852ba9f662fd74b7d2e18,DJI_0433,scene_08_DJI_0408-0453,train,train,train,0,0,0,0
DJI_0433_1_4.jpg,b1f011abc4dcfc1ed3edc3cc2fd96b7f6163bb1bbd736153e44e96894aa837b6,DJI_0433,scene_08_DJI_0408-0453,train,train,train,0,0,0,0
DJI_0434_0_0.jpg,0f4d936282480946a75e0480bc5741b9ea284496f404926a28227b7d1b838d50,DJI_0434,scene_08_DJI_0408-0453,train,train,train,0,0,0,0
DJI_0434_0_1.jpg,0de21ae7dcf46856c79728d83e8d4ef75091455d6890626060baee38fac3e0b9,DJI_0434,scene_08_DJI_0408-0453,train,train,train,0,0,0,0
DJI_0434_0_2.jpg,63c5d729977d29846281821c8a6a81f60c6ed535f1ade44f062c28b580f4ca13,DJI_0434,scene_08_DJI_0408-0453,train,train,train,0,0,0,0
DJI_0434_0_3.jpg,b42c07ee77e2bd5aa6730c5a867f49647621d26f939719c57223b85fa1ac941a,DJI_0434,scene_08_DJI_0408-0453,train,train,train,0,0,0,0
DJI_0434_0_4.jpg,985d5d76fc8b4a13d4f4389f78de6de44fa8b29fc92e00fd46a9e386cc5f591b,DJI_0434,scene_08_DJI_0408-0453,train,train,train,0,0,0,0
DJI_0434_1_0.jpg,4aac58742519867dcd73e6fffb7fd8ccb151fd876280adea23b1e81f1eb3cfed,DJI_0434,scene_08_DJI_0408-0453,train,train,train,0,0,0,0
DJI_0434_1_1.jpg,678021f2e01b462c35ed77375788210f0d8d5d2b05754f8e964528c7236f3b28,DJI_0434,scene_08_DJI_0408-0453,train,train,train,0,0,0,0
DJI_0434_1_2.jpg,69f60a27b6e9246f781aa0f05cf5d6d36d9111b50e3fb90a7c65e545c98f5963,DJI_0434,scene_08_DJI_0408-0453,train,train,train,0,0,0,0
DJI_0434_1_3.jpg,c97f63e2b830be83f0251027bf64665e2306bc3e032d13081cac4dbd3b26a764,DJI_0434,scene_08_DJI_0408-0453,train,train,train,0,0,0,0
DJI_0434_1_4.jpg,0a707ef63ba8077ff03fda75bd17ea23f8c53f0bba8a7caaf620be306a863705,DJI_0434,scene_08_DJI_0408-0453,train,train,train,1,1,0,1
DJI_0435_0_0.jpg,039d857e9a330811843787969f7d025b72c3a62bb5ea87095bd3875cbebb1af7,DJI_0435,scene_08_DJI_0408-0453,train,train,train,0,0,0,0
DJI_0435_0_1.jpg,b33bc6f8d4e5cf65f1ebd1dba23adf3689fbbd3f3c699bb08b54dc8d3e31cb57,DJI_0435,scene_08_DJI_0408-0453,train,train,train,0,0,0,0
DJI_0435_0_2.jpg,b4bc7b4f506c18a0624152f6404d5f4d8da6e72a4bcc63728d4b3dbbc148b8a7,DJI_0435,scene_08_DJI_0408-0453,train,train,train,0,0,0,0
DJI_0435_0_3.jpg,fe89a57844565503469b626a5282aa1efad24543786c9f21313d6212862fbaf9,DJI_0435,scene_08_DJI_0408-0453,train,train,train,0,0,0,0
DJI_0435_0_4.jpg,75e62d8d988e0b6bf88a794c56a9014b76f973e8b33d39867d6f8458f6e6db72,DJI_0435,scene_08_DJI_0408-0453,train,train,train,0,0,0,0
DJI_0435_1_0.jpg,416cc981ce0c5c37a030567d59e8e5eebdb83583f0cfc4d58d4f3444c6078dcf,DJI_0435,scene_08_DJI_0408-0453,train,train,train,0,0,0,0
DJI_0435_1_1.jpg,ff084a6cd3607cdca0dbd5f455ca59f91e63ae1e21107e9b37b32bb3307c9cc4,DJI_0435,scene_08_DJI_0408-0453,train,train,train,0,0,0,0
DJI_0435_1_2.jpg,e39d864227374317260bc1e741c1aaaaebc600dbfd9a0ef7722119f18991ef90,DJI_0435,scene_08_DJI_0408-0453,train,train,train,0,0,0,0
DJI_0435_1_3.jpg,08da15396e3c458c9825a5cd8ebde16cbd56848d80374a7132f60e2319cd6855,DJI_0435,scene_08_DJI_0408-0453,train,train,train,1,0,1,0
DJI_0435_1_4.jpg,2afd2f997c5c4007ed5d6a840d097b16b1c4156e646dd73240cb7b32b5fb4980,DJI_0435,scene_08_DJI_0408-0453,train,train,train,1,1,0,1
DJI_0436_0_0.jpg,8c6936eb9fdcb61944382fb49ca8a7dc6532837355ee5e4152fa5e7de1d83246,DJI_0436,scene_08_DJI_0408-0453,train,train,train,0,0,0,0
DJI_0436_0_1.jpg,1d6603bb0d27bedb2207dc6fb254a24505e893c3eabf2bef89cbdffd626797bc,DJI_0436,scene_08_DJI_0408-0453,train,train,train,0,0,0,0
DJI_0436_0_2.jpg,bc7b008fcd3ddeb7e7a4593104562df265cfdebcc589cfc73bf65790cf719438,DJI_0436,scene_08_DJI_0408-0453,train,train,train,0,0,0,0
DJI_0436_0_3.jpg,47dee7b60cee89f64dfc55166976b52c4ac1b970d14087c99f7b7863afae7058,DJI_0436,scene_08_DJI_0408-0453,train,train,train,0,0,0,0
DJI_0436_0_4.jpg,2470ad36ccf81e13a5d1c7954452f9dda52d0eca300d360e5b9e123e4798e9d9,DJI_0436,scene_08_DJI_0408-0453,train,train,train,0,0,0,0
DJI_0436_1_0.jpg,0df6110a569fa6039a49f9e0d9f01f39a18297062820e238e8f170cf910f6d80,DJI_0436,scene_08_DJI_0408-0453,train,train,train,0,0,0,0
DJI_0436_1_1.jpg,a5f29aa78b2599e607e8b2cd03637fcbfbae28e122a1a84ee228f8789c0f9280,DJI_0436,scene_08_DJI_0408-0453,train,train,train,0,0,0,0
DJI_0436_1_2.jpg,7ba724946047b99b92717cd2f63caa62687ed02b4eabe54c3e9ea3639285a8ca,DJI_0436,scene_08_DJI_0408-0453,train,train,train,0,0,0,0
DJI_0436_1_3.jpg,38d30effa3c20043e1260c69f9d811c91d4150c70dc23a28677bbe2bfda8e7a0,DJI_0436,scene_08_DJI_0408-0453,train,train,train,0,0,0,0
DJI_0436_1_4.jpg,db1f2314bd61654633be5f1b381b857324e1ee7f786a4de764989e409aa81902,DJI_0436,scene_08_DJI_0408-0453,train,train,train,1,1,0,1
DJI_0437_0_0.jpg,62e6f6020b2188ab5ce33158ee44d61158584ab875a479db5b2f7fde8d8aef72,DJI_0437,scene_08_DJI_0408-0453,train,train,train,0,0,0,0
DJI_0437_0_1.jpg,6f7a409a012bd0bae3a96ccad774f1e590626473e5def2b6d8edab8d71e81137,DJI_0437,scene_08_DJI_0408-0453,train,train,train,0,0,0,0
DJI_0437_0_2.jpg,ac87298e6a6ed2c0f7b13eb9387be0dec3c8a841f76cc2a539e5a5d00583448e,DJI_0437,scene_08_DJI_0408-0453,train,train,train,0,0,0,0
DJI_0437_0_3.jpg,619050857582290a55378f613728cf454030bc986e4e8a338213c2f7178f85ce,DJI_0437,scene_08_DJI_0408-0453,train,train,train,0,0,0,0
DJI_0437_0_4.jpg,a1f0a523251954d0693ce41720394ee751b15fde2a8ed8aae951f33bcfeb7664,DJI_0437,scene_08_DJI_0408-0453,train,train,train,0,0,0,0
DJI_0437_1_0.jpg,6984b5d6c24dba974f4f4cd774568c7b56dcc5d1d4f8a5392a709918a44ff805,DJI_0437,scene_08_DJI_0408-0453,train,train,train,0,0,0,0
DJI_0437_1_1.jpg,427be60b3959c326fa52d1d2587085d64043ad777a4afd963cc48f3e52cba0b8,DJI_0437,scene_08_DJI_0408-0453,train,train,train,0,0,0,0
DJI_0437_1_2.jpg,c43ffc886faacacb0d4064b4468b7a5a6e0417e342ef050dd4202cc0d7a78dac,DJI_0437,scene_08_DJI_0408-0453,train,train,train,1,1,0,1
DJI_0437_1_3.jpg,d87584a3b1160f97d951ffe6346e88ce6a5b3f8b39974759e49ac36f8265fd10,DJI_0437,scene_08_DJI_0408-0453,train,train,train,0,0,0,0
DJI_0437_1_4.jpg,b40b6215a398da67efc7274a3d01cdaa07de56bfbb03a8f5dd916fc5d805b001,DJI_0437,scene_08_DJI_0408-0453,train,train,train,0,0,0,0
DJI_0440_0_0.jpg,cd8be9aaceb343ad19fbb9ac2ae715f1853eb719f10bfdbf78f4819078c873e0,DJI_0440,scene_08_DJI_0408-0453,train,train,train,0,0,0,0
DJI_0440_0_1.jpg,c8530f2c5721f5b6499cee206674f8535a5353ed8cee2b7a62a364f1c2e19982,DJI_0440,scene_08_DJI_0408-0453,train,train,train,0,0,0,0
DJI_0440_0_2.jpg,f175e32b9350ac34629d11c9340a7a60b9ec3fe88488a23a2e347ef760e87432,DJI_0440,scene_08_DJI_0408-0453,train,train,train,0,0,0,0
DJI_0440_0_3.jpg,abfdc21b5e19b9998f76bc8c56a509ab54cdf57fdb2e521ae1f8be5b44befb97,DJI_0440,scene_08_DJI_0408-0453,train,train,train,0,0,0,0
DJI_0440_0_4.jpg,a6b169145aec84b2cb4fbbc284e1d3465d5ac83547e5c070d570840d07a01811,DJI_0440,scene_08_DJI_0408-0453,train,train,train,0,0,0,0
DJI_0440_1_0.jpg,dcc418ac0d52a24ac3ed07b15019161a76cf189a817d75d0cdbd75f04e143f56,DJI_0440,scene_08_DJI_0408-0453,train,train,train,0,0,0,0
DJI_0440_1_1.jpg,c5c533c1c34d88fd3b7b1035a764c508f860be53c4b0a0eca52aeeecc8697237,DJI_0440,scene_08_DJI_0408-0453,train,train,train,1,1,0,1
DJI_0440_1_2.jpg,f9b622c2b92ecad880484abeb3e8a172fcbb298cdfe298e39379bd4e25b3a55e,DJI_0440,scene_08_DJI_0408-0453,train,train,train,0,0,0,0
DJI_0440_1_3.jpg,116cc5ff84d1e299b76cba9df69be06968ad496f91faa2e9d93fbbb62a4d34cf,DJI_0440,scene_08_DJI_0408-0453,train,train,train,0,0,0,0
DJI_0440_1_4.jpg,edc2488bd743ca57107a014da1b99a1b9ecb9851f8a6703540f8f4d8ddc585e9,DJI_0440,scene_08_DJI_0408-0453,train,train,train,0,0,0,0
DJI_0441_0_0.jpg,4d7f834b4a1cfc3c134ec1cf642caf47d954956ba458981e4bd303030725c684,DJI_0441,scene_08_DJI_0408-0453,train,train,train,0,0,0,0
DJI_0441_0_1.jpg,4d244ea72efd0101b5d28cc234a2205db1439311cedef4a2112cdd3ac1bd229f,DJI_0441,scene_08_DJI_0408-0453,train,train,train,0,0,0,0
DJI_0441_0_2.jpg,3f35431f211fb5884630217c19bd5d8e3071d69295aebad58e56a7253c685311,DJI_0441,scene_08_DJI_0408-0453,train,train,train,0,0,0,0
DJI_0441_0_3.jpg,adb24a7c3bfd7ec5bd4a0c64b37247150feb409e7a334a22dfba7f2809964eb5,DJI_0441,scene_08_DJI_0408-0453,train,train,train,0,0,0,0
DJI_0441_0_4.jpg,ed518d4e219ec1ad0f697926f5c937db6a14b0859dd4d25e1b4bda95abe0a08c,DJI_0441,scene_08_DJI_0408-0453,train,train,train,0,0,0,0
DJI_0441_1_0.jpg,1e8914a4d4c534cc1a6aad5358bc14c18dfba029a993634ecc983466079d1fc6,DJI_0441,scene_08_DJI_0408-0453,train,train,train,0,0,0,0
DJI_0441_1_1.jpg,4b99c93bd6a57c0e09bd495633a5997570929d8fad04e4649a88891a10fd9d11,DJI_0441,scene_08_DJI_0408-0453,train,train,train,1,1,0,1
DJI_0441_1_2.jpg,cdc2d9371804c810af100b2a19735b015443d6c5d18d698900d8657bebecd799,DJI_0441,scene_08_DJI_0408-0453,train,train,train,0,0,0,0
DJI_0441_1_3.jpg,a466994e52a5474c47da035e886ca568cb875fb246fc924e75642b8ffdf0bf8a,DJI_0441,scene_08_DJI_0408-0453,train,train,train,0,0,0,0
DJI_0441_1_4.jpg,af75872b480482e151390ec49e0f3ab94ffdc0ceb61ed06ede2739b90557dc2a,DJI_0441,scene_08_DJI_0408-0453,train,train,train,0,0,0,0
DJI_0442_0_0.jpg,07df9be8a419fc2e16e755459f3a72c79c66c85c6ba2cfad0abfcfa45cb61cb8,DJI_0442,scene_08_DJI_0408-0453,train,train,train,0,0,0,0
DJI_0442_0_1.jpg,450d13061565ddcc4d7262bc1a7b1367b5fda8e7154cacd767f3a2ee88e08ade,DJI_0442,scene_08_DJI_0408-0453,train,train,train,0,0,0,0
DJI_0442_0_2.jpg,97df20d3283feff75537ff9949313f3aeca5c3fdb5148a2c8c82b936491839fa,DJI_0442,scene_08_DJI_0408-0453,train,train,train,1,1,0,1
DJI_0442_0_3.jpg,2e87cf26fda79cc3fb3a19e6797af4d94c7c35a5023f0b2728a01a250cd102cd,DJI_0442,scene_08_DJI_0408-0453,train,train,train,0,0,0,0
DJI_0442_0_4.jpg,71480aa16d1864632de44ef14221015a6c8e165d39df19c57c556a250a602f63,DJI_0442,scene_08_DJI_0408-0453,train,train,train,0,0,0,0
DJI_0442_1_0.jpg,724498ba8497e31462f022f34a0e67df778f90a428c7eefff340421f97e8bbf8,DJI_0442,scene_08_DJI_0408-0453,train,train,train,0,0,0,0
DJI_0442_1_1.jpg,f8f88f7ce5eaae0dac11c1fb6d43ebb3ad74e02a37f1ccf612b787e487fe814c,DJI_0442,scene_08_DJI_0408-0453,train,train,train,0,0,0,0
DJI_0442_1_2.jpg,7a21fa2015c8cec38a015c6b87d1de15a9133e1aca01728c08d139613212843a,DJI_0442,scene_08_DJI_0408-0453,train,train,train,1,1,0,1
DJI_0442_1_3.jpg,d21d75d845d7d8ee6539c89988412de3c4f34dfd2aa57b8103cde37548271117,DJI_0442,scene_08_DJI_0408-0453,train,train,train,0,0,0,0
DJI_0442_1_4.jpg,913bdc0aeb35e15b8a9c1ae525ee4837ad31d9872caf98345288da4e36a503e0,DJI_0442,scene_08_DJI_0408-0453,train,train,train,0,0,0,0
DJI_0443_0_0.jpg,940fef18c93123a37e94fb2cda7532841ea210213f6e2ee0ba8b1a8c85cc1211,DJI_0443,scene_08_DJI_0408-0453,train,train,train,0,0,0,0
DJI_0443_0_1.jpg,90bc3a61fac20f572d6aa2bba8de42eeff45fbd175c21062e09f285b86ecc16c,DJI_0443,scene_08_DJI_0408-0453,train,train,train,0,0,0,0
DJI_0443_0_2.jpg,cd5bb791acf20ad6a79a40602ddd2ade0bc55456c6d0af5a56c1a833f230c692,DJI_0443,scene_08_DJI_0408-0453,train,train,train,0,0,0,0
DJI_0443_0_3.jpg,51b7aee1bcb18a4e7ad8aa0787133e12238799950979d1505bea204bf3e8a67b,DJI_0443,scene_08_DJI_0408-0453,train,train,train,0,0,0,0
DJI_0443_0_4.jpg,787a5f0f955f083350a5fb63ac6a8f0217d4b90d69b043508f66c7cd5601fc3b,DJI_0443,scene_08_DJI_0408-0453,train,train,train,0,0,0,0
DJI_0443_1_0.jpg,8cd2f28b318a219a819aee1434a2ae484cc72b231aefd04aa68272f4cfec064d,DJI_0443,scene_08_DJI_0408-0453,train,train,train,0,0,0,0
DJI_0443_1_1.jpg,1e7cf4a310d94e07fac1b392657cce055632cadfacfc000611ea97f05a0ba5d8,DJI_0443,scene_08_DJI_0408-0453,train,train,train,1,1,0,1
DJI_0443_1_2.jpg,e7f11836bf0e3cf95cbf5956dca63697ca76b48a5396f4a984d285e05be681bb,DJI_0443,scene_08_DJI_0408-0453,train,train,train,0,0,0,0
DJI_0443_1_3.jpg,b32b4509bd421d9048d3ca5bd3730359c5989ff33ca266a49d0d8c65cb7ce167,DJI_0443,scene_08_DJI_0408-0453,train,train,train,0,0,0,0
DJI_0443_1_4.jpg,28f2482f177b06479095ef0fe2052ac9b00aacaa1d7264cc3d265543df3c7704,DJI_0443,scene_08_DJI_0408-0453,train,train,train,0,0,0,0
DJI_0444_0_0.jpg,0b82808eea50700022d63617177d43b9aea54c450d889d7ebea71083f93f8735,DJI_0444,scene_08_DJI_0408-0453,train,train,train,0,0,0,0
DJI_0444_0_1.jpg,33ae9d7c591cce43f66736728d38afd3bb57130d74a99c4dbaa1b017d01fd008,DJI_0444,scene_08_DJI_0408-0453,train,train,train,0,0,0,0
DJI_0444_0_2.jpg,1858a25dfa18492242573049f3f2013963b1dadea13a3cb59d5b70d6f87bf92c,DJI_0444,scene_08_DJI_0408-0453,train,train,train,0,0,0,0
DJI_0444_0_3.jpg,47bfa234d85177d96eda98fa4431c972f7450b8c3762f39125fbb9f45ba0fde8,DJI_0444,scene_08_DJI_0408-0453,train,train,train,0,0,0,0
DJI_0444_0_4.jpg,752c8beaf19f65da683611fbb154bef657c9361e57d0ce667a5d74a72ea40d3f,DJI_0444,scene_08_DJI_0408-0453,train,train,train,0,0,0,0
DJI_0444_1_0.jpg,7c72f3c82f5fa09530019749b585ddda972b0ceafde7067edbbd22d39363da3d,DJI_0444,scene_08_DJI_0408-0453,train,train,train,1,1,0,1
DJI_0444_1_1.jpg,c434ee5c9881e3058cfa632961db3ac7c53438b6fa59ff39d1352ddc0ce405f8,DJI_0444,scene_08_DJI_0408-0453,train,train,train,0,0,0,0
DJI_0444_1_2.jpg,2b4059142454a738d029fd7cef31143ed6f9fbfe73906d023c8ac112ad20071b,DJI_0444,scene_08_DJI_0408-0453,train,train,train,0,0,0,0
DJI_0444_1_3.jpg,e57222a55dcec5667da932d193150d64aa87b04847d4f82ad518621c6945bcb4,DJI_0444,scene_08_DJI_0408-0453,train,train,train,0,0,0,0
DJI_0444_1_4.jpg,c6c054278148ed15d1e174dd274e07b71af6e1e540b6bbbc663121918aa37843,DJI_0444,scene_08_DJI_0408-0453,train,train,train,0,0,0,0
DJI_0445_0_0.jpg,c83eb5f472d160e7821d2188278760f636d050002fd34c5028ee0626312afc59,DJI_0445,scene_08_DJI_0408-0453,train,train,train,0,0,0,0
DJI_0445_0_1.jpg,2895206ea2426913fe278ded108c30b80866d0b8f2a40d59364df8b67d79262f,DJI_0445,scene_08_DJI_0408-0453,train,train,train,0,0,0,0
DJI_0445_0_2.jpg,d9c05b1790687ffb7f002b51f68f87a4d76108a63288d1234869f65137c3414f,DJI_0445,scene_08_DJI_0408-0453,train,train,train,0,0,0,0
DJI_0445_0_3.jpg,ec648466a088def99656258aac90a94a3cf660ffe638056c43bc8db2a29aec99,DJI_0445,scene_08_DJI_0408-0453,train,train,train,0,0,0,0
DJI_0445_0_4.jpg,add9e92e87af50af5d658c4c2fa9cccae8852b13035e0b2b0e0e6ddc810e4637,DJI_0445,scene_08_DJI_0408-0453,train,train,train,0,0,0,0
DJI_0445_1_0.jpg,1f50e96f5458a8b14f16f793a2c869e15cf3a24718405fc12491be9f0bbea6b0,DJI_0445,scene_08_DJI_0408-0453,train,train,train,0,0,0,0
DJI_0445_1_1.jpg,54e3d8b765893c12ddfaf07bdbc0ee1c36b3bbdb4090c904879ff561cf57f96d,DJI_0445,scene_08_DJI_0408-0453,train,train,train,0,0,0,0
DJI_0445_1_2.jpg,385e392bdcddff7c82ac20b905d109a98ae8d8038c452d52019ae5790015ff52,DJI_0445,scene_08_DJI_0408-0453,train,train,train,0,0,0,0
DJI_0445_1_3.jpg,062c7acba64be12b578c9df47a861ce6549ab9a165ef0391d0617ccd7effc380,DJI_0445,scene_08_DJI_0408-0453,train,train,train,0,0,0,0
DJI_0445_1_4.jpg,bd18bed17ccf0447cac741c3332e53dee9340efb20257dbce72b2d1f3669ad49,DJI_0445,scene_08_DJI_0408-0453,train,train,train,1,1,0,1
DJI_0446_0_0.jpg,bdc401305836c19c7a84cae5dffbb2c348c5e5501782896c4d5fbe2564a4a0ac,DJI_0446,scene_08_DJI_0408-0453,train,train,train,0,0,0,0
DJI_0446_0_1.jpg,d1fdc99b72c0fa981c49bbf4f46eda553d8e501bb20f4625f2844bfd22ad02aa,DJI_0446,scene_08_DJI_0408-0453,train,train,train,0,0,0,0
DJI_0446_0_2.jpg,30f1bf7bc94ceb034e0a11ab8adfd2b51e5cae0904b498df96fba15906ceb557,DJI_0446,scene_08_DJI_0408-0453,train,train,train,0,0,0,0
DJI_0446_0_3.jpg,8ee88666663d08f7f77a6cc28bc9a47c56f7fde84725871167414a5cbac1ba7d,DJI_0446,scene_08_DJI_0408-0453,train,train,train,0,0,0,0
DJI_0446_0_4.jpg,efbcc682859d5b5eec9277557a619e969df18b6f9eb530acd98a8ed69cb3feb7,DJI_0446,scene_08_DJI_0408-0453,train,train,train,0,0,0,0
DJI_0446_1_0.jpg,78c6a06c318b1cdd16ffdd65934b94f6944c103c25b1b135614b47062d41053f,DJI_0446,scene_08_DJI_0408-0453,train,train,train,0,0,0,0
DJI_0446_1_1.jpg,98103aba0cf2cad3d2b58ba6ff25abdf823c9c45a4d951899c992318fc2c2506,DJI_0446,scene_08_DJI_0408-0453,train,train,train,0,0,0,0
DJI_0446_1_2.jpg,8041eae84a1c9e0e563242d8e4a13d4604a3d3232ff40d087879d44795ed461f,DJI_0446,scene_08_DJI_0408-0453,train,train,train,0,0,0,0
DJI_0446_1_3.jpg,268db9a5341f05e26f4eeaf70826349557f55ae0a1c2232f956b1ba908cedbf9,DJI_0446,scene_08_DJI_0408-0453,train,train,train,1,0,1,0
DJI_0446_1_4.jpg,3c83a75ea47cf8e1052165a908ba56c1b19693ab04a94b0b0b8ddf4193dfc067,DJI_0446,scene_08_DJI_0408-0453,train,train,train,1,1,0,1
DJI_0447_0_0.jpg,0addd915af6fa3e327fc6a90f4398f5057da4c02042f6d6786d6ba767ba02570,DJI_0447,scene_08_DJI_0408-0453,train,train,train,0,0,0,0
DJI_0447_0_1.jpg,7d2291eda65ed4016aefc3d79002aa8890c31850edca9843cfaba99d0b73b225,DJI_0447,scene_08_DJI_0408-0453,train,train,train,0,0,0,0
DJI_0447_0_2.jpg,66a8f279a7b2f7704e6a6131701dff2642067899cf958af7fe52413fbfcad025,DJI_0447,scene_08_DJI_0408-0453,train,train,train,0,0,0,0
DJI_0447_0_3.jpg,11c2b980bc9d819ac5cd21a2db708767e20213a84aa61eb8e7bfe7eeef89e679,DJI_0447,scene_08_DJI_0408-0453,train,train,train,0,0,0,0
DJI_0447_0_4.jpg,0daee7e074ff232d6f5c194abbee8366f944d00af6eeb8eab24b236f5eb05a60,DJI_0447,scene_08_DJI_0408-0453,train,train,train,0,0,0,0
DJI_0447_1_0.jpg,75c3d2c7890f363339db5cad7dfcd0f45b72b9eca1c4021ebb07f3cbe445691d,DJI_0447,scene_08_DJI_0408-0453,train,train,train,0,0,0,0
DJI_0447_1_1.jpg,6ddebbc447f7c2ed77e1bbbee6c95fe1a76ade7a3e1584b8f1d957dd5dd4faed,DJI_0447,scene_08_DJI_0408-0453,train,train,train,0,0,0,0
DJI_0447_1_2.jpg,f858ab32a51802a563913457905b5b5d5a9c264c68a99c2b18d73d4b1fc64adb,DJI_0447,scene_08_DJI_0408-0453,train,train,train,1,1,0,1
DJI_0447_1_3.jpg,5f99722f2b41e7e86085a96aa5cc6f8dded93ca5540458229b63d1173d94bfff,DJI_0447,scene_08_DJI_0408-0453,train,train,train,0,0,0,0
DJI_0447_1_4.jpg,2d0aa07baa9035f56c29b818371f9a06bba110b999517678bb00bbfe67ee3fcd,DJI_0447,scene_08_DJI_0408-0453,train,train,train,0,0,0,0
DJI_0448_0_0.jpg,3fc3cfd26b218a6e0286f09d46b86b9113aa81e90d8b334748668c35f72724ec,DJI_0448,scene_08_DJI_0408-0453,train,train,train,0,0,0,0
DJI_0448_0_1.jpg,8d06e264942fa685d6a90b7e6c10c446a8a422ad3c9ff2d20439d744356f1d16,DJI_0448,scene_08_DJI_0408-0453,train,train,train,0,0,0,0
DJI_0448_0_2.jpg,b211182d048a52d8aa0fc47d6dea83690f9de892e363948b0815d5286384ed4c,DJI_0448,scene_08_DJI_0408-0453,train,train,train,0,0,0,0
DJI_0448_0_3.jpg,1421ddbb1f75b62b51d8d8be93739852e4bdf43d2779e373d6a25f47be1b60f0,DJI_0448,scene_08_DJI_0408-0453,train,train,train,0,0,0,0
DJI_0448_0_4.jpg,b43b0fdd1a42c52218cd0a21781ac6aeca1b9ee8a2855ca7785c73d1d19eff0f,DJI_0448,scene_08_DJI_0408-0453,train,train,train,0,0,0,0
DJI_0448_1_0.jpg,85ae16b0b4fe4dd580ed70f4f9d2555e8c36d12c961779760aed6b9fb56d036e,DJI_0448,scene_08_DJI_0408-0453,train,train,train,0,0,0,0
DJI_0448_1_1.jpg,ed2912e2df18c88b5d3f73186b466b77f173767bfcfe3ef259eba0acb67d71fb,DJI_0448,scene_08_DJI_0408-0453,train,train,train,0,0,0,0
DJI_0448_1_2.jpg,9778c34554be373bac3a9974c804af0632544d8e98e33781c5f7adae909b7147,DJI_0448,scene_08_DJI_0408-0453,train,train,train,1,1,0,1
DJI_0448_1_3.jpg,cdfb0f8b3e1b3d467dfebacb441f43efda01cb86bff677fe61340b4f4c4bb52a,DJI_0448,scene_08_DJI_0408-0453,train,train,train,0,0,0,0
DJI_0448_1_4.jpg,0b70c77b4afd6651b04a31764943bca631a0ddbcfea6679219d3e4de4afdb806,DJI_0448,scene_08_DJI_0408-0453,train,train,train,0,0,0,0
DJI_0449_0_0.jpg,76adebffdeb7a7b9de7ca75b99a6a7ffea9f92edbd8eedbf62f34e157c4accc6,DJI_0449,scene_08_DJI_0408-0453,train,train,train,0,0,0,0
DJI_0449_0_1.jpg,fd07514a16effa077c985b703399c31dd7462eb71f70427905e6a6b9308fb2d2,DJI_0449,scene_08_DJI_0408-0453,train,train,train,1,1,0,1
DJI_0449_0_2.jpg,a6afe9459193c4dcc5933a49901c54c257492e42f34db450e71c1d554b65a349,DJI_0449,scene_08_DJI_0408-0453,train,train,train,1,1,0,1
DJI_0449_0_3.jpg,de086e6b6c16e6d0c79459e2babb6fc77826f787aa1bad877abad0f3b0a0c734,DJI_0449,scene_08_DJI_0408-0453,train,train,train,0,0,0,0
DJI_0449_0_4.jpg,8e6ab662473df45bd2a3e1bfb3c59747ac4df59d1fe304eb5864d6357976775b,DJI_0449,scene_08_DJI_0408-0453,train,train,train,0,0,0,0
DJI_0449_1_0.jpg,6237cafa21b95a1e3cd9b675770d5aad3c7b5c914b8515109e65ba739afb2cf0,DJI_0449,scene_08_DJI_0408-0453,train,train,train,0,0,0,0
DJI_0449_1_1.jpg,58082ba623b271cc825646d19d59ccc8bcfbf09f3da250ef7edf6e4a0b413ba7,DJI_0449,scene_08_DJI_0408-0453,train,train,train,1,1,0,1
DJI_0449_1_2.jpg,d66c556bff1e17e00aa52597063b43bcef9fc3efea59049a8063bc8091de1166,DJI_0449,scene_08_DJI_0408-0453,train,train,train,1,1,0,1
DJI_0449_1_3.jpg,cfa1a494a6b3239d2bc4ffb4f0d22f5abf092a2e3b27e626bbadad32c39b7004,DJI_0449,scene_08_DJI_0408-0453,train,train,train,0,0,0,0
DJI_0449_1_4.jpg,a04ef4cb5b16cbd22cbb3854b287e35333f21408364c954c015f54b8debf6b68,DJI_0449,scene_08_DJI_0408-0453,train,train,train,0,0,0,0
DJI_0450_0_0.jpg,85646bb082fd40feb8975495ac910155d27f2ec067dd9d1c536227b797578d8e,DJI_0450,scene_08_DJI_0408-0453,train,train,train,0,0,0,0
DJI_0450_0_1.jpg,49184d1b6f45faee154a19b76f81816f8e973113d5dd1425bbf885a2041e5aaa,DJI_0450,scene_08_DJI_0408-0453,train,train,train,0,0,0,0
DJI_0450_0_2.jpg,8cfad91a97ac8d7aff03889a288ad37cd7c7df463d1ddb12abf66bb8bea16fee,DJI_0450,scene_08_DJI_0408-0453,train,train,train,0,0,0,0
DJI_0450_0_3.jpg,28173267d98198eb98aadaf44cbe9933face0c90d054a8e19f8c355148d2bc8d,DJI_0450,scene_08_DJI_0408-0453,train,train,train,0,0,0,0
DJI_0450_0_4.jpg,e8e05a4f2816b888df610b44fa7d9c6c7d2a0dfee26c0b17b58b40db0ee5d01f,DJI_0450,scene_08_DJI_0408-0453,train,train,train,0,0,0,0
DJI_0450_1_0.jpg,59c3e0164c3280073202543a5352c5e6b2a397e65182609aa0f9b764985895bf,DJI_0450,scene_08_DJI_0408-0453,train,train,train,0,0,0,0
DJI_0450_1_1.jpg,da655471fa9ae3feceb6be16e59a7bff2e437f43696684488e9f6d3985bbfb25,DJI_0450,scene_08_DJI_0408-0453,train,train,train,0,0,0,0
DJI_0450_1_2.jpg,1a03b1c3f33a36425e9942f7f4c9673af77abe439642b7959e591242101010fd,DJI_0450,scene_08_DJI_0408-0453,train,train,train,1,1,0,1
DJI_0450_1_3.jpg,08285dd0897bf3ac245f6b0d8a3479c5b17cab8fd383616faa6c8d39ab9123a1,DJI_0450,scene_08_DJI_0408-0453,train,train,train,0,0,0,0
DJI_0450_1_4.jpg,32b73938d9c35a6960f3b0b9fa48d93259d973dc4565a661d8f9c20203b05515,DJI_0450,scene_08_DJI_0408-0453,train,train,train,0,0,0,0
DJI_0451_0_0.jpg,6cadb40edde9a389b861e29d2fe793c0b03c5daaf774c80c68c76bbaceb11a71,DJI_0451,scene_08_DJI_0408-0453,train,train,train,0,0,0,0
DJI_0451_0_1.jpg,7680a19576d870c66469f3428b3942102431c343853d40e3a4745b9d840a2413,DJI_0451,scene_08_DJI_0408-0453,train,train,train,0,0,0,0
DJI_0451_0_2.jpg,5f2c5cd76b8056be259bb3c637b9938b930cd44503cf5077a4bcb5141f094c0c,DJI_0451,scene_08_DJI_0408-0453,train,train,train,0,0,0,0
DJI_0451_0_3.jpg,68073cec842d7a220c9c021c341da468780e950273e26b6ad083a1f88219f1d9,DJI_0451,scene_08_DJI_0408-0453,train,train,train,0,0,0,0
DJI_0451_0_4.jpg,78af53b03189e72812eb4c8917e8a793884b14b6421dfea6809c26e5f23d438f,DJI_0451,scene_08_DJI_0408-0453,train,train,train,0,0,0,0
DJI_0451_1_0.jpg,e7bd2c5ad3da5299b41294154ba71f915a8706b4f60fe7a9cc82188598dd6349,DJI_0451,scene_08_DJI_0408-0453,train,train,train,0,0,0,0
DJI_0451_1_1.jpg,1db1511ee7f74df74e6761298b7cbee6b2dc1dc5ed81ce291b1b318388e96052,DJI_0451,scene_08_DJI_0408-0453,train,train,train,1,1,0,1
DJI_0451_1_2.jpg,b1ef57fbe13703119fabe04171cdf8921c3c5b47be475dd4f2cfc0b048cf211a,DJI_0451,scene_08_DJI_0408-0453,train,train,train,1,1,0,1
DJI_0451_1_3.jpg,3bf11290de06a7fedccd64c39f0ed28212b0195db8ca7b8e1a1a504e8ecf950d,DJI_0451,scene_08_DJI_0408-0453,train,train,train,0,0,0,0
DJI_0451_1_4.jpg,4bd4e6669370625778614f23668e028a27bb8426e2d009c087e28011f239fe52,DJI_0451,scene_08_DJI_0408-0453,train,train,train,0,0,0,0
DJI_0452_0_0.jpg,a6cffe45d848748fc03556ed3618cb7863e553c9e98ff6dc444d25e6f645d1cf,DJI_0452,scene_08_DJI_0408-0453,train,train,train,0,0,0,0
DJI_0452_0_1.jpg,517684de7d6bed8853a7497f9bf5b5e856de4e46cd3aa8fc6a864f5c34ad00c9,DJI_0452,scene_08_DJI_0408-0453,train,train,train,0,0,0,0
DJI_0452_0_2.jpg,55aa0d93b5a044567a3cb446419ac803e7813dd82589ee4cf6cf63c2064b1759,DJI_0452,scene_08_DJI_0408-0453,train,train,train,0,0,0,0
DJI_0452_0_3.jpg,018b682e7c99eaa7161a7f0d43f52355b4020ae0ffd0b651146b6f8cd9b75bf4,DJI_0452,scene_08_DJI_0408-0453,train,train,train,0,0,0,0
DJI_0452_0_4.jpg,0bfb237a82f38473e7301d824353f7f81fbc1d4fe4eaaec4841ae5acaac43936,DJI_0452,scene_08_DJI_0408-0453,train,train,train,0,0,0,0
DJI_0452_1_0.jpg,baf790e5f464b0988a6d8a6e954c32d309b9d55f0b0f0b89b9a28f7ac4b6310a,DJI_0452,scene_08_DJI_0408-0453,train,train,train,0,0,0,0
DJI_0452_1_1.jpg,46c847d44106399e4e67c2278bceadb8e34903c626c217698caf61b762ebc01d,DJI_0452,scene_08_DJI_0408-0453,train,train,train,0,0,0,0
DJI_0452_1_2.jpg,41233ebbce7469904995c5bde6f7cae6b980d5b382e67aaa511dfb4f4aa03e0a,DJI_0452,scene_08_DJI_0408-0453,train,train,train,1,0,1,0
DJI_0452_1_3.jpg,bbf3a7f14ba031b26fd91b73eff54233f03d7585604760642b81fbd5ee2bc516,DJI_0452,scene_08_DJI_0408-0453,train,train,train,1,1,0,1
DJI_0452_1_4.jpg,444c42a7352d07f18427df881b5aca89ce26bc438d1dd4b33edba7ea551cdd42,DJI_0452,scene_08_DJI_0408-0453,train,train,train,0,0,0,0
DJI_0453_0_0.jpg,c9c73c6893b869007354aab91e0c71149c7a11682d2f495c30c1d9f9d2f1eed4,DJI_0453,scene_08_DJI_0408-0453,train,train,train,0,0,0,0
DJI_0453_0_1.jpg,b1ec542b7fb87e89817cbb1c3de40f839fa607ad17c5432a340b1d6b21e290b7,DJI_0453,scene_08_DJI_0408-0453,train,train,train,0,0,0,0
DJI_0453_0_2.jpg,9570677f9068ef5645817d522060f47a2819cdc226e1898c6c881dd5f4a29a14,DJI_0453,scene_08_DJI_0408-0453,train,train,train,0,0,0,0
DJI_0453_0_3.jpg,1859546055156e53f1ef6990d07eead345b068d03096ed9b434a4ea1ae76f193,DJI_0453,scene_08_DJI_0408-0453,train,train,train,0,0,0,0
DJI_0453_0_4.jpg,790ea0a6202c8e10ab012270c944046e0d8f661e516e8b58c877b7496dd0ecbc,DJI_0453,scene_08_DJI_0408-0453,train,train,train,0,0,0,0
DJI_0453_1_0.jpg,e1e7f77f90c6109c42c9e47d47c65c75f3de16586212d6aa3db6d8374382231c,DJI_0453,scene_08_DJI_0408-0453,train,train,train,0,0,0,0
DJI_0453_1_1.jpg,43258a3a7b0290bc70ce1c6a4fc904853f0d30828ba63cd75b5150a800355bdc,DJI_0453,scene_08_DJI_0408-0453,train,train,train,0,0,0,0
DJI_0453_1_2.jpg,0caf37fe5fe2c15e5b9b81c5753c4b9b51dcc7b725e0d4a3e492994271d5426a,DJI_0453,scene_08_DJI_0408-0453,train,train,train,0,0,0,0
DJI_0453_1_3.jpg,1327cc79a91c1746d5e44f8e0cbf0d46135b051c5a8442c588cf0765d2c95693,DJI_0453,scene_08_DJI_0408-0453,train,train,train,1,1,0,1
DJI_0453_1_4.jpg,40f23e105d3d0fad2dff4ef09a3aea1be75c627de26b0cedde6d8ec64367f690,DJI_0453,scene_08_DJI_0408-0453,train,train,train,0,0,0,0
DJI_0234_0_0.jpg,2df58f8bb4a75fe0de32b39ef2e0feb95dfe2dd5b906dafec57f01d68c657935,DJI_0234,scene_04_DJI_0234-0251,val,ood_test,test,0,0,0,0
DJI_0234_0_1.jpg,a4985fd000e65777c603d3026db54a4e37bd5401de788ce225ac040f0973204f,DJI_0234,scene_04_DJI_0234-0251,val,ood_test,test,0,0,0,0
DJI_0234_0_2.jpg,d0c1e4a4105a777a8217237e467d0ae85d60a774927f6b6cefb3ac4f39d0f49b,DJI_0234,scene_04_DJI_0234-0251,val,ood_test,test,1,1,0,1
DJI_0234_0_3.jpg,3e22576f3972b2f500b12ee71b09fce1559d8025bff29ed618c284d172fb9056,DJI_0234,scene_04_DJI_0234-0251,val,ood_test,test,0,0,0,0
DJI_0234_0_4.jpg,84bac6704fe52981fd8d6206851d44336b0db8206b4bb223444613799e5da2bf,DJI_0234,scene_04_DJI_0234-0251,val,ood_test,test,0,0,0,0
DJI_0234_1_0.jpg,0115649fbeb56d2810982a79619d4406b4a42af9c8eabced83e042a20e89993b,DJI_0234,scene_04_DJI_0234-0251,val,ood_test,test,0,0,0,0
DJI_0234_1_1.jpg,1b68b3830122155452b56bd79729986cc6bc258cb71228483b03700bbbd45cb1,DJI_0234,scene_04_DJI_0234-0251,val,ood_test,test,0,0,0,0
DJI_0234_1_2.jpg,b609e33e6be1e1d047764776431a63d589988e2e88f772dc73c746903f2534a7,DJI_0234,scene_04_DJI_0234-0251,val,ood_test,test,1,1,0,1
DJI_0234_1_3.jpg,bb8449d0a1218168869a29b20dad6ad91293499a87d1375cdae369c60e3145bb,DJI_0234,scene_04_DJI_0234-0251,val,ood_test,test,0,0,0,0
DJI_0234_1_4.jpg,9b16f6b0af7d988caec4593c792c2e5b198dd69a528f15a55c60b3dc748a6930,DJI_0234,scene_04_DJI_0234-0251,val,ood_test,test,0,0,0,0
DJI_0235_0_0.jpg,91013141da869add895b35105237ba264765a81a0d7908593882dd8075d51db7,DJI_0235,scene_04_DJI_0234-0251,val,ood_test,test,0,0,0,0
DJI_0235_0_1.jpg,94e0eb0872b80cb2c20e711ecedd48a6156fbab361d91d92a844c3dfaec70ec5,DJI_0235,scene_04_DJI_0234-0251,val,ood_test,test,0,0,0,0
DJI_0235_0_2.jpg,bc07149ba6dfe8b812f26318d951b21baa4e3e6262b7d853db8fcf6bfb24de60,DJI_0235,scene_04_DJI_0234-0251,val,ood_test,test,1,1,0,1
DJI_0235_0_3.jpg,7a690332412da052aa5c9901db733dba1541ed06935525b07ab455a1a4f86720,DJI_0235,scene_04_DJI_0234-0251,val,ood_test,test,0,0,0,0
DJI_0235_0_4.jpg,64cbcb304ae78573e33617b0763878723d8324b45014ce6d548e8fd98760ef0b,DJI_0235,scene_04_DJI_0234-0251,val,ood_test,test,0,0,0,0
DJI_0235_1_0.jpg,6af3a19ab392e22ad1b3db08f53158b8fddb70df09a6d1cfde54bf0d7130f26d,DJI_0235,scene_04_DJI_0234-0251,val,ood_test,test,0,0,0,0
DJI_0235_1_1.jpg,656c985954624c09cf9d1e1c573f9f5f0f5d0aa379218a1c8f6dee2da08a8433,DJI_0235,scene_04_DJI_0234-0251,val,ood_test,test,0,0,0,0
DJI_0235_1_2.jpg,5516e94ebe5091a7151bfaeb16ed0dcd3f04790a4425aff813ef2c094ddd3362,DJI_0235,scene_04_DJI_0234-0251,val,ood_test,test,1,1,0,1
DJI_0235_1_3.jpg,22ebd77eb15a3fb37bbcbf5e03b980594279f1b95483698ac0f334125b1f8be3,DJI_0235,scene_04_DJI_0234-0251,val,ood_test,test,0,0,0,0
DJI_0235_1_4.jpg,15595b7b14284b8f2139bad12026b895e209d4a4d1ee57d0ce646ce3ef790c7a,DJI_0235,scene_04_DJI_0234-0251,val,ood_test,test,0,0,0,0
DJI_0236_0_0.jpg,b3f3250bdacfdd041b374b1218c8e74218b8677977a23dbe1b40596e96705f16,DJI_0236,scene_04_DJI_0234-0251,val,ood_test,test,0,0,0,0
DJI_0236_0_1.jpg,bf072a5937b6bff923fb7d1d9a01593555c42ad05eafcb3c7e1f9e7bc50176cd,DJI_0236,scene_04_DJI_0234-0251,val,ood_test,test,0,0,0,0
DJI_0236_0_2.jpg,da51c9d917f7e76cb41fc39fdc19c9c7e13f8a5b90bc2c72085d66888c4739a1,DJI_0236,scene_04_DJI_0234-0251,val,ood_test,test,1,1,0,1
DJI_0236_0_3.jpg,305be9a686764dbd61946d1ab21965068a4b1695ca6bca047d78fa0a90d44076,DJI_0236,scene_04_DJI_0234-0251,val,ood_test,test,0,0,0,0
DJI_0236_0_4.jpg,57d9ab21df79ec5019bcde26e6953fd31847864fbaa07bf06e6748c2934a60b6,DJI_0236,scene_04_DJI_0234-0251,val,ood_test,test,0,0,0,0
DJI_0236_1_0.jpg,dfe5e328e43fd401564e67f49606de7c14f2ba8e3112625efa7a74a22df43f03,DJI_0236,scene_04_DJI_0234-0251,val,ood_test,test,0,0,0,0
DJI_0236_1_1.jpg,81f7805c08f36dd0902d319a532773d968472681ab2805bf3896db27d57a53f1,DJI_0236,scene_04_DJI_0234-0251,val,ood_test,test,0,0,0,0
DJI_0236_1_2.jpg,8e8257a36b93623213ef830804c0643cf62a5e9f075c6ff356bfced220678a85,DJI_0236,scene_04_DJI_0234-0251,val,ood_test,test,1,1,0,1
DJI_0236_1_3.jpg,c7c5ef9f489066f23d212107d1571a8c230c83588b4d7edab37a71d3bd9580a6,DJI_0236,scene_04_DJI_0234-0251,val,ood_test,test,0,0,0,0
DJI_0236_1_4.jpg,0e9640dc33bf9af45f56594d20306ffad25a04c36fd54900a305e1a6b50ee3c9,DJI_0236,scene_04_DJI_0234-0251,val,ood_test,test,0,0,0,0
DJI_0237_0_0.jpg,7b82aadcdcd8fd9d8be4276bd42436b316228a231aba03433772e5d786570247,DJI_0237,scene_04_DJI_0234-0251,val,ood_test,test,0,0,0,0
DJI_0237_0_1.jpg,5d4471a06634d27342c6aecced80abb7dbb2121c2d60f3f7dd9071f7637eb2a0,DJI_0237,scene_04_DJI_0234-0251,val,ood_test,test,0,0,0,0
DJI_0237_0_2.jpg,10248727ae273624576e85d218444f249e8c49ca335a02581ccb7860993cfe88,DJI_0237,scene_04_DJI_0234-0251,val,ood_test,test,0,0,0,0
DJI_0237_0_3.jpg,a40a70950d1ba7e7d4ba929a80c153d9f6bad7c0e7c913e1e0071acae4570ca4,DJI_0237,scene_04_DJI_0234-0251,val,ood_test,test,1,1,0,1
DJI_0237_0_4.jpg,d70e37e2b016f113777d4a7a74cfe06330030a347ef15445e1aa43414c36dc90,DJI_0237,scene_04_DJI_0234-0251,val,ood_test,test,0,0,0,0
DJI_0237_1_0.jpg,de5d1c3abf16be3be024938b1c3f642f5015e8978422e6a6cc4c327d2157e8e3,DJI_0237,scene_04_DJI_0234-0251,val,ood_test,test,0,0,0,0
DJI_0237_1_1.jpg,4f789d79a0574fafcbd668ee2065c81ff2863fa2dee3c4e07cfa81aa9b8f8fb5,DJI_0237,scene_04_DJI_0234-0251,val,ood_test,test,0,0,0,0
DJI_0237_1_2.jpg,bd9f19e0f7e6176155369ce003bbe27dfc6008278d9384d9e151602383b9023f,DJI_0237,scene_04_DJI_0234-0251,val,ood_test,test,0,0,0,0
DJI_0237_1_3.jpg,75bf10bba61743f167e9f000e08f5ea087f2ead4324bb601087488c99ba3e83f,DJI_0237,scene_04_DJI_0234-0251,val,ood_test,test,1,1,0,1
DJI_0237_1_4.jpg,4f73e777336454dbdc80896d3f3ec2f82c01e2a86534e1c79d1d60292afeecb1,DJI_0237,scene_04_DJI_0234-0251,val,ood_test,test,0,0,0,0
DJI_0238_0_0.jpg,4b879973d536b5602a41b0ad1e60fa4f25cf666dc5bf1bb185626656f7003582,DJI_0238,scene_04_DJI_0234-0251,val,ood_test,test,0,0,0,0
DJI_0238_0_1.jpg,188ad753373b73fda343e5d7bb87e992cf77637e3d385d0d80c1c52a7042288c,DJI_0238,scene_04_DJI_0234-0251,val,ood_test,test,0,0,0,0
DJI_0238_0_2.jpg,5fb78c5f66d2d371fa1d9c18a069234df2c17ae6bb60896f42e881aa195e27ea,DJI_0238,scene_04_DJI_0234-0251,val,ood_test,test,1,1,0,1
DJI_0238_0_3.jpg,74226f4f9a3e23287515eece2f30402d1bdbcf0603c8d38a0fe26d99ce0f6611,DJI_0238,scene_04_DJI_0234-0251,val,ood_test,test,0,0,0,0
DJI_0238_0_4.jpg,330913e9374b4692915714fd24ef3051025bc992d0817185c7bbb92ce7173c9e,DJI_0238,scene_04_DJI_0234-0251,val,ood_test,test,0,0,0,0
DJI_0238_1_0.jpg,ac40c2f2daf90533e89cb2a6bcb874e56c79e8dcd5374487e21504b8f8229496,DJI_0238,scene_04_DJI_0234-0251,val,ood_test,test,0,0,0,0
DJI_0238_1_1.jpg,e9bdfe65e3fcd6e807dae07c73394b26b006f33fd3e47c4dde857d717d91eec3,DJI_0238,scene_04_DJI_0234-0251,val,ood_test,test,0,0,0,0
DJI_0238_1_2.jpg,031457f4aef3ddc296260b1220dbe73c2fca2052b7a4deec1c4a0e75069e58ef,DJI_0238,scene_04_DJI_0234-0251,val,ood_test,test,1,1,0,1
DJI_0238_1_3.jpg,eaf1f8ad8f2236b666082e1bae0963074ad4d1e1b141cb28bfafdd87b90e182b,DJI_0238,scene_04_DJI_0234-0251,val,ood_test,test,0,0,0,0
DJI_0238_1_4.jpg,fd9a91d325ce3e7c56e9f7962c68ff1015a8770f0f189a9c8e0cedae61d0c5d6,DJI_0238,scene_04_DJI_0234-0251,val,ood_test,test,0,0,0,0
DJI_0242_0_0.jpg,16af7d28dfdca04604638d5f908d4421248e2e5cc317d11b20f4e5949d612a77,DJI_0242,scene_04_DJI_0234-0251,val,ood_test,test,0,0,0,0
DJI_0242_0_1.jpg,8649824521dd325116e0ef9480ba06e9092a6a2d886aff20b03b8dd6207b083c,DJI_0242,scene_04_DJI_0234-0251,val,ood_test,test,0,0,0,0
DJI_0242_0_2.jpg,fbb7b124466365fbcc3e51e3477ecf24557f78b6aa929a74ec08b22fd6f4f7d6,DJI_0242,scene_04_DJI_0234-0251,val,ood_test,test,0,0,0,0
DJI_0242_0_3.jpg,0c5dfb5a029621eee1a13862bdd0ac71c3497f1e7b102b0315a67e8bb3d26fbc,DJI_0242,scene_04_DJI_0234-0251,val,ood_test,test,0,0,0,0
DJI_0242_0_4.jpg,df29f50bfd35127023e34584cfe29743c6f847325d9d199794a8904a0a65b0ff,DJI_0242,scene_04_DJI_0234-0251,val,ood_test,test,0,0,0,0
DJI_0242_1_0.jpg,0ad7fbf99250b8ff1f71c0f14b2c29dbb2a6c1b3fdf14d72cb05c86922bea5b1,DJI_0242,scene_04_DJI_0234-0251,val,ood_test,test,0,0,0,0
DJI_0242_1_1.jpg,cc658e858f69489c845bdfa44c2e8251ba30a412d217679c0c10ac521def7c68,DJI_0242,scene_04_DJI_0234-0251,val,ood_test,test,0,0,0,0
DJI_0242_1_2.jpg,b85067e2f7bbe06a5d5f817901d41391d7759f6ac9163a0b1a3504435e685afb,DJI_0242,scene_04_DJI_0234-0251,val,ood_test,test,0,0,0,0
DJI_0242_1_3.jpg,dd43405eaf589147121fc2d72294d0056b2b9e3aa111b3263f06440d84a17cc6,DJI_0242,scene_04_DJI_0234-0251,val,ood_test,test,0,0,0,0
DJI_0242_1_4.jpg,4cda20d6eb2205e8531f6b810645501db02902dca884eeef32bde63640879fa4,DJI_0242,scene_04_DJI_0234-0251,val,ood_test,test,0,0,0,0
DJI_0243_0_0.jpg,f299597c76e61cad977fbb93bee16a4a74ff7e67ccf599dc8ccb4bd5f2b96571,DJI_0243,scene_04_DJI_0234-0251,val,ood_test,test,0,0,0,0
DJI_0243_0_1.jpg,e2f0e95f955f8dec899d4488af343a2a99d7981c3f0f6acbc1510000696bbd99,DJI_0243,scene_04_DJI_0234-0251,val,ood_test,test,0,0,0,0
DJI_0243_0_2.jpg,758fdc784058302661af3bc842c324a846cee64f3fab0370d6a380ed159ac218,DJI_0243,scene_04_DJI_0234-0251,val,ood_test,test,0,0,0,0
DJI_0243_0_3.jpg,269bb231ac08427a5b83490015275bd45090967152bfd1a30f140bdd1da0f7b7,DJI_0243,scene_04_DJI_0234-0251,val,ood_test,test,0,0,0,0
DJI_0243_0_4.jpg,29a5d97056fd7da7a34cc464bb3d1797aa441b04d4a42fb4b969900e5e96249a,DJI_0243,scene_04_DJI_0234-0251,val,ood_test,test,0,0,0,0
DJI_0243_1_0.jpg,f311a4680bea73f8437c076885651a5321cc967cdef5f35dd3e05c00b188a5da,DJI_0243,scene_04_DJI_0234-0251,val,ood_test,test,0,0,0,0
DJI_0243_1_1.jpg,17b969b38c2744236b76db2a95f7f765a39b467c37b15c4a967039a9131f6443,DJI_0243,scene_04_DJI_0234-0251,val,ood_test,test,0,0,0,0
DJI_0243_1_2.jpg,4bb3ac421cf6177e00ffc48e2738bf583c7658ae4f57c15a5ebc3e1e941cbd5d,DJI_0243,scene_04_DJI_0234-0251,val,ood_test,test,1,1,0,1
DJI_0243_1_3.jpg,94edd936bf0be2f811dbef2f4061faa422fccb26975523c6a2196ba706e2c858,DJI_0243,scene_04_DJI_0234-0251,val,ood_test,test,0,0,0,0
DJI_0243_1_4.jpg,77a205c71494cfcd0acf31ed5a6b11a164c70330a91648049d9272de02a8290e,DJI_0243,scene_04_DJI_0234-0251,val,ood_test,test,0,0,0,0
DJI_0244_0_0.jpg,c04f78cc0a47fea664d5a33f1d175655bcbcf5f39de0048b23a58b891b9c74f6,DJI_0244,scene_04_DJI_0234-0251,val,ood_test,test,0,0,0,0
DJI_0244_0_1.jpg,29334e73ae9a3fa5de91d45cd9849bf039595ff7ceefd8c2c935fd773476b7bc,DJI_0244,scene_04_DJI_0234-0251,val,ood_test,test,0,0,0,0
DJI_0244_0_2.jpg,299fd3fab2228c2f7547e1836e2fa67a237286071d6e8d6ab0b8087a3a931183,DJI_0244,scene_04_DJI_0234-0251,val,ood_test,test,0,0,0,0
DJI_0244_0_3.jpg,5b79425d519ca7846c929906065bb7ea85a6322cc8ae3eccb9a517cb322e2b9f,DJI_0244,scene_04_DJI_0234-0251,val,ood_test,test,0,0,0,0
DJI_0244_0_4.jpg,6f598aacc727aabe1046fbd039c4e9bb49ee190aa6b5b0531439adadf8779874,DJI_0244,scene_04_DJI_0234-0251,val,ood_test,test,0,0,0,0
DJI_0244_1_0.jpg,55c50c312e10b9d5ac5fcdf08b9a1b2e01dd0fc9d02a81e49dba17132600ff31,DJI_0244,scene_04_DJI_0234-0251,val,ood_test,test,0,0,0,0
DJI_0244_1_1.jpg,a3a5110603f2e8ed30f6fb39a0f59d719da8be1d27cb467aa3d015c5fdd6e322,DJI_0244,scene_04_DJI_0234-0251,val,ood_test,test,0,0,0,0
DJI_0244_1_2.jpg,f3a9a5ce1ef9e9ddd8b5c823a8ac24d0b4c993c09213766dc23661ea85ecdd72,DJI_0244,scene_04_DJI_0234-0251,val,ood_test,test,1,1,0,1
DJI_0244_1_3.jpg,1877329934b761e19353b11ac93a7d97cb6fd4b814290ba0c04fcc8ed541528b,DJI_0244,scene_04_DJI_0234-0251,val,ood_test,test,0,0,0,0
DJI_0244_1_4.jpg,62065763b413689b13f9d4d4049fdcd5fbe722efbf919924072696eca428cccc,DJI_0244,scene_04_DJI_0234-0251,val,ood_test,test,0,0,0,0
DJI_0245_0_0.jpg,9f2f2d10dacbbf9d89a1bb4cf983046eb3c6f2cf917d1bc991ee49a7f6eac1d9,DJI_0245,scene_04_DJI_0234-0251,val,ood_test,test,0,0,0,0
DJI_0245_0_1.jpg,eeb80a0b37457bb4037f5ab058732d420419e3f37e80ae604e1aa3bcb6c66273,DJI_0245,scene_04_DJI_0234-0251,val,ood_test,test,0,0,0,0
DJI_0245_0_2.jpg,57fa007cea0e8e2d22f9caf4a552ab2b1e8bf33cea6ef5cbd0187e55762fb11f,DJI_0245,scene_04_DJI_0234-0251,val,ood_test,test,0,0,0,0
DJI_0245_0_3.jpg,1430417e2784aab90f1b2e46cdca84002f7ac5a244a7cf08a075de055afd76e6,DJI_0245,scene_04_DJI_0234-0251,val,ood_test,test,0,0,0,0
DJI_0245_0_4.jpg,f6c815b9812d47dd1886e1bb7f9c2bc877bbdc5d51ca2e632a8e28b41e78c76a,DJI_0245,scene_04_DJI_0234-0251,val,ood_test,test,0,0,0,0
DJI_0245_1_0.jpg,41b7d23868650b9831e73b66dd0378b09692cf4ac216939f44766916ed96f466,DJI_0245,scene_04_DJI_0234-0251,val,ood_test,test,0,0,0,0
DJI_0245_1_1.jpg,b6f81c68cf75bb5c897ae5c68a9e7d40bb87eb4b1a16349aa98b444f778af4c8,DJI_0245,scene_04_DJI_0234-0251,val,ood_test,test,0,0,0,0
DJI_0245_1_2.jpg,7f090469b7fde231f92b3b45057cc90bdf47d3e4e05278411022f14915c8417f,DJI_0245,scene_04_DJI_0234-0251,val,ood_test,test,1,1,0,1
DJI_0245_1_3.jpg,e62a72db29838d73ad6d11782888af30aa70379834cb1690ad65f364fa91c62d,DJI_0245,scene_04_DJI_0234-0251,val,ood_test,test,0,0,0,0
DJI_0245_1_4.jpg,201cf3607ffae074a821abe5675cfee99a7b936e32547e05bb9cc96a7995f3d8,DJI_0245,scene_04_DJI_0234-0251,val,ood_test,test,0,0,0,0
DJI_0247_0_0.jpg,bf159133b4070443249855d2a321d2346201fd1cc85af9485c7a91d2e8148fd5,DJI_0247,scene_04_DJI_0234-0251,val,ood_test,test,0,0,0,0
DJI_0247_0_1.jpg,dae8bac45adff29814e16fd70eaf3da3bd261202d7e616b0d88783adbd0f40fa,DJI_0247,scene_04_DJI_0234-0251,val,ood_test,test,0,0,0,0
DJI_0247_0_2.jpg,ace356c59109862c73ad6ae747f7b7328827d2c182ce66d6545c93a37b03e43d,DJI_0247,scene_04_DJI_0234-0251,val,ood_test,test,0,0,0,0
DJI_0247_0_3.jpg,2ccd2310a7eca319051dbcc15969b7edb76214f447c22f79e1f89892c9f6f788,DJI_0247,scene_04_DJI_0234-0251,val,ood_test,test,0,0,0,0
DJI_0247_0_4.jpg,be72ccb58d60424591a5beb859b6f995fea94ebcf4ac0e6a92c062505cd722da,DJI_0247,scene_04_DJI_0234-0251,val,ood_test,test,0,0,0,0
DJI_0247_1_0.jpg,7aea2c631d4b5116e714a371ebcf823a36714a757032d8dbc9bb7b462d0a79c2,DJI_0247,scene_04_DJI_0234-0251,val,ood_test,test,0,0,0,0
DJI_0247_1_1.jpg,1ea3d402c843bb837582dec6ee55c0d9df4f5cdea9050d5a5ab9d89e0281fa0f,DJI_0247,scene_04_DJI_0234-0251,val,ood_test,test,0,0,0,0
DJI_0247_1_2.jpg,a7211c40f5ea9e42d352af60c497ca882ee409c07605457ec5b0c9989e2232f4,DJI_0247,scene_04_DJI_0234-0251,val,ood_test,test,2,2,0,1
DJI_0247_1_3.jpg,441c285f2d4ff0bb0f031317b4d40bf093992c5f76615ef782c315937ecbce52,DJI_0247,scene_04_DJI_0234-0251,val,ood_test,test,0,0,0,0
DJI_0247_1_4.jpg,7d11e0031ecfb0944c6405a0f187a659140aa520ca177d77a72b4bbd5f3adee4,DJI_0247,scene_04_DJI_0234-0251,val,ood_test,test,0,0,0,0
DJI_0248_0_0.jpg,8c23d1a971d8c5da523909e96b267fae054346fca1c80e9b2f18df34a59a2472,DJI_0248,scene_04_DJI_0234-0251,val,ood_test,test,0,0,0,0
DJI_0248_0_1.jpg,7de1b8e09328b14d2457db81cede0cb7bc30f4fd4825b05a36b7783cbfb24eb5,DJI_0248,scene_04_DJI_0234-0251,val,ood_test,test,0,0,0,0
DJI_0248_0_2.jpg,ef786e6487f34fe3e2c1f123a533b6354910c5dd8f01ac9a256a3c1dfa8912c3,DJI_0248,scene_04_DJI_0234-0251,val,ood_test,test,0,0,0,0
DJI_0248_0_3.jpg,aa4c88846b4c49c84af287d0b17b672237a04a2b04fc7e31880c6d76c8e332f0,DJI_0248,scene_04_DJI_0234-0251,val,ood_test,test,1,1,0,1
DJI_0248_0_4.jpg,02d4afc5e89ca1eb9ac32059c45f4306e1c05ae71571447bbb764d03c8788f9e,DJI_0248,scene_04_DJI_0234-0251,val,ood_test,test,0,0,0,0
DJI_0248_1_0.jpg,88de83a46a887f905bf9f34af5be99a7d0d70c50d08097f9c1a75f3d9243d7f1,DJI_0248,scene_04_DJI_0234-0251,val,ood_test,test,0,0,0,0
DJI_0248_1_1.jpg,7f55c19e30e9dda8d60967cc8002c4c8847ee7fa872a7744fc5b1d2781160e8c,DJI_0248,scene_04_DJI_0234-0251,val,ood_test,test,0,0,0,0
DJI_0248_1_2.jpg,71ac9af55888792b9c9733700f27e5be9992db2693224571ea2530efd5d24df5,DJI_0248,scene_04_DJI_0234-0251,val,ood_test,test,1,1,0,1
DJI_0248_1_3.jpg,3ef0d9bd9fcb099922a9bb3bc7bf3a4ec38084686b214c42c35790c64a400514,DJI_0248,scene_04_DJI_0234-0251,val,ood_test,test,0,0,0,0
DJI_0248_1_4.jpg,3eb5e184d5feef61f7ad73be0e96b82f18c3852a19c4e86d817409a1fee066cd,DJI_0248,scene_04_DJI_0234-0251,val,ood_test,test,0,0,0,0
DJI_0249_0_0.jpg,57f860c4a14efa02ed7400a88f44e76a24c1ef0cf19be30cd9be7ff776a8e12b,DJI_0249,scene_04_DJI_0234-0251,val,ood_test,test,0,0,0,0
DJI_0249_0_1.jpg,cd448fc97c8e54901e912fd0ea8de96708cff489f617577f6178d7365f877988,DJI_0249,scene_04_DJI_0234-0251,val,ood_test,test,0,0,0,0
DJI_0249_0_2.jpg,ac9890aa79e67f08c054f1d439bc783758ee6b17b9aef17330e2f67f554d60ae,DJI_0249,scene_04_DJI_0234-0251,val,ood_test,test,0,0,0,0
DJI_0249_0_3.jpg,70fb7497df61400c5a92140b820ae40c0a188ca64d2995383b89b571f3adeb64,DJI_0249,scene_04_DJI_0234-0251,val,ood_test,test,1,1,0,1
DJI_0249_0_4.jpg,ea0a8143aecdafed4d9cf0825168e0e8bb5ee27cd0042191c7b93985ff3d6bcc,DJI_0249,scene_04_DJI_0234-0251,val,ood_test,test,1,0,1,0
DJI_0249_1_0.jpg,f932ebe96888bb2aed06b2624a8dfd2f60fb97f2eded32efaca9f8d1209a7f1f,DJI_0249,scene_04_DJI_0234-0251,val,ood_test,test,0,0,0,0
DJI_0249_1_1.jpg,664a64613db24977afd08d2a0711ac9be2fca39d70bcc8d795065f87b5ab91f8,DJI_0249,scene_04_DJI_0234-0251,val,ood_test,test,0,0,0,0
DJI_0249_1_2.jpg,479ae1ec7733c5911ce450ab2730087f29239c59dd9ba13a4e7f66814130059d,DJI_0249,scene_04_DJI_0234-0251,val,ood_test,test,0,0,0,0
DJI_0249_1_3.jpg,a8cadad0b9699c11e7e50144469547f969c5c2f1bc966bd8707100983f785a1b,DJI_0249,scene_04_DJI_0234-0251,val,ood_test,test,1,1,0,1
DJI_0249_1_4.jpg,e34861520f34caf69dcf8f7eaf8e361cd51d92217f27eaa1a3c9605fa808e151,DJI_0249,scene_04_DJI_0234-0251,val,ood_test,test,0,0,0,0
DJI_0250_0_0.jpg,b7ba11c8b79326a21aeda7581148386a1606509ce945755a66387e979df833b3,DJI_0250,scene_04_DJI_0234-0251,val,ood_test,test,0,0,0,0
DJI_0250_0_1.jpg,5e00bd3ca659def6f158ed43d843ff99d414ca4d041bdba881010a4917b338fd,DJI_0250,scene_04_DJI_0234-0251,val,ood_test,test,0,0,0,0
DJI_0250_0_2.jpg,192e1e116bdfffde9d2e801d5b6a28a0e93d9e4288f5df39bac23ff224e3fe10,DJI_0250,scene_04_DJI_0234-0251,val,ood_test,test,0,0,0,0
DJI_0250_0_3.jpg,79440e358aee4079bdf8593d7ab2ba7d2293808a443aed82c25da5f02831770c,DJI_0250,scene_04_DJI_0234-0251,val,ood_test,test,1,1,0,1
DJI_0250_0_4.jpg,c690b6dffc2563593c3c070a6bdc910b75e209633d16ef6b05f19810322381f1,DJI_0250,scene_04_DJI_0234-0251,val,ood_test,test,0,0,0,0
DJI_0250_1_0.jpg,3f14569600b893075fdaf50f96fbf55d3a47a1908489718726050b879da211c8,DJI_0250,scene_04_DJI_0234-0251,val,ood_test,test,0,0,0,0
DJI_0250_1_1.jpg,cc0eb48a18b11efe001622fbaf4b814c926c8321b80839418ef6d92226a91e04,DJI_0250,scene_04_DJI_0234-0251,val,ood_test,test,0,0,0,0
DJI_0250_1_2.jpg,ae249a952d09190810decc23ef23dced7cdfba48f2b6c0acfecde436c37a7ffd,DJI_0250,scene_04_DJI_0234-0251,val,ood_test,test,0,0,0,0
DJI_0250_1_3.jpg,60baaa098fce6ee9ac75d9b2b78d9741672b45e6800d82dac4182c5c810d04aa,DJI_0250,scene_04_DJI_0234-0251,val,ood_test,test,0,0,0,0
DJI_0250_1_4.jpg,7f6cb03bae0db713cac27957ef8723edd59c3da33dbabfd93a08c017e582c1e4,DJI_0250,scene_04_DJI_0234-0251,val,ood_test,test,0,0,0,0
DJI_0251_0_0.jpg,58a788cde5224f5bc6e0f3be3cb7f35b83981d27c7b60da4ed6c266559b347d6,DJI_0251,scene_04_DJI_0234-0251,val,ood_test,test,0,0,0,0
DJI_0251_0_1.jpg,e8e78d35f541dbc408afa071bc32cab3a3f54242fa4a6e2970fdd9ca4d54d3ba,DJI_0251,scene_04_DJI_0234-0251,val,ood_test,test,0,0,0,0
DJI_0251_0_2.jpg,16bb2dbf699870e275b79d41c167f9cdb3c49b52ddcd68fc50a5d627ce43193b,DJI_0251,scene_04_DJI_0234-0251,val,ood_test,test,0,0,0,0
DJI_0251_0_3.jpg,53b6b7e57c3e2b09f837eceacbc6920c13fcda988194725215ef4e09769054b2,DJI_0251,scene_04_DJI_0234-0251,val,ood_test,test,1,1,0,1
DJI_0251_0_4.jpg,6fe0c88405c3d2454801da47e5e16c5d3a625d31fe4992bf4d8b701e30923ee7,DJI_0251,scene_04_DJI_0234-0251,val,ood_test,test,1,1,0,1
DJI_0251_1_0.jpg,cbf4c050cb9f240c29fa663093e612fcd9bf306afa714cf9c5944828ef9def1b,DJI_0251,scene_04_DJI_0234-0251,val,ood_test,test,0,0,0,0
DJI_0251_1_1.jpg,39263b872ffc1b1c13c8c8d5fb17b581aace2fd2d370112d04273079085e0a1a,DJI_0251,scene_04_DJI_0234-0251,val,ood_test,test,0,0,0,0
DJI_0251_1_2.jpg,ab2e10960bf561da7a4f2f3089b470be1c27572dc792b7b85daa472532788c12,DJI_0251,scene_04_DJI_0234-0251,val,ood_test,test,0,0,0,0
DJI_0251_1_3.jpg,1daa94aa616c12d1bef0ae59101793a6096eaac7bd7911f3bac4d4ca13426921,DJI_0251,scene_04_DJI_0234-0251,val,ood_test,test,0,0,0,0
DJI_0251_1_4.jpg,30bb823025ebdac11f698596b308fe41475b533994f161a7359e882068f4eba5,DJI_0251,scene_04_DJI_0234-0251,val,ood_test,test,0,0,0,0
DJI_0685_0_0.jpg,108c78181dae573940ad7b1b7eea16f5a1af50179a23fc1accaebe315c4f693c,DJI_0685,scene_10_DJI_0685-0713,val,ood_test,test,0,0,0,0
DJI_0685_0_1.jpg,94b38f851498695b985dd8180b755315a4eea27a48f7ded5a3632eeca5902b95,DJI_0685,scene_10_DJI_0685-0713,val,ood_test,test,1,1,0,1
DJI_0685_0_2.jpg,2ba6bc55ee7363adf868eaf64dff6c1e6a5609baae149c9b4743eca5eed37062,DJI_0685,scene_10_DJI_0685-0713,val,ood_test,test,1,1,0,1
DJI_0685_0_3.jpg,c4a247c84a9af87e4882aec070931cd859e19138f8308ec1e02540f9d7fbe749,DJI_0685,scene_10_DJI_0685-0713,val,ood_test,test,0,0,0,0
DJI_0685_0_4.jpg,0f302b8a94cfff6b9542a10fc0b83a271a9b8b5f7c3ddee2c9db4af61f9fcc20,DJI_0685,scene_10_DJI_0685-0713,val,ood_test,test,0,0,0,0
DJI_0685_1_0.jpg,8872eee3deb83163638c39e853e455c1072ba0a90d8b97617b5d9966154b8c73,DJI_0685,scene_10_DJI_0685-0713,val,ood_test,test,0,0,0,0
DJI_0685_1_1.jpg,f2581237ca9fcb61ca8b1a54b74d4d7161ee15f770b2401b54f76ddcf331e208,DJI_0685,scene_10_DJI_0685-0713,val,ood_test,test,1,1,0,1
DJI_0685_1_2.jpg,9411c338a37c5c1e4c8049194d61ce78376b19a15d80a9671c61adb7bfe75f06,DJI_0685,scene_10_DJI_0685-0713,val,ood_test,test,0,0,0,0
DJI_0685_1_3.jpg,e55473fe9b675f53104fe1f1ccd8af1888e6b96d936f2fe9112e11f3e52f5f1d,DJI_0685,scene_10_DJI_0685-0713,val,ood_test,test,0,0,0,0
DJI_0685_1_4.jpg,cf3bc4e29420562a2b918da06de696763bd9c13cf078856a0f41547b51ee9db9,DJI_0685,scene_10_DJI_0685-0713,val,ood_test,test,0,0,0,0
DJI_0686_0_0.jpg,e0f450607fb91f3ebca0fd3fe8ecd2a4c52aba09fbebfafe5a225ebbfd4258c4,DJI_0686,scene_10_DJI_0685-0713,val,ood_test,test,0,0,0,0
DJI_0686_0_1.jpg,7636df1cac5abb33db80dda1175f8a1158831b501b4d208e3be0c30c167b24e1,DJI_0686,scene_10_DJI_0685-0713,val,ood_test,test,0,0,0,0
DJI_0686_0_2.jpg,37b425a58563876cec889fbd287e6a096ddbf4003e66e820fefd449431134da7,DJI_0686,scene_10_DJI_0685-0713,val,ood_test,test,3,3,0,1
DJI_0686_0_3.jpg,5ee672da5833cebc80631896267f2551f89ad8f3f178282d532de1a0439848dc,DJI_0686,scene_10_DJI_0685-0713,val,ood_test,test,1,1,0,1
DJI_0686_0_4.jpg,795e46d5c738ad9f2e9d6dc2c7fac11f9c2ec380e8049b1015e91af8fa61feb4,DJI_0686,scene_10_DJI_0685-0713,val,ood_test,test,0,0,0,0
DJI_0686_1_0.jpg,02475b0c6bf1408f31463f1f946a50d6f36d7c1a44157047034feb8a14282cb8,DJI_0686,scene_10_DJI_0685-0713,val,ood_test,test,0,0,0,0
DJI_0686_1_1.jpg,8442a4e4ee535d33cc7148b841dd5baec695737666cf656cacf326178fa11e8e,DJI_0686,scene_10_DJI_0685-0713,val,ood_test,test,0,0,0,0
DJI_0686_1_2.jpg,722ac10fa4c29e96bb6c14c5575c5f586ed099684cf054ba347f69178f580f23,DJI_0686,scene_10_DJI_0685-0713,val,ood_test,test,1,1,0,1
DJI_0686_1_3.jpg,28155ca3b53fd4dbd32be98400c3ed82d5503370d6646b3c0de41177562815aa,DJI_0686,scene_10_DJI_0685-0713,val,ood_test,test,2,2,0,1
DJI_0686_1_4.jpg,0579c517e5fa3c8d67206a1053e085ba5bf464cbc281a44fcca229740fd90cdc,DJI_0686,scene_10_DJI_0685-0713,val,ood_test,test,0,0,0,0
DJI_0687_0_0.jpg,5d3b58623026d08a060516c91c3ed8388fcea031e06ddac8120853db852ba835,DJI_0687,scene_10_DJI_0685-0713,val,ood_test,test,0,0,0,0
DJI_0687_0_1.jpg,fb5ef7bad9eb17ef0d1dfe6c2e0588954dd9782aba3bbb221fe94d0351749ab3,DJI_0687,scene_10_DJI_0685-0713,val,ood_test,test,0,0,0,0
DJI_0687_0_2.jpg,11359cf735dc6456eb81d823aa114726945908497184bf52d07b6ea3fcce6612,DJI_0687,scene_10_DJI_0685-0713,val,ood_test,test,2,2,0,1
DJI_0687_0_3.jpg,dcf5891e8e8bb409e62ec4b763c09823f973ba7c413aefea81a97e1ed22511e5,DJI_0687,scene_10_DJI_0685-0713,val,ood_test,test,0,0,0,0
DJI_0687_0_4.jpg,57f616cb4670a33a8f8f6d3f87614dc4ed09f76a64d36d503ca57fdacac494d5,DJI_0687,scene_10_DJI_0685-0713,val,ood_test,test,0,0,0,0
DJI_0687_1_0.jpg,d826ce1ca42837f2a94bee10a2e2e28ecfcb3a26ca1bd513fa77e2a6466fd577,DJI_0687,scene_10_DJI_0685-0713,val,ood_test,test,0,0,0,0
DJI_0687_1_1.jpg,a2c5ed9ac774040d48968ebeffd4ae56e4d6029e4da4c0b9fa2b84c63d8f32ac,DJI_0687,scene_10_DJI_0685-0713,val,ood_test,test,0,0,0,0
DJI_0687_1_2.jpg,9edcdced6fa9cd04f88185f68df9ef7a1505408f7c814020792698a70e1544a7,DJI_0687,scene_10_DJI_0685-0713,val,ood_test,test,1,1,0,1
DJI_0687_1_3.jpg,20d4470db52250cfaf0134cc9cb1fa40fe4bd6ee91852bb1b923e21a18dfdad1,DJI_0687,scene_10_DJI_0685-0713,val,ood_test,test,2,2,0,1
DJI_0687_1_4.jpg,6e850e61afe27c5725308cdca4c1420c89ad3d5ef533fed3acca8ddc3aeba7bc,DJI_0687,scene_10_DJI_0685-0713,val,ood_test,test,0,0,0,0
DJI_0688_0_0.jpg,c39b662f4733fb2f1c6ba93984a8493f39a766bdbd47e053e5c7b413a54d7ae5,DJI_0688,scene_10_DJI_0685-0713,val,ood_test,test,0,0,0,0
DJI_0688_0_1.jpg,08b58381c7368e1b77bbd8206c637956f84440cd7fdd50a9bb6faced17d85b4b,DJI_0688,scene_10_DJI_0685-0713,val,ood_test,test,0,0,0,0
DJI_0688_0_2.jpg,65355dadfe51fc208836129da44159629ae65d34c032d5dd463ab56d67452418,DJI_0688,scene_10_DJI_0685-0713,val,ood_test,test,2,2,0,1
DJI_0688_0_3.jpg,ccaa08378fcd3775cd73bd9dd21f525f44a7cb1aea4284bb0cc5cb2b7ecf182a,DJI_0688,scene_10_DJI_0685-0713,val,ood_test,test,0,0,0,0
DJI_0688_0_4.jpg,5a3aa007e8ef512753b4cf9cb848a573e556727619fe3018f1a0606abf56bc5b,DJI_0688,scene_10_DJI_0685-0713,val,ood_test,test,0,0,0,0
DJI_0688_1_0.jpg,95ff80739597e7ba2eedcb8bf8cb6f3699cf29880f810d885c15e32407b3613f,DJI_0688,scene_10_DJI_0685-0713,val,ood_test,test,0,0,0,0
DJI_0688_1_1.jpg,073852eea1dd04d19d4d688b520497f92a812a999e35ec4c74f28bd0144f7a05,DJI_0688,scene_10_DJI_0685-0713,val,ood_test,test,0,0,0,0
DJI_0688_1_2.jpg,a33a3f71463cfc6fc74b7ca0c2694912a632dbafad7a8d8b2fb0a3042ad98162,DJI_0688,scene_10_DJI_0685-0713,val,ood_test,test,1,1,0,1
DJI_0688_1_3.jpg,7dff4efe92498e04881ddf34772c491466d24cd1266f09874e58f050ab9ab51a,DJI_0688,scene_10_DJI_0685-0713,val,ood_test,test,1,1,0,1
DJI_0688_1_4.jpg,8efef32dbeeddbd34f2f37e8be04c02c7fb2f3152802f53ffc1abadc7f2d8c7a,DJI_0688,scene_10_DJI_0685-0713,val,ood_test,test,0,0,0,0
DJI_0689_0_0.jpg,8342ebc49a8c15304e8a357427fda99edd9fecf9bd99a71c0bfad71cc6440ba6,DJI_0689,scene_10_DJI_0685-0713,val,ood_test,test,0,0,0,0
DJI_0689_0_1.jpg,7be70d6513676a65e60181e3d2bfebfbb36c192d71fa759a9cbdb3fbe54189c2,DJI_0689,scene_10_DJI_0685-0713,val,ood_test,test,1,1,0,1
DJI_0689_0_2.jpg,e4e951deeea3339472a428b494ea8fbdca2a93b901f51519d8cb2b5597fdc37d,DJI_0689,scene_10_DJI_0685-0713,val,ood_test,test,2,2,0,1
DJI_0689_0_3.jpg,de077e3736ba7ea4bd60324b172757abcee80f0dde31e0eaa7345520029a0f43,DJI_0689,scene_10_DJI_0685-0713,val,ood_test,test,0,0,0,0
DJI_0689_0_4.jpg,cff35a0a0c53f82fe57fd9ac57fecafb09d16293b7162cac1e9c1f850fa763f3,DJI_0689,scene_10_DJI_0685-0713,val,ood_test,test,0,0,0,0
DJI_0689_1_0.jpg,aad2c56dc01bf6775c5e8c51bc0f565b2fc37f06140e976f87a55e52fc11fbfd,DJI_0689,scene_10_DJI_0685-0713,val,ood_test,test,0,0,0,0
DJI_0689_1_1.jpg,da6fd70c58fe25f166757015947c9ceff172f6d184af1b1c9275d7457a82e7b9,DJI_0689,scene_10_DJI_0685-0713,val,ood_test,test,0,0,0,0
DJI_0689_1_2.jpg,35b596ca4c044ca968330b0c1745c4ede9656d6043dc21d7ada455956ab5b937,DJI_0689,scene_10_DJI_0685-0713,val,ood_test,test,1,1,0,1
DJI_0689_1_3.jpg,2709fedc3072700c9253535af54d074fd3c865fd1d3ca1ba0651798674751658,DJI_0689,scene_10_DJI_0685-0713,val,ood_test,test,1,1,0,1
DJI_0689_1_4.jpg,5eee3f3568fd154458ebcfe61fd16eccb58fdf8164bf28bf0fec4b3e7fdc1b65,DJI_0689,scene_10_DJI_0685-0713,val,ood_test,test,0,0,0,0
DJI_0690_0_0.jpg,b8ed5d6435aae6b9bf12ba84e3fb9135a9c7b1407a70ab53baf95e252d1e13ea,DJI_0690,scene_10_DJI_0685-0713,val,ood_test,test,0,0,0,0
DJI_0690_0_1.jpg,8dc9eb737616ef57401382819cad770531568b0b660c0d3dd9ab82d1bba3939a,DJI_0690,scene_10_DJI_0685-0713,val,ood_test,test,0,0,0,0
DJI_0690_0_2.jpg,1581c00a73d42bae8c14dc42017f422045724562ce4352d2a26b94ccbb1cc533,DJI_0690,scene_10_DJI_0685-0713,val,ood_test,test,2,2,0,1
DJI_0690_0_3.jpg,ab7c806b64006c1db56f35702987626d63c8d2885a8f10f0cf52fb271698d731,DJI_0690,scene_10_DJI_0685-0713,val,ood_test,test,0,0,0,0
DJI_0690_0_4.jpg,1ff0c5848207f48e5f8b1d99683081604ab51f5e1fe11c8ea99a61ff78bacb48,DJI_0690,scene_10_DJI_0685-0713,val,ood_test,test,0,0,0,0
DJI_0690_1_0.jpg,0b92fec92552bf59591d7110ae06a77eaf99f67f51750acde26bae8df964733a,DJI_0690,scene_10_DJI_0685-0713,val,ood_test,test,0,0,0,0
DJI_0690_1_1.jpg,0bb750565738b1c37d4a789f412e37fa44b3dc8f982637247d6be6c9bf5bf8c2,DJI_0690,scene_10_DJI_0685-0713,val,ood_test,test,0,0,0,0
DJI_0690_1_2.jpg,a3266017a47a3df7b821e4ef37371be7b8244e90741dbd2a77e02fafa4e49a4b,DJI_0690,scene_10_DJI_0685-0713,val,ood_test,test,1,1,0,1
DJI_0690_1_3.jpg,b93ee392d3f8507eea2abd05d1e939347564d597b88705db1c3f79c814a3ab90,DJI_0690,scene_10_DJI_0685-0713,val,ood_test,test,1,1,0,1
DJI_0690_1_4.jpg,0c53e3b25473b07c3280b5b572ab4e0679624bc70e55e628f70faea19cd05ea7,DJI_0690,scene_10_DJI_0685-0713,val,ood_test,test,0,0,0,0
DJI_0691_0_0.jpg,eca54a03a4f582fc50fdae3bc20ee5303fc503aed7841e395806fbd739e984e5,DJI_0691,scene_10_DJI_0685-0713,val,ood_test,test,0,0,0,0
DJI_0691_0_1.jpg,370c0d547eaf061d0a864175bc4c515584bca2cd6a83211d10b11613970c9d7b,DJI_0691,scene_10_DJI_0685-0713,val,ood_test,test,0,0,0,0
DJI_0691_0_2.jpg,1f2176041a3217eb4fcaa650316881811d4acde11f0acdff69e9a1f50e6dcbdc,DJI_0691,scene_10_DJI_0685-0713,val,ood_test,test,2,2,0,1
DJI_0691_0_3.jpg,c4d538393316ae3d7e6aa1e9d9b1bb8352ef82097657e850cc9a732296e40654,DJI_0691,scene_10_DJI_0685-0713,val,ood_test,test,0,0,0,0
DJI_0691_0_4.jpg,3b6b6b19afabe37fb45c77b44f11827e32f30c1548cc78326feee4f3535fe9ad,DJI_0691,scene_10_DJI_0685-0713,val,ood_test,test,0,0,0,0
DJI_0691_1_0.jpg,b0ecb2eeefff0647be05334bb40e07aee04b468fd13167db3ed10dd174a7caff,DJI_0691,scene_10_DJI_0685-0713,val,ood_test,test,0,0,0,0
DJI_0691_1_1.jpg,dfce235a250f0239841806f997f58ad7399845a56c960147c0afac674a6df35f,DJI_0691,scene_10_DJI_0685-0713,val,ood_test,test,0,0,0,0
DJI_0691_1_2.jpg,ed6f4e85b05a8df04253d3d28152dc3463a031a89415e21a5c3da402b3f4259e,DJI_0691,scene_10_DJI_0685-0713,val,ood_test,test,0,0,0,0
DJI_0691_1_3.jpg,1fb3c8c67362ee7b91e47953bd15b856bb53dc91dd2dcc5f8997c8e4abc0ff7a,DJI_0691,scene_10_DJI_0685-0713,val,ood_test,test,1,1,0,1
DJI_0691_1_4.jpg,b91921cb592881fea0ed1f8bbc0141ba03a2f291e35b04102ffa978976415b27,DJI_0691,scene_10_DJI_0685-0713,val,ood_test,test,0,0,0,0
DJI_0692_0_0.jpg,f37064c764c740ae96f25fd1499074a5690a5fbf6dbbc2b4cc72b4b86590f6b6,DJI_0692,scene_10_DJI_0685-0713,val,ood_test,test,0,0,0,0
DJI_0692_0_1.jpg,08f488fb25beb4adbed6bbe72c67546f2b121df344d2b039b2cdb281f1a2a7f5,DJI_0692,scene_10_DJI_0685-0713,val,ood_test,test,0,0,0,0
DJI_0692_0_2.jpg,34973b038b39ee5993b75f9ee01816798274f0e46d211baceaaba6eefb9779e9,DJI_0692,scene_10_DJI_0685-0713,val,ood_test,test,2,2,0,1
DJI_0692_0_3.jpg,448d158faed4341762a532902a5625b702927e4775ca853e207b72608d9ac482,DJI_0692,scene_10_DJI_0685-0713,val,ood_test,test,0,0,0,0
DJI_0692_0_4.jpg,7c0ed0e82348378a74c093d2991611cc80c47adee6d5f88df11bcc6f708dce66,DJI_0692,scene_10_DJI_0685-0713,val,ood_test,test,0,0,0,0
DJI_0692_1_0.jpg,70bfbb052f6ba564cf1dc8cbbd25fedc5702195fbc34b8ebc075471dff750bee,DJI_0692,scene_10_DJI_0685-0713,val,ood_test,test,0,0,0,0
DJI_0692_1_1.jpg,3297795ee2115efcb4d2493bc661edf9941278098715a5f4d3b2b9bdb55e3ea2,DJI_0692,scene_10_DJI_0685-0713,val,ood_test,test,0,0,0,0
DJI_0692_1_2.jpg,a4e56e3f3a1af7662b6a4746fc7329e72e525dd655feb0ef54fc62979b8d75e6,DJI_0692,scene_10_DJI_0685-0713,val,ood_test,test,1,1,0,1
DJI_0692_1_3.jpg,c9dccc0a52f48db1b224ea1c353cfe72eab46893c617041dd582ca8fcc9504a1,DJI_0692,scene_10_DJI_0685-0713,val,ood_test,test,1,1,0,1
DJI_0692_1_4.jpg,a9e9d7b150435c61caa5f4e922637be427f50f6b34f14c979a9ee0cfb17d32bc,DJI_0692,scene_10_DJI_0685-0713,val,ood_test,test,0,0,0,0
DJI_0693_0_0.jpg,0af3b11faeef5c412c2e6dfa231f563e61371a8f899ae2fe2f37bbd4b303e9ec,DJI_0693,scene_10_DJI_0685-0713,val,ood_test,test,0,0,0,0
DJI_0693_0_1.jpg,c1dbbdeeabc4541e1061717308fc9c7d0c26b9cfd1d251d5951f92e250c7935b,DJI_0693,scene_10_DJI_0685-0713,val,ood_test,test,0,0,0,0
DJI_0693_0_2.jpg,59ddeb5154df014bf0d09abd03dd7f8362e9a8bdf50581aa6b9e581544ffab3b,DJI_0693,scene_10_DJI_0685-0713,val,ood_test,test,2,2,0,1
DJI_0693_0_3.jpg,24b72dc7276f71c48a622d2340beadbc28967e88c472abadf1d032979832748d,DJI_0693,scene_10_DJI_0685-0713,val,ood_test,test,0,0,0,0
DJI_0693_0_4.jpg,26ee1e2870868ec0d56c481c82f9b5d6f10a215f0546b04df7bd10c1e8dadfc5,DJI_0693,scene_10_DJI_0685-0713,val,ood_test,test,0,0,0,0
DJI_0693_1_0.jpg,dfc71b2d049cbbff88f13b1144fad077917ba8364bcc150c36f0cb56b22e634c,DJI_0693,scene_10_DJI_0685-0713,val,ood_test,test,0,0,0,0
DJI_0693_1_1.jpg,f008fd12f3e8bd5f89a9b28ce40531b903a476e4b404fdf094bc93fb1fd51fd1,DJI_0693,scene_10_DJI_0685-0713,val,ood_test,test,0,0,0,0
DJI_0693_1_2.jpg,8a9d905003e87193b6cae0d1c19021f0326c2252a950f2d092443bda26201e96,DJI_0693,scene_10_DJI_0685-0713,val,ood_test,test,0,0,0,0
DJI_0693_1_3.jpg,1511d9b95711c5d56bfc58f1a5e787527254150b8b17e979ac0f0b16e426b44f,DJI_0693,scene_10_DJI_0685-0713,val,ood_test,test,1,1,0,1
DJI_0693_1_4.jpg,f16a8529ec4db73ddc2a209df921efdbacb1d3efaa61e0e6ab0b037f924dc9f8,DJI_0693,scene_10_DJI_0685-0713,val,ood_test,test,0,0,0,0
DJI_0694_0_0.jpg,77d11ecfea4c585536fc38c82b53ddd5a141b44fb0401cbdcac073fd4a97055c,DJI_0694,scene_10_DJI_0685-0713,val,ood_test,test,0,0,0,0
DJI_0694_0_1.jpg,7f3d86f1ec01a6623d1da429eb3e63097c6c01114f5b9fcbf59679ff5cef99f9,DJI_0694,scene_10_DJI_0685-0713,val,ood_test,test,0,0,0,0
DJI_0694_0_2.jpg,bc467c9b5cfed0816f6baf3ed04b4a475665785d539aafe278bca1cc8d7aede0,DJI_0694,scene_10_DJI_0685-0713,val,ood_test,test,2,2,0,1
DJI_0694_0_3.jpg,e2c7f0f0eb9ee4c582837e29af1ce3577a3383955c200d5464d031a40f8a2aa6,DJI_0694,scene_10_DJI_0685-0713,val,ood_test,test,0,0,0,0
DJI_0694_0_4.jpg,20aa9f8c05f0c030cc6f90cef1a7ea5e8c42c2b35a0da637c49afb9222355c4d,DJI_0694,scene_10_DJI_0685-0713,val,ood_test,test,0,0,0,0
DJI_0694_1_0.jpg,88c3c9a9077faddeeab7f78c61ad9b4cc77080ed7e042465f27e55e7327b5fcd,DJI_0694,scene_10_DJI_0685-0713,val,ood_test,test,0,0,0,0
DJI_0694_1_1.jpg,19791da3f0553ec1916980ae05e7f13b86c7be28b0bfa48d3df9c886269337fb,DJI_0694,scene_10_DJI_0685-0713,val,ood_test,test,0,0,0,0
DJI_0694_1_2.jpg,1e9a6fa6a01d4300ab6cfd5f33d174e166ed904d2a5a50cc3213a7d26e95386a,DJI_0694,scene_10_DJI_0685-0713,val,ood_test,test,0,0,0,0
DJI_0694_1_3.jpg,ca818908c46704b24f7eacf9ae3e554a9f668785cc77acd8cc8ea38542270621,DJI_0694,scene_10_DJI_0685-0713,val,ood_test,test,2,2,0,1
DJI_0694_1_4.jpg,a5c30eb906f52c9b8a89f3e759c3083b792b52679a7621d14c8f7bf6786fda9d,DJI_0694,scene_10_DJI_0685-0713,val,ood_test,test,0,0,0,0
DJI_0695_0_0.jpg,3be094300525c8874ad0951119dc0fd59f5e703432b6425300ee04d80a971b2b,DJI_0695,scene_10_DJI_0685-0713,val,ood_test,test,0,0,0,0
DJI_0695_0_1.jpg,c2abbee2f933cc17993b000405fd3163db738f380e71723cfdae77d92ec96802,DJI_0695,scene_10_DJI_0685-0713,val,ood_test,test,1,1,0,1
DJI_0695_0_2.jpg,3a0d83378953d8c7809d7e59c10a6017135ced556ae94c71137559efa10795a7,DJI_0695,scene_10_DJI_0685-0713,val,ood_test,test,2,2,0,1
DJI_0695_0_3.jpg,60e4398e46a9c1c00a98a591c7c7fb2b062c8723c99cc519f625c4827e7d68cc,DJI_0695,scene_10_DJI_0685-0713,val,ood_test,test,0,0,0,0
DJI_0695_0_4.jpg,f7be7918fc75a3647be98a8663c9b86820678ad1c5ff0c32890ee6902be4ba37,DJI_0695,scene_10_DJI_0685-0713,val,ood_test,test,0,0,0,0
DJI_0695_1_0.jpg,266b01c5b3d84214ad1cb465effa17a72cd1e347ec94e77f52d2cc915407d33d,DJI_0695,scene_10_DJI_0685-0713,val,ood_test,test,0,0,0,0
DJI_0695_1_1.jpg,83d31bde81486835014ec908f6cd58dd98099a59144033a5af0314f34fbdc73d,DJI_0695,scene_10_DJI_0685-0713,val,ood_test,test,0,0,0,0
DJI_0695_1_2.jpg,db1ef0287d020ae305155295216dbff93089fdbde53a74508151df06544e2b62,DJI_0695,scene_10_DJI_0685-0713,val,ood_test,test,1,1,0,1
DJI_0695_1_3.jpg,c81433c00ae2961af4138a11fdcab1821fe4939d0a66e11d4289664f698eee76,DJI_0695,scene_10_DJI_0685-0713,val,ood_test,test,1,1,0,1
DJI_0695_1_4.jpg,f267b18d4d26e9943ae8f0d84b83609cc44b5df30a3b8c617c0c8924faacec2d,DJI_0695,scene_10_DJI_0685-0713,val,ood_test,test,0,0,0,0
DJI_0696_0_0.jpg,5f36e3ec6b8653ea37a7aa5af4d1b245c884a781f97a2cf472ab76a154128a8b,DJI_0696,scene_10_DJI_0685-0713,val,ood_test,test,0,0,0,0
DJI_0696_0_1.jpg,d1d1142d72484381ef7a124f57c5c17216f2ad550f42b87a22875478dffd92ea,DJI_0696,scene_10_DJI_0685-0713,val,ood_test,test,0,0,0,0
DJI_0696_0_2.jpg,1e479aa3b982e821a04231a6bfc79eb9b7f0894264c2706deb4d266565f33e28,DJI_0696,scene_10_DJI_0685-0713,val,ood_test,test,0,0,0,0
DJI_0696_0_3.jpg,91229e2c74f8b10746e6efb3c85dfd55fb1c80a681ac09c7a5d2504263ef691c,DJI_0696,scene_10_DJI_0685-0713,val,ood_test,test,0,0,0,0
DJI_0696_0_4.jpg,846ba59d3e605856097a91291057c93c484e3f8f9511ed68daef8eb0a8c7714c,DJI_0696,scene_10_DJI_0685-0713,val,ood_test,test,0,0,0,0
DJI_0696_1_0.jpg,66049a80b59d7395e87ba53bf6f7308bde9ccdf5f2823b8fe034dc8f6ebba838,DJI_0696,scene_10_DJI_0685-0713,val,ood_test,test,0,0,0,0
DJI_0696_1_1.jpg,aa1ba03413456007ca77fa2d8ec5337d547707a3d8a767d67658b91d726ad98e,DJI_0696,scene_10_DJI_0685-0713,val,ood_test,test,1,1,0,1
DJI_0696_1_2.jpg,edf50b7d59f2274db862665c78fb6b97eceaef6beb787595c4bcf4c190a0b9cb,DJI_0696,scene_10_DJI_0685-0713,val,ood_test,test,2,2,0,1
DJI_0696_1_3.jpg,cdcb6826c7efa49a5660f0f0137cdc411657e349c5a13e0518ca5d7209b6150b,DJI_0696,scene_10_DJI_0685-0713,val,ood_test,test,1,1,0,1
DJI_0696_1_4.jpg,7411d56d4b5533d41227d17605beab46d1242b920e1e183376b649ac3d3e0b91,DJI_0696,scene_10_DJI_0685-0713,val,ood_test,test,0,0,0,0
DJI_0697_0_0.jpg,4a4ee3f0c745b3f8a3d53b3524c61d897c2471b79172a817858557dcbf955857,DJI_0697,scene_10_DJI_0685-0713,val,ood_test,test,0,0,0,0
DJI_0697_0_1.jpg,23cd92de93c377ba032f0d0c55ea6f209e8925673068e499f2f3893f5f4e8a10,DJI_0697,scene_10_DJI_0685-0713,val,ood_test,test,0,0,0,0
DJI_0697_0_2.jpg,e19422cf2fc026472b5f5a96b544893f27271b0570a398f76b351ad4c20e1f5c,DJI_0697,scene_10_DJI_0685-0713,val,ood_test,test,0,0,0,0
DJI_0697_0_3.jpg,286ee1760deb42e40a08805c676464a4e6d82a183811aa778f0d0ce63a9c8380,DJI_0697,scene_10_DJI_0685-0713,val,ood_test,test,0,0,0,0
DJI_0697_0_4.jpg,96ca9b8c2cd44109463407818243b6fa778dd35c55e07274b626ee34c3ef49f7,DJI_0697,scene_10_DJI_0685-0713,val,ood_test,test,0,0,0,0
DJI_0697_1_0.jpg,881fcb4ff13f3ce9e8f834c14aef3b67cde58a8ce9cfe5b5fa068f63e1004638,DJI_0697,scene_10_DJI_0685-0713,val,ood_test,test,0,0,0,0
DJI_0697_1_1.jpg,59ec7a6a3d169d0bf2d9b232fde31f6fdd590daa7019ce12842a94c41843dfe3,DJI_0697,scene_10_DJI_0685-0713,val,ood_test,test,0,0,0,0
DJI_0697_1_2.jpg,a719d7b94e6c556ece1a4215267729bdb73b483d0f715a6f84b2f7cb07599cc4,DJI_0697,scene_10_DJI_0685-0713,val,ood_test,test,1,1,0,1
DJI_0697_1_3.jpg,73bdac0864f701094d988d4a87f0c116159d0c33b447a81d36ca9f2242fe7f35,DJI_0697,scene_10_DJI_0685-0713,val,ood_test,test,1,1,0,1
DJI_0697_1_4.jpg,f8e0a2e6851d3d92318c57a03eb9523e8a4638b7f0f72f186bc46cc332866daa,DJI_0697,scene_10_DJI_0685-0713,val,ood_test,test,0,0,0,0
DJI_0698_0_0.jpg,84a6bfbafbc79d0d4005eee2b71633bc2cb5763a2416406eb2806cca503916d8,DJI_0698,scene_10_DJI_0685-0713,val,ood_test,test,0,0,0,0
DJI_0698_0_1.jpg,d5f315b53be7d50f8d57e0001b8c4c19f3b93b48ee782aa4fb89cd32f7886faf,DJI_0698,scene_10_DJI_0685-0713,val,ood_test,test,0,0,0,0
DJI_0698_0_2.jpg,cc87ffb3908bb82e870d124b6e6ca1267ab2e55b367a803cfd4df49010bf7307,DJI_0698,scene_10_DJI_0685-0713,val,ood_test,test,2,2,0,1
DJI_0698_0_3.jpg,5af8c66276e81788d250ad1d3933eb85a5e8e98f14cc406c6a09c2daa55ca5af,DJI_0698,scene_10_DJI_0685-0713,val,ood_test,test,0,0,0,0
DJI_0698_0_4.jpg,aea066eb491178befd085afd9604169fd3c033ee8d59905468e4ed7026aa1671,DJI_0698,scene_10_DJI_0685-0713,val,ood_test,test,0,0,0,0
DJI_0698_1_0.jpg,f07d413e6ed7fb31d2158e819bdd87ed61cc3d5a3f975b6ad33f36b778014210,DJI_0698,scene_10_DJI_0685-0713,val,ood_test,test,0,0,0,0
DJI_0698_1_1.jpg,6ad42d75adee81fb0b19543eadcfd1caa626ce61f45894c176062ecf1db61e1b,DJI_0698,scene_10_DJI_0685-0713,val,ood_test,test,0,0,0,0
DJI_0698_1_2.jpg,93b14c2481605114dc39915bb8677eb98ad329a6f3c793026368757b95db3380,DJI_0698,scene_10_DJI_0685-0713,val,ood_test,test,0,0,0,0
DJI_0698_1_3.jpg,4fbe93adccecbe5308b86c230bdb83545a77528a5b16eedc04fab8774f91e605,DJI_0698,scene_10_DJI_0685-0713,val,ood_test,test,0,0,0,0
DJI_0698_1_4.jpg,4a9d1412f3f5c125def18624ebfd19350e8ad9b173622f34f313bed23b07db8d,DJI_0698,scene_10_DJI_0685-0713,val,ood_test,test,0,0,0,0
DJI_0699_0_0.jpg,4387382dc240e355bebae003715ff804bf6cb8423ddb00a63883df5fed7d7d07,DJI_0699,scene_10_DJI_0685-0713,val,ood_test,test,0,0,0,0
DJI_0699_0_1.jpg,6c871a5374902fbaa734e93822d86004db98c8940d831d31010164e1091d9b17,DJI_0699,scene_10_DJI_0685-0713,val,ood_test,test,0,0,0,0
DJI_0699_0_2.jpg,8086dc7fc5cd4f756d6595313ae198b73c55acaf8980f6802311ce0d7f38b6be,DJI_0699,scene_10_DJI_0685-0713,val,ood_test,test,0,0,0,0
DJI_0699_0_3.jpg,bfc7287ab0b5539ee769cda50155a4043c9a4a35810b2ecca72fe33bc7f21934,DJI_0699,scene_10_DJI_0685-0713,val,ood_test,test,0,0,0,0
DJI_0699_0_4.jpg,086877413e8c8135d6f7f8fc821173a9d8f94a720ce1a69c9f15e373e8b2c31b,DJI_0699,scene_10_DJI_0685-0713,val,ood_test,test,0,0,0,0
DJI_0699_1_0.jpg,7e179edba7755cc0b36a4b1c9b487e0734fcaef03a07825615e9633ceae9a5ac,DJI_0699,scene_10_DJI_0685-0713,val,ood_test,test,0,0,0,0
DJI_0699_1_1.jpg,f101fcaccc8308e7b9db01660e193bb2eb53d8a2a3094e21f68f182851df4d31,DJI_0699,scene_10_DJI_0685-0713,val,ood_test,test,0,0,0,0
DJI_0699_1_2.jpg,ea1f3733336eb93668df6cc134798ee68b16df6e653a23986b2d4d29ff7ae51b,DJI_0699,scene_10_DJI_0685-0713,val,ood_test,test,2,2,0,1
DJI_0699_1_3.jpg,6e9c15d22413fe64e8adbed03d83b429594b104d5d289523e9a113fd06a89497,DJI_0699,scene_10_DJI_0685-0713,val,ood_test,test,0,0,0,0
DJI_0699_1_4.jpg,c91176ddefb16cf8fdcfc237c6885add88861b6de1229f39702d100eed52ff21,DJI_0699,scene_10_DJI_0685-0713,val,ood_test,test,0,0,0,0
DJI_0700_0_0.jpg,ed73cc02632dc8051cd2c60397bbde6d1e83c2d37b2052a94a6358049e804f82,DJI_0700,scene_10_DJI_0685-0713,val,ood_test,test,0,0,0,0
DJI_0700_0_1.jpg,b17a544591d31e8f12199135f8ea89cd5af1198381ccbb27f26d81bbe1ee27f3,DJI_0700,scene_10_DJI_0685-0713,val,ood_test,test,1,1,0,1
DJI_0700_0_2.jpg,ca4fa11fd41b2c8fd0d4210ada891536df1e55d9b4ba4da33f759ae1ca446990,DJI_0700,scene_10_DJI_0685-0713,val,ood_test,test,0,0,0,0
DJI_0700_0_3.jpg,06baabceff1de940a1ed0a960418e09ba4712270587718cec1aad53269de5f9b,DJI_0700,scene_10_DJI_0685-0713,val,ood_test,test,0,0,0,0
DJI_0700_0_4.jpg,9bbe438baf3ad6d4e38280ba5ada61e91c4c075d939140b63ffb7b59f3b563f1,DJI_0700,scene_10_DJI_0685-0713,val,ood_test,test,0,0,0,0
DJI_0700_1_0.jpg,1eaa97c3f4bd87845958b97b8492ef4b2fc0ac5d39de931793acdf91de00f19a,DJI_0700,scene_10_DJI_0685-0713,val,ood_test,test,0,0,0,0
DJI_0700_1_1.jpg,9b58967e5bcc71d27fc3e539d3f4f0658b213a0bea112be22f772e6badeb4429,DJI_0700,scene_10_DJI_0685-0713,val,ood_test,test,0,0,0,0
DJI_0700_1_2.jpg,078480826fc710049ac13a9e92693d49e1c1456f91d23e2a5e5fc744707daad3,DJI_0700,scene_10_DJI_0685-0713,val,ood_test,test,0,0,0,0
DJI_0700_1_3.jpg,a8beb4cbe833d49293166f475f756c0a75af218cf06144443988a24d8af357bf,DJI_0700,scene_10_DJI_0685-0713,val,ood_test,test,1,1,0,1
DJI_0700_1_4.jpg,b88b279679154e09a15d7854e06edfd1670ca27d29bc305b8fae7aad2743ac11,DJI_0700,scene_10_DJI_0685-0713,val,ood_test,test,0,0,0,0
DJI_0701_0_0.jpg,ae93c68051ea047d804312796b0c1f42e6600fe9e5c5ba9ed0e53a410f69c5fd,DJI_0701,scene_10_DJI_0685-0713,val,ood_test,test,0,0,0,0
DJI_0701_0_1.jpg,6a2812d3d93b1a48d91ec76437e04212f8796ab54bd0d9857f43ab6d18e78aeb,DJI_0701,scene_10_DJI_0685-0713,val,ood_test,test,0,0,0,0
DJI_0701_0_2.jpg,c4d6822a59828d504d51422c94a1b047fa3dd33d0672ed00eb325479bd63ca11,DJI_0701,scene_10_DJI_0685-0713,val,ood_test,test,1,1,0,1
DJI_0701_0_3.jpg,dc94acf88c22325be8c37fd6acb5bb2dfb8173e0a75f453ab2ca832585f8779b,DJI_0701,scene_10_DJI_0685-0713,val,ood_test,test,0,0,0,0
DJI_0701_0_4.jpg,5f9ee2ad46b14984b56759a8a4c9ea22ffb18bca08acd63c64358bec57f8fc1d,DJI_0701,scene_10_DJI_0685-0713,val,ood_test,test,0,0,0,0
DJI_0701_1_0.jpg,5bec8b009cbb4677e080e762ddefed096301fe10bd6102a1856e06d13c268785,DJI_0701,scene_10_DJI_0685-0713,val,ood_test,test,0,0,0,0
DJI_0701_1_1.jpg,ad67194edb79736369a2118701f13e7bc6e9f957aa5474196d63bc5bd4d59387,DJI_0701,scene_10_DJI_0685-0713,val,ood_test,test,0,0,0,0
DJI_0701_1_2.jpg,43a0390bf0e5fbe203430b0c118be2387abdd094aa88601b4400e1046eb2cdf2,DJI_0701,scene_10_DJI_0685-0713,val,ood_test,test,0,0,0,0
DJI_0701_1_3.jpg,56d8df302f812524c6432e43f05946e09b42de8bf610f004829b5e15dd01d8a3,DJI_0701,scene_10_DJI_0685-0713,val,ood_test,test,0,0,0,0
DJI_0701_1_4.jpg,cda4486558a1604b57a929276f0700fefe5bda9d1120c269f98bf880d21becf8,DJI_0701,scene_10_DJI_0685-0713,val,ood_test,test,0,0,0,0
DJI_0702_0_0.jpg,251e69d75fb3150cddf80312607058f2b34ce8cab5ed9d45cae2eb5c53d72611,DJI_0702,scene_10_DJI_0685-0713,val,ood_test,test,0,0,0,0
DJI_0702_0_1.jpg,03e5549c2928a1c513c513e24480ee2805c790484792bef241fbb50ea9a3d1f1,DJI_0702,scene_10_DJI_0685-0713,val,ood_test,test,0,0,0,0
DJI_0702_0_2.jpg,c13f54e559ee59a58071d607ee93737c33e83b5aaf3c75e0da9cd6b1df0f86ed,DJI_0702,scene_10_DJI_0685-0713,val,ood_test,test,0,0,0,0
DJI_0702_0_3.jpg,a89a0039ab3d6e61180e391c7ced3bf6386161d2102709f785e02d25b2aa59ee,DJI_0702,scene_10_DJI_0685-0713,val,ood_test,test,0,0,0,0
DJI_0702_0_4.jpg,31c699d839b0e7b48b005f2b9098077a2e95e6a0050f49d5db0d40fa0a943764,DJI_0702,scene_10_DJI_0685-0713,val,ood_test,test,0,0,0,0
DJI_0702_1_0.jpg,33974e7e98c8cbfa84e9991c549725f3b024a07e62f2ebeff6166d5f0a02b7cb,DJI_0702,scene_10_DJI_0685-0713,val,ood_test,test,0,0,0,0
DJI_0702_1_1.jpg,40dde32e90004a6bb181f667f557dd417880fc993f3ddb7fec64caa4c5dbcad5,DJI_0702,scene_10_DJI_0685-0713,val,ood_test,test,0,0,0,0
DJI_0702_1_2.jpg,9f8c765af101d3db8c3133a9f3b3509e697eca84aba059c8243a9f23c5326a69,DJI_0702,scene_10_DJI_0685-0713,val,ood_test,test,1,1,0,1
DJI_0702_1_3.jpg,7cd114396ce1d48a67c56124d9cd918737a7952475bf560ffeb4560dfd862a34,DJI_0702,scene_10_DJI_0685-0713,val,ood_test,test,0,0,0,0
DJI_0702_1_4.jpg,01698bb4539713c9af8f3530c5298af47272ca1d0c253936a0a46ef8fb660527,DJI_0702,scene_10_DJI_0685-0713,val,ood_test,test,0,0,0,0
DJI_0703_0_0.jpg,0cba7fac1df68dbb1cd05d375047b17b608fcd4f78cf7beaf6c686fad2cc2617,DJI_0703,scene_10_DJI_0685-0713,val,ood_test,test,0,0,0,0
DJI_0703_0_1.jpg,ee712dc755325f212e548f7a0d7d0e54801d9f86a48f77dc3f3c380f83929f40,DJI_0703,scene_10_DJI_0685-0713,val,ood_test,test,0,0,0,0
DJI_0703_0_2.jpg,320bbe072c4388eeb1898e3d709ccac303f3e47caab7ff88645e2b513af1bd2f,DJI_0703,scene_10_DJI_0685-0713,val,ood_test,test,0,0,0,0
DJI_0703_0_3.jpg,0b3fede4131104c5e21ac5517033f6abd63917f8baab59214c5280ecb740f0bd,DJI_0703,scene_10_DJI_0685-0713,val,ood_test,test,0,0,0,0
DJI_0703_0_4.jpg,0ac44daf870bfb01f7f48666f43c78d6a20e9165924dc5ef23bdb9c29e30c0a8,DJI_0703,scene_10_DJI_0685-0713,val,ood_test,test,0,0,0,0
DJI_0703_1_0.jpg,f55797649212d70c398e0c563522a162f7466c069c083eabf7ae33a32497f949,DJI_0703,scene_10_DJI_0685-0713,val,ood_test,test,0,0,0,0
DJI_0703_1_1.jpg,edd25d7a02df22d4f1ad8c51bc228e32b5c474af1512bef8821318367603f9ab,DJI_0703,scene_10_DJI_0685-0713,val,ood_test,test,0,0,0,0
DJI_0703_1_2.jpg,28f7cf691982b5872d8b5482d06be839fd180b84a6de674884c89ded5aa28da5,DJI_0703,scene_10_DJI_0685-0713,val,ood_test,test,1,1,0,1
DJI_0703_1_3.jpg,d0a67384402987496b2084f54d8f564beadb3afab7f23711afb45007d75cb1a8,DJI_0703,scene_10_DJI_0685-0713,val,ood_test,test,0,0,0,0
DJI_0703_1_4.jpg,1c6cb9c79ca73b655ce0e381237d1b5ee34fe4b567ebc1701eea9a7a192c8078,DJI_0703,scene_10_DJI_0685-0713,val,ood_test,test,0,0,0,0
DJI_0704_0_0.jpg,cb95b16aa6236b41084422b45cb59ea84354c871ab2812cc86aea203557a86a3,DJI_0704,scene_10_DJI_0685-0713,val,ood_test,test,0,0,0,0
DJI_0704_0_1.jpg,b3137d8b5e09ea6fdfd00a85d18752804cc847534088744382998a9a138fb7a6,DJI_0704,scene_10_DJI_0685-0713,val,ood_test,test,0,0,0,0
DJI_0704_0_2.jpg,135fbbc932627a34838b5893f33a3f76d776a8b8019352851bba0c285a92ab58,DJI_0704,scene_10_DJI_0685-0713,val,ood_test,test,0,0,0,0
DJI_0704_0_3.jpg,73db0583552ba959c6c6ecb6edbfd898a5bcf097dfb9fe86cc61c9d34b6c25c0,DJI_0704,scene_10_DJI_0685-0713,val,ood_test,test,0,0,0,0
DJI_0704_0_4.jpg,899f615fc2eea98d972b2317ad17065436089da2af24ddb8e91c1ecbf5112c00,DJI_0704,scene_10_DJI_0685-0713,val,ood_test,test,0,0,0,0
DJI_0704_1_0.jpg,c2466432020f715cc962f9c9bf7b11f40a27a200da8b3ddd5e34c21c6cdbd9af,DJI_0704,scene_10_DJI_0685-0713,val,ood_test,test,0,0,0,0
DJI_0704_1_1.jpg,01a006cae3ba03e94339340b9d7534e7c00d4a65f7cbad3a474ab6325afa8218,DJI_0704,scene_10_DJI_0685-0713,val,ood_test,test,0,0,0,0
DJI_0704_1_2.jpg,987e0884d087f9a8e18a2f9e77b41dce1ec606e88b56edc53b43f44146e21d06,DJI_0704,scene_10_DJI_0685-0713,val,ood_test,test,1,1,0,1
DJI_0704_1_3.jpg,84e5418cfa8dafb7c15146c9cea25774ef57e3da6d08fdd69b62f702cef0157c,DJI_0704,scene_10_DJI_0685-0713,val,ood_test,test,0,0,0,0
DJI_0704_1_4.jpg,5b6e7fe70ecb8814abaca99f15bd03c4922f63ed7a379f8b81ddf1c2af476e40,DJI_0704,scene_10_DJI_0685-0713,val,ood_test,test,0,0,0,0
DJI_0705_0_0.jpg,9ba7872978faa00f6cb52725450c6993c803a99e3935630269926e3a023572e1,DJI_0705,scene_10_DJI_0685-0713,val,ood_test,test,0,0,0,0
DJI_0705_0_1.jpg,f01293000526601dadc9bc511c30c295179ab03b6cc0eed6c1364a51d729efe7,DJI_0705,scene_10_DJI_0685-0713,val,ood_test,test,1,1,0,1
DJI_0705_0_2.jpg,94e0c13d47bf19fb87cd999f942701063305029d153986fbafbe3d46474a9380,DJI_0705,scene_10_DJI_0685-0713,val,ood_test,test,0,0,0,0
DJI_0705_0_3.jpg,b648936f0288f3c288c8f80f42615b2c18452f6260678d671934c878b2bd73bd,DJI_0705,scene_10_DJI_0685-0713,val,ood_test,test,0,0,0,0
DJI_0705_0_4.jpg,9916ed4c53cdf7478c161915c64830eaacaa807b6cbf1c465ffc8088792edfdf,DJI_0705,scene_10_DJI_0685-0713,val,ood_test,test,0,0,0,0
DJI_0705_1_0.jpg,d7b62abafc516c16939f36bf8e52d7c9682ca5bb3c591df8e5b7b3b3ca5c0777,DJI_0705,scene_10_DJI_0685-0713,val,ood_test,test,0,0,0,0
DJI_0705_1_1.jpg,8ec074f1540d1a4bde81cf37812eaf178387cf4d92cc1a2f96010a843ab38224,DJI_0705,scene_10_DJI_0685-0713,val,ood_test,test,0,0,0,0
DJI_0705_1_2.jpg,60503ca99b630a3952fdb53e932afc0bc7b991081a3c39761fb1384f32875396,DJI_0705,scene_10_DJI_0685-0713,val,ood_test,test,0,0,0,0
DJI_0705_1_3.jpg,2fbf5161468810ad485c4e416fc1e5e9e575ed04de391c696b2a201ff5d01724,DJI_0705,scene_10_DJI_0685-0713,val,ood_test,test,0,0,0,0
DJI_0705_1_4.jpg,978c7e1621a4158155e1d1fff5b383e9216af2151a074da7d4724a7b56367310,DJI_0705,scene_10_DJI_0685-0713,val,ood_test,test,0,0,0,0
DJI_0706_0_0.jpg,46669d4ca378288c4317dabb50347212e615cf045fd8e21eda9cbeb95636f058,DJI_0706,scene_10_DJI_0685-0713,val,ood_test,test,0,0,0,0
DJI_0706_0_1.jpg,c3baf367ed666586d9578227f3653fb48e320c69c46ddb8b8aa1da1562afa90e,DJI_0706,scene_10_DJI_0685-0713,val,ood_test,test,1,1,0,1
DJI_0706_0_2.jpg,5caad5593b8bba2f1675191cb935c3d15b4ef7538a9b005f13f6cd046ab458e5,DJI_0706,scene_10_DJI_0685-0713,val,ood_test,test,0,0,0,0
DJI_0706_0_3.jpg,3a64c310926038cca87483793df88f5bfba5c619b456c2c03ecadc10be2e3c63,DJI_0706,scene_10_DJI_0685-0713,val,ood_test,test,0,0,0,0
DJI_0706_0_4.jpg,80378d34f6c1c8342163fc3fb1188e6e93dccb7f91361a8c64b4ffc1374549cc,DJI_0706,scene_10_DJI_0685-0713,val,ood_test,test,0,0,0,0
DJI_0706_1_0.jpg,ba64ca4391f492dcf43a07cdad7daff04caf96bedec1690177df3d07f1d0cb2b,DJI_0706,scene_10_DJI_0685-0713,val,ood_test,test,0,0,0,0
DJI_0706_1_1.jpg,9c14b985f9e4768eefb0fe4228f1ceb6e50c88ecd66e0976a6be5b41b64498e5,DJI_0706,scene_10_DJI_0685-0713,val,ood_test,test,0,0,0,0
DJI_0706_1_2.jpg,682ccd38a8fa088dce8141e7cffc0d53d872dcdbc731b162a940cacf1888d562,DJI_0706,scene_10_DJI_0685-0713,val,ood_test,test,0,0,0,0
DJI_0706_1_3.jpg,859ff9e507e3185d6bdf88f4c8930b27f9141443802ff318032c70d1c4544a00,DJI_0706,scene_10_DJI_0685-0713,val,ood_test,test,0,0,0,0
DJI_0706_1_4.jpg,6abb6474220acf65e979e5c118802c831e93adf6c9c1bb7ca1616c0627cdbb6e,DJI_0706,scene_10_DJI_0685-0713,val,ood_test,test,0,0,0,0
DJI_0707_0_0.jpg,d6f237e816a5e8c4fa42de1e50ddb58c07ed58a570ab513aebbd16de9febc8a8,DJI_0707,scene_10_DJI_0685-0713,val,ood_test,test,0,0,0,0
DJI_0707_0_1.jpg,f4d3189d751c1913cc81ea25e095260d77de1e5ca1f00483868ad19bc283c6f4,DJI_0707,scene_10_DJI_0685-0713,val,ood_test,test,1,1,0,1
DJI_0707_0_2.jpg,4588f11db3d3194bf5876353934adb05d83584922232773058904d75597be00d,DJI_0707,scene_10_DJI_0685-0713,val,ood_test,test,0,0,0,0
DJI_0707_0_3.jpg,e84ea3d2133e6811bcdc0261fc590ad3c87717f6539c2388527657b046224b89,DJI_0707,scene_10_DJI_0685-0713,val,ood_test,test,0,0,0,0
DJI_0707_0_4.jpg,573dd6bf9a339e4fd46862f38c1cda985b56e367cbeb4bd5c5d4215c90c6c6b9,DJI_0707,scene_10_DJI_0685-0713,val,ood_test,test,0,0,0,0
DJI_0707_1_0.jpg,e8dafb586b91acd766e8f8ddbdfea8c0d16d3965c3b705850a0b1766959d46a4,DJI_0707,scene_10_DJI_0685-0713,val,ood_test,test,0,0,0,0
DJI_0707_1_1.jpg,a22add09cbca17c27bddbae85ddf05fe2dcd4285f74ac06af1bb211fe555e939,DJI_0707,scene_10_DJI_0685-0713,val,ood_test,test,0,0,0,0
DJI_0707_1_2.jpg,6c6b8b9bd29f1cb04e773f20a2dcd607ae925216803bddc7b778a3033e9b87e5,DJI_0707,scene_10_DJI_0685-0713,val,ood_test,test,2,2,0,1
DJI_0707_1_3.jpg,e219b674d6cc8c7e6e94cb59e57f41d3c7691f35571eb4d65ac0b5522eb37653,DJI_0707,scene_10_DJI_0685-0713,val,ood_test,test,0,0,0,0
DJI_0707_1_4.jpg,b12eb26398b7a152f1b9963ac4c57f10da1651d25407200ac63662731c0c793d,DJI_0707,scene_10_DJI_0685-0713,val,ood_test,test,0,0,0,0
DJI_0708_0_0.jpg,a6124d1cbec047e1acca1842edfc60ec64876c720400169f0ef86e8c25cd9eb6,DJI_0708,scene_10_DJI_0685-0713,val,ood_test,test,0,0,0,0
DJI_0708_0_1.jpg,ec555e6776e14f041dd7554f337db4927849a444a40c42552edb20fe39dd1c94,DJI_0708,scene_10_DJI_0685-0713,val,ood_test,test,0,0,0,0
DJI_0708_0_2.jpg,05feddd6a41a2cccc0bd0feb4b1697d383cf6375df20a03b32d0fa02cf128607,DJI_0708,scene_10_DJI_0685-0713,val,ood_test,test,1,1,0,1
DJI_0708_0_3.jpg,b6ca512d1f0aa8b12f080b9334add1e970ff596d1a3451a8eec70f6d63f9c57c,DJI_0708,scene_10_DJI_0685-0713,val,ood_test,test,0,0,0,0
DJI_0708_0_4.jpg,a4d2014fb923bfd0e723733418286bb09172894f6ce1a04e81953e1372473b02,DJI_0708,scene_10_DJI_0685-0713,val,ood_test,test,0,0,0,0
DJI_0708_1_0.jpg,6b38f0fe5457bd05ad8db32221f5f4263c06b384709435e0a453fd1d5fc54abb,DJI_0708,scene_10_DJI_0685-0713,val,ood_test,test,0,0,0,0
DJI_0708_1_1.jpg,df16a08fbfc1ebd8a3e043a6036eccd40e207705bdf7b9f076f5cc4bfba998c6,DJI_0708,scene_10_DJI_0685-0713,val,ood_test,test,0,0,0,0
DJI_0708_1_2.jpg,428cea7f3262ac973a021c381f1fe2376156c29f3aebd875b85fab5311d070a4,DJI_0708,scene_10_DJI_0685-0713,val,ood_test,test,2,2,0,1
DJI_0708_1_3.jpg,80ae20b7ac8b254688704eabb117542613190761083f617aad10b12b5ec46ffd,DJI_0708,scene_10_DJI_0685-0713,val,ood_test,test,0,0,0,0
DJI_0708_1_4.jpg,fe2ccda7a22f39c4598fb8aaa3f64cfb4dd2a2a2c6fddf710620625c49cfc44f,DJI_0708,scene_10_DJI_0685-0713,val,ood_test,test,0,0,0,0
DJI_0709_0_0.jpg,f3aa773f44269f806c7d15ac8bff24a2ef1f1db33d9e0d550086ad6120b3494d,DJI_0709,scene_10_DJI_0685-0713,val,ood_test,test,0,0,0,0
DJI_0709_0_1.jpg,21c9aa4f6135cba676f06ec51a7cd945691d981df69880a2d6855683be1df1dc,DJI_0709,scene_10_DJI_0685-0713,val,ood_test,test,2,2,0,1
DJI_0709_0_2.jpg,647c248c58134396ade631cb48d665150b7ceb005a0a04465e7281c2bef81000,DJI_0709,scene_10_DJI_0685-0713,val,ood_test,test,0,0,0,0
DJI_0709_0_3.jpg,6a2113b36fbdc4ab0905690ae58de5c4fceb945d4fa7e86276a284a3586eaeba,DJI_0709,scene_10_DJI_0685-0713,val,ood_test,test,0,0,0,0
DJI_0709_0_4.jpg,c0ae2159f24885fd280492fd62352dc192630954a5f21f808a51891917f3afdc,DJI_0709,scene_10_DJI_0685-0713,val,ood_test,test,0,0,0,0
DJI_0709_1_0.jpg,a8454642be9a306e79ed04c2e98fd8c8c44c551d699d36d7170243ea145b013b,DJI_0709,scene_10_DJI_0685-0713,val,ood_test,test,0,0,0,0
DJI_0709_1_1.jpg,9e6956088ad77e712381d0804635a5eb9c09acc0af9c8798d7c92104f96aebba,DJI_0709,scene_10_DJI_0685-0713,val,ood_test,test,0,0,0,0
DJI_0709_1_2.jpg,472f37da0e9e9f840a63640c1c71c6b8b6091d080f8676963143c5e62ecc2100,DJI_0709,scene_10_DJI_0685-0713,val,ood_test,test,2,2,0,1
DJI_0709_1_3.jpg,dcf8e783bab42e94c5c8c787fc870dd9d3a3dfbaee5d1ee31f0eee34aefb66c8,DJI_0709,scene_10_DJI_0685-0713,val,ood_test,test,1,1,0,1
DJI_0709_1_4.jpg,d23f17e1af4bfa23a725b07d0aeedfe7ec45da9d8fb8a8e444289ba1947fc2e0,DJI_0709,scene_10_DJI_0685-0713,val,ood_test,test,0,0,0,0
DJI_0710_0_0.jpg,d67423567ce89722f49ad9b33257a0425db2e9d6f9964d44e1f17d52fedb4307,DJI_0710,scene_10_DJI_0685-0713,val,ood_test,test,0,0,0,0
DJI_0710_0_1.jpg,7fcde1c52b48b259b08e0780f0c7cb725e01f3f44a5209db4e892bdce15456ee,DJI_0710,scene_10_DJI_0685-0713,val,ood_test,test,1,1,0,1
DJI_0710_0_2.jpg,f1c11c16a429816e857a9ab56a9500c531544fb66fed8d25bb4c869fa2f160bf,DJI_0710,scene_10_DJI_0685-0713,val,ood_test,test,2,2,0,1
DJI_0710_0_3.jpg,19657bd9f115286326a780d9556f779ee2fa9739e82ed3fe02ba8d28ccbed5c5,DJI_0710,scene_10_DJI_0685-0713,val,ood_test,test,0,0,0,0
DJI_0710_0_4.jpg,d7262ee0e017c5d03f11fba15d1a74fb4f75b59dac4581a8c7efa4f996c26b72,DJI_0710,scene_10_DJI_0685-0713,val,ood_test,test,0,0,0,0
DJI_0710_1_0.jpg,349cb35d2922103528e69bf0b2c771ea49d0a88125a7fb652ad34e3b784eec38,DJI_0710,scene_10_DJI_0685-0713,val,ood_test,test,0,0,0,0
DJI_0710_1_1.jpg,cdf6a6708308db0eebf28d22f1b277a0c9ddcb3c8c85ad573908e7f665bd6bc4,DJI_0710,scene_10_DJI_0685-0713,val,ood_test,test,0,0,0,0
DJI_0710_1_2.jpg,a7eecfb9d2d8d7992c19eda3365e9b0405250a55bc0b7834374504765281821f,DJI_0710,scene_10_DJI_0685-0713,val,ood_test,test,2,2,0,1
DJI_0710_1_3.jpg,4d9479d365de36faed2ae00075ddf881e37ffd8e71c7d7ba68ce77abad43cc32,DJI_0710,scene_10_DJI_0685-0713,val,ood_test,test,1,1,0,1
DJI_0710_1_4.jpg,2b0d54b64d451ac91f8b0b167e650908428d704d4c91a6148ff97cd046bb8014,DJI_0710,scene_10_DJI_0685-0713,val,ood_test,test,0,0,0,0
DJI_0711_0_0.jpg,69860a0ff61c109e4ce03210cabb884df1571b273a295bc2fc9b5acea1c55df2,DJI_0711,scene_10_DJI_0685-0713,val,ood_test,test,0,0,0,0
DJI_0711_0_1.jpg,43bbcc7a233d0d180ce99d906d54a24a08c66f5f23713f7ba0b7d0f4295947de,DJI_0711,scene_10_DJI_0685-0713,val,ood_test,test,0,0,0,0
DJI_0711_0_2.jpg,e309a2cfb59dea3228bb89df7aa308b3ae242438e6b5d8d0952fd95704e31646,DJI_0711,scene_10_DJI_0685-0713,val,ood_test,test,3,3,0,1
DJI_0711_0_3.jpg,20cd598367b6355c28c4808b5239c5814aabd233fe5fd03785855dcd86a9c689,DJI_0711,scene_10_DJI_0685-0713,val,ood_test,test,0,0,0,0
DJI_0711_0_4.jpg,4be31ca0bc6c932834dec0cb95d472906760b37ef35ff311d0ce4a0ee44c487a,DJI_0711,scene_10_DJI_0685-0713,val,ood_test,test,0,0,0,0
DJI_0711_1_0.jpg,85a149a8f5eb7fc85126480b44f9cafab8be407a60846176eeca4d199b033950,DJI_0711,scene_10_DJI_0685-0713,val,ood_test,test,0,0,0,0
DJI_0711_1_1.jpg,671735e7d1d0619a82c3307b63358d899562cc184cc69de65572494a22b933db,DJI_0711,scene_10_DJI_0685-0713,val,ood_test,test,0,0,0,0
DJI_0711_1_2.jpg,42d4e4570c32758b9056deb8a19483c78424158e62b58be7173800450268d3aa,DJI_0711,scene_10_DJI_0685-0713,val,ood_test,test,0,0,0,0
DJI_0711_1_3.jpg,cec77d0f2c0e3efa2f03bdd1438b4d4abf766f52a3ae00fce5de49cbfc7a5228,DJI_0711,scene_10_DJI_0685-0713,val,ood_test,test,2,2,0,1
DJI_0711_1_4.jpg,5657e4d507f9b7e023df1e7374923adb489c56e343e9a4dc13977594da1cb85a,DJI_0711,scene_10_DJI_0685-0713,val,ood_test,test,0,0,0,0
DJI_0712_0_0.jpg,9fc32caff140d6b481a8dafd017de439daf2fab09adaaa682ce30c1b2ae80fef,DJI_0712,scene_10_DJI_0685-0713,val,ood_test,test,0,0,0,0
DJI_0712_0_1.jpg,99ab53f5db93388584e6cb8d7756d09b4ebaef066b4580673a016d5b3b891293,DJI_0712,scene_10_DJI_0685-0713,val,ood_test,test,0,0,0,0
DJI_0712_0_2.jpg,12ed340713d73a7355412cf899e62eaa184725097335e2c09eadb6718e958bdf,DJI_0712,scene_10_DJI_0685-0713,val,ood_test,test,3,3,0,1
DJI_0712_0_3.jpg,9a537556a95d135fc50e8f1806df4138844e800fa03d2a1755f9ac50d0555881,DJI_0712,scene_10_DJI_0685-0713,val,ood_test,test,0,0,0,0
DJI_0712_0_4.jpg,efeff314555e899b8fa93911b7acae6194e7d55846245d2466a2adbea595e06e,DJI_0712,scene_10_DJI_0685-0713,val,ood_test,test,0,0,0,0
DJI_0712_1_0.jpg,3ddee1e63f0d7c609727ea70bfd00c44e330177acf55d399f906da208bba07a1,DJI_0712,scene_10_DJI_0685-0713,val,ood_test,test,0,0,0,0
DJI_0712_1_1.jpg,9a3d3731e807b286592ef634c270d53c2e246809dec6283c385110e22bb2a96a,DJI_0712,scene_10_DJI_0685-0713,val,ood_test,test,0,0,0,0
DJI_0712_1_2.jpg,0a5c13498cd19f830f9593417151ea8ea1be91171cce7677e3fae81ae485dc0f,DJI_0712,scene_10_DJI_0685-0713,val,ood_test,test,0,0,0,0
DJI_0712_1_3.jpg,28b2be4bd970dcbebf0d165a1f6c534ae965727c49567d4494720828607db56c,DJI_0712,scene_10_DJI_0685-0713,val,ood_test,test,3,3,0,1
DJI_0712_1_4.jpg,186c494d5604a90a187091ee12b5eac803483be5d3131c654b09ad081477b39f,DJI_0712,scene_10_DJI_0685-0713,val,ood_test,test,0,0,0,0
DJI_0713_0_0.jpg,f098a023db03b59dd8c475177891c7e7db167699542dc7ebbd82bca35f3425b7,DJI_0713,scene_10_DJI_0685-0713,val,ood_test,test,1,1,0,1
DJI_0713_0_1.jpg,1736d6f33fd246eb76823cce5937226f2f1ef4c5a726d89220cf375c94c9d207,DJI_0713,scene_10_DJI_0685-0713,val,ood_test,test,2,2,0,1
DJI_0713_0_2.jpg,74221f33eb2f896dcd9b8f544ec76132f9e7dc8b6e777992db79277bf9a46f15,DJI_0713,scene_10_DJI_0685-0713,val,ood_test,test,0,0,0,0
DJI_0713_0_3.jpg,fc31c37af4c26f496a41a0a5398b95ac9893cb7005687b7d6311784433f6eb40,DJI_0713,scene_10_DJI_0685-0713,val,ood_test,test,0,0,0,0
DJI_0713_0_4.jpg,88951f95098bf6355dd408f8c948d939e38f2b93b50a94d9c661c9d155404cd5,DJI_0713,scene_10_DJI_0685-0713,val,ood_test,test,0,0,0,0
DJI_0713_1_0.jpg,62e1738d764de0a8e36ce4fb988de2b1dbf67c6d6ccd2cd9172d996b87053052,DJI_0713,scene_10_DJI_0685-0713,val,ood_test,test,0,0,0,0
DJI_0713_1_1.jpg,ad83e02935b6a156606df0ee880f9069694ebb601d96ed6aa054c53d2c55d2a1,DJI_0713,scene_10_DJI_0685-0713,val,ood_test,test,3,2,1,1
DJI_0713_1_2.jpg,7c1455c710a6771b67fc7e8761e4c5957864721e08a53a42f82f9261896d240b,DJI_0713,scene_10_DJI_0685-0713,val,ood_test,test,1,1,0,1
DJI_0713_1_3.jpg,328bd8f151a842142309ee1abe88902b79c3bf88a276b4d56108e3043f224379,DJI_0713,scene_10_DJI_0685-0713,val,ood_test,test,0,0,0,0
DJI_0713_1_4.jpg,3aa1ce9356bccbdf50537a9b0e792dd8d77e7788e71414b10c336bbc11447b29,DJI_0713,scene_10_DJI_0685-0713,val,ood_test,test,0,0,0,0
